Nome;Loja;Preco;Desconto;PrecoFinal;Score;Descricao
HD - WD Blue Pro;TerabyteShop;4051.99;28;2917.43;0.96;Design moderno e otimizacao para melhor experiencia
HD - Seagate Barracuda;MagazineInfo;1786.29;4;1714.84;0.91;Construido com materiais resistentes e duraveis
HD - Toshiba XDrive;MagazineInfo;623.88;22;486.63;0.92;Desempenho superior com baixo consumo de energia
HD - Toshiba XDrive;KabumStore;1464.42;16;1230.11;0.86;Facil instalacao e suporte garantido
HD - Toshiba XDrive;AmazonTech;3819.2;10;3437.28;0.95;Oferece excelente custo-beneficio e performance
HD - Toshiba XDrive;ExtraDigital;2032.26;7;1890.0;0.93;Perfeito para setups profissionais e gamers
HD - Toshiba XDrive;MagazineInfo;304.65;30;213.25;0.89;Produto com alta compatibilidade e desempenho confiavel
HD - WD Blue Pro;TerabyteShop;2897.59;7;2694.76;0.89;Tecnologia avancada para maior velocidade e eficiencia
HD - Toshiba XDrive;FastShopTech;2805.87;28;2020.23;0.87;Perfeito para setups profissionais e gamers
HD - Toshiba XDrive;KabumStore;3741.64;5;3554.56;0.85;Alta durabilidade e garantia estendida
HD - WD Blue Pro;KabumStore;3778.48;5;3589.56;0.96;Tecnologia avancada para maior velocidade e eficiencia
HD - Seagate Barracuda;PichauOnline;4978.42;19;4032.52;0.95;Construido com materiais resistentes e duraveis
HD - Toshiba XDrive;KabumStore;365.46;19;296.02;0.95;Desempenho superior com baixo consumo de energia
HD - Toshiba XDrive;AmazonTech;56.09;16;47.12;0.98;Design moderno e otimizacao para melhor experiencia
HD - WD Blue Pro;MercadoTech;357.47;30;250.23;0.9;Tecnologia avancada para maior velocidade e eficiencia
HD - Seagate Barracuda;SubmarinoPlus;265.76;30;186.03;0.86;Tecnologia avancada para maior velocidade e eficiencia
HD - Toshiba XDrive;MercadoTech;2536.16;30;1775.31;0.93;Ideal para usuarios exigentes que buscam qualidade
HD - Seagate Barracuda;AmazonTech;2427.87;22;1893.74;0.95;Perfeito para setups profissionais e gamers
HD - Seagate Barracuda;AmazonTech;4679.75;13;4071.38;0.88;Desempenho superior com baixo consumo de energia
HD - WD Blue Pro;FastShopTech;2285.29;27;1668.26;0.94;Desempenho superior com baixo consumo de energia
HD - WD Blue Pro;FastShopTech;466.91;25;350.18;0.98;Facil instalacao e suporte garantido
HD - Toshiba XDrive;PichauOnline;4007.96;17;3326.61;0.88;Facil instalacao e suporte garantido
HD - WD Blue Pro;FastShopTech;2302.69;9;2095.45;0.98;Alta durabilidade e garantia estendida
HD - Toshiba XDrive;PichauOnline;4669.98;30;3268.99;0.97;Alta durabilidade e garantia estendida
HD - Seagate Barracuda;TerabyteShop;1079.38;0;1079.38;0.85;Produto com alta compatibilidade e desempenho confiavel
HD - Toshiba XDrive;KabumStore;1483.97;12;1305.89;0.92;Design moderno e otimizacao para melhor experiencia
HD - WD Blue Pro;TerabyteShop;3109.66;11;2767.6;0.89;Design moderno e otimizacao para melhor experiencia
HD - Toshiba XDrive;MagazineInfo;764.4;23;588.59;0.97;Tecnologia avancada para maior velocidade e eficiencia
HD - Toshiba XDrive;TerabyteShop;1054.09;19;853.81;0.96;Desempenho superior com baixo consumo de energia
HD - Toshiba XDrive;PichauOnline;2449.58;13;2131.13;0.88;Perfeito para setups profissionais e gamers
HD - WD Blue Pro;PichauOnline;3524.11;12;3101.22;0.95;Oferece excelente custo-beneficio e performance
HD - WD Blue Pro;FastShopTech;2268.89;29;1610.91;0.97;Desempenho superior com baixo consumo de energia
HD - Toshiba XDrive;FastShopTech;585.98;18;480.5;0.95;Facil instalacao e suporte garantido
HD - WD Blue Pro;PichauOnline;1464.59;4;1406.01;0.91;Tecnologia avancada para maior velocidade e eficiencia
HD - WD Blue Pro;KabumStore;1741.57;1;1724.15;0.86;Construido com materiais resistentes e duraveis
HD - Toshiba XDrive;PichauOnline;3154.37;11;2807.39;0.94;Desempenho superior com baixo consumo de energia
HD - WD Blue Pro;AmazonTech;3391.48;14;2916.67;0.95;Facil instalacao e suporte garantido
HD - Seagate Barracuda;FastShopTech;2134.37;30;1494.06;0.91;Construido com materiais resistentes e duraveis
HD - Seagate Barracuda;MagazineInfo;3748.92;16;3149.09;0.91;Desempenho superior com baixo consumo de energia
HD - Seagate Barracuda;ExtraDigital;1613.39;5;1532.72;0.96;Ideal para usuarios exigentes que buscam qualidade
HD - Toshiba XDrive;PichauOnline;3311.06;25;2483.3;0.89;Alta durabilidade e garantia estendida
HD - WD Blue Pro;PichauOnline;2695.69;20;2156.55;0.89;Alta durabilidade e garantia estendida
HD - Seagate Barracuda;SubmarinoPlus;3874.86;27;2828.65;0.86;Facil instalacao e suporte garantido
HD - WD Blue Pro;MagazineInfo;189.03;0;189.03;0.9;Ideal para usuarios exigentes que buscam qualidade
HD - Seagate Barracuda;AmazonTech;3480.87;14;2993.55;0.87;Alta durabilidade e garantia estendida
HD - WD Blue Pro;SubmarinoPlus;2878.63;13;2504.41;0.98;Facil instalacao e suporte garantido
HD - Seagate Barracuda;SubmarinoPlus;1779.01;8;1636.69;0.97;Alta durabilidade e garantia estendida
HD - Seagate Barracuda;FastShopTech;2114.57;3;2051.13;0.97;Construido com materiais resistentes e duraveis
HD - WD Blue Pro;TerabyteShop;3354.97;5;3187.22;0.9;Tecnologia avancada para maior velocidade e eficiencia
HD - Seagate Barracuda;FastShopTech;2893.95;25;2170.46;0.92;Ideal para usuarios exigentes que buscam qualidade
HD - Seagate Barracuda;TerabyteShop;3771.34;28;2715.36;0.97;Ideal para usuarios exigentes que buscam qualidade
HD - Seagate Barracuda;KabumStore;1444.34;10;1299.91;0.91;Tecnologia avancada para maior velocidade e eficiencia
HD - Seagate Barracuda;PichauOnline;4911.51;12;4322.13;0.96;Design moderno e otimizacao para melhor experiencia
HD - Seagate Barracuda;AmazonTech;1303.47;18;1068.85;0.89;Alta durabilidade e garantia estendida
HD - Toshiba XDrive;KabumStore;2195.0;3;2129.15;0.95;Construido com materiais resistentes e duraveis
HD - WD Blue Pro;SubmarinoPlus;4955.11;4;4756.91;0.95;Desempenho superior com baixo consumo de energia
HD - WD Blue Pro;MagazineInfo;343.88;5;326.69;0.93;Design moderno e otimizacao para melhor experiencia
HD - Seagate Barracuda;KabumStore;406.92;17;337.74;0.97;Perfeito para setups profissionais e gamers
HD - Toshiba XDrive;MercadoTech;2746.36;14;2361.87;0.89;Tecnologia avancada para maior velocidade e eficiencia
HD - WD Blue Pro;SubmarinoPlus;2209.43;12;1944.3;0.91;Produto com alta compatibilidade e desempenho confiavel
HD - Toshiba XDrive;SubmarinoPlus;2102.34;4;2018.25;0.94;Alta durabilidade e garantia estendida
HD - WD Blue Pro;FastShopTech;2716.46;28;1955.85;0.97;Oferece excelente custo-beneficio e performance
HD - Seagate Barracuda;MercadoTech;2761.13;21;2181.29;0.89;Tecnologia avancada para maior velocidade e eficiencia
HD - WD Blue Pro;FastShopTech;1036.42;21;818.77;0.9;Design moderno e otimizacao para melhor experiencia
HD - Toshiba XDrive;MagazineInfo;4717.45;1;4670.28;0.94;Tecnologia avancada para maior velocidade e eficiencia
HD - Seagate Barracuda;KabumStore;3390.55;27;2475.1;0.98;Ideal para usuarios exigentes que buscam qualidade
HD - Toshiba XDrive;AmericanasDigital;3915.71;10;3524.14;0.89;Construido com materiais resistentes e duraveis
HD - Seagate Barracuda;MagazineInfo;2258.25;24;1716.27;0.93;Alta durabilidade e garantia estendida
HD - Toshiba XDrive;SubmarinoPlus;167.56;22;130.7;0.95;Alta durabilidade e garantia estendida
HD - Toshiba XDrive;AmazonTech;383.28;23;295.13;0.96;Facil instalacao e suporte garantido
HD - Toshiba XDrive;KabumStore;602.48;13;524.16;0.9;Construido com materiais resistentes e duraveis
HD - WD Blue Pro;SubmarinoPlus;3551.84;17;2948.03;0.95;Ideal para usuarios exigentes que buscam qualidade
HD - WD Blue Pro;SubmarinoPlus;3438.51;14;2957.12;0.94;Perfeito para setups profissionais e gamers
HD - Toshiba XDrive;PichauOnline;4900.52;7;4557.48;0.94;Facil instalacao e suporte garantido
HD - WD Blue Pro;MagazineInfo;759.26;22;592.22;0.85;Construido com materiais resistentes e duraveis
HD - Seagate Barracuda;MercadoTech;3772.53;18;3093.47;0.97;Produto com alta compatibilidade e desempenho confiavel
HD - Toshiba XDrive;MagazineInfo;3111.81;20;2489.45;0.98;Construido com materiais resistentes e duraveis
HD - Toshiba XDrive;KabumStore;4782.65;30;3347.85;0.9;Produto com alta compatibilidade e desempenho confiavel
HD - Seagate Barracuda;KabumStore;4993.06;24;3794.73;0.88;Design moderno e otimizacao para melhor experiencia
HD - Toshiba XDrive;AmericanasDigital;3794.46;11;3377.07;0.86;Oferece excelente custo-beneficio e performance
HD - WD Blue Pro;FastShopTech;786.11;10;707.5;0.95;Design moderno e otimizacao para melhor experiencia
HD - Toshiba XDrive;AmazonTech;3047.34;20;2437.87;0.96;Produto com alta compatibilidade e desempenho confiavel
HD - Seagate Barracuda;FastShopTech;2725.76;23;2098.84;0.9;Oferece excelente custo-beneficio e performance
HD - Toshiba XDrive;SubmarinoPlus;575.04;28;414.03;0.93;Construido com materiais resistentes e duraveis
HD - WD Blue Pro;SubmarinoPlus;2936.62;1;2907.25;0.88;Oferece excelente custo-beneficio e performance
HD - Seagate Barracuda;MagazineInfo;52.01;23;40.05;0.87;Construido com materiais resistentes e duraveis
HD - WD Blue Pro;PichauOnline;284.0;11;252.76;0.87;Desempenho superior com baixo consumo de energia
HD - Toshiba XDrive;TerabyteShop;4318.56;28;3109.36;0.98;Tecnologia avancada para maior velocidade e eficiencia
HD - Toshiba XDrive;SubmarinoPlus;1117.43;16;938.64;0.9;Construido com materiais resistentes e duraveis
HD - Seagate Barracuda;AmazonTech;3627.17;4;3482.08;0.85;Perfeito para setups profissionais e gamers
HD - Seagate Barracuda;SubmarinoPlus;2375.98;12;2090.86;0.99;Produto com alta compatibilidade e desempenho confiavel
HD - Toshiba XDrive;AmazonTech;3462.73;11;3081.83;0.88;Alta durabilidade e garantia estendida
HD - WD Blue Pro;KabumStore;938.96;17;779.34;0.85;Tecnologia avancada para maior velocidade e eficiencia
HD - Toshiba XDrive;MercadoTech;1239.3;3;1202.12;0.96;Construido com materiais resistentes e duraveis
HD - WD Blue Pro;MercadoTech;4650.82;21;3674.15;0.95;Desempenho superior com baixo consumo de energia
HD - WD Blue Pro;SubmarinoPlus;4174.03;28;3005.3;0.88;Desempenho superior com baixo consumo de energia
HD - Toshiba XDrive;AmazonTech;2262.33;11;2013.47;0.96;Oferece excelente custo-beneficio e performance
HD - Toshiba XDrive;TerabyteShop;678.96;19;549.96;0.91;Alta durabilidade e garantia estendida
HD - WD Blue Pro;SubmarinoPlus;2843.61;30;1990.53;0.86;Facil instalacao e suporte garantido
HD - WD Blue Pro;AmazonTech;256.83;0;256.83;0.92;Tecnologia avancada para maior velocidade e eficiencia
HD - Toshiba XDrive;MercadoTech;1302.67;21;1029.11;0.87;Facil instalacao e suporte garantido
HD - Seagate Barracuda;MagazineInfo;2418.97;13;2104.5;0.95;Oferece excelente custo-beneficio e performance
HD - Seagate Barracuda;TerabyteShop;973.0;12;856.24;0.87;Tecnologia avancada para maior velocidade e eficiencia
HD - Seagate Barracuda;SubmarinoPlus;2569.44;8;2363.88;0.95;Perfeito para setups profissionais e gamers
HD - WD Blue Pro;FastShopTech;296.95;3;288.04;0.85;Ideal para usuarios exigentes que buscam qualidade
HD - Toshiba XDrive;AmazonTech;2004.89;10;1804.4;0.9;Facil instalacao e suporte garantido
HD - WD Blue Pro;ExtraDigital;1741.86;26;1288.98;0.85;Design moderno e otimizacao para melhor experiencia
HD - Seagate Barracuda;ExtraDigital;3092.11;24;2350.0;0.86;Produto com alta compatibilidade e desempenho confiavel
HD - Seagate Barracuda;TerabyteShop;3732.47;13;3247.25;0.97;Ideal para usuarios exigentes que buscam qualidade
HD - Toshiba XDrive;AmericanasDigital;3261.09;12;2869.76;0.89;Alta durabilidade e garantia estendida
HD - Toshiba XDrive;ExtraDigital;4621.25;26;3419.72;0.96;Alta durabilidade e garantia estendida
HD - Seagate Barracuda;MercadoTech;3960.13;20;3168.1;0.87;Ideal para usuarios exigentes que buscam qualidade
HD - Seagate Barracuda;PichauOnline;4751.41;2;4656.38;0.88;Desempenho superior com baixo consumo de energia
HD - Toshiba XDrive;TerabyteShop;3627.54;29;2575.55;0.89;Oferece excelente custo-beneficio e performance
HD - Toshiba XDrive;MagazineInfo;3666.98;20;2933.58;0.94;Alta durabilidade e garantia estendida
HD - WD Blue Pro;MercadoTech;4355.67;21;3440.98;0.98;Facil instalacao e suporte garantido
HD - WD Blue Pro;PichauOnline;772.73;7;718.64;0.93;Perfeito para setups profissionais e gamers
HD - Toshiba XDrive;TerabyteShop;3314.78;25;2486.09;0.97;Construido com materiais resistentes e duraveis
HD - Toshiba XDrive;SubmarinoPlus;2490.5;29;1768.25;0.88;Tecnologia avancada para maior velocidade e eficiencia
HD - Seagate Barracuda;SubmarinoPlus;1974.56;0;1974.56;0.87;Desempenho superior com baixo consumo de energia
HD - Toshiba XDrive;PichauOnline;4974.6;27;3631.46;0.87;Produto com alta compatibilidade e desempenho confiavel
HD - WD Blue Pro;AmericanasDigital;1264.43;27;923.03;0.96;Facil instalacao e suporte garantido
HD - Seagate Barracuda;SubmarinoPlus;2511.17;15;2134.49;0.96;Produto com alta compatibilidade e desempenho confiavel
HD - Seagate Barracuda;TerabyteShop;3957.97;9;3601.75;0.89;Alta durabilidade e garantia estendida
HD - Seagate Barracuda;SubmarinoPlus;4997.71;1;4947.73;0.92;Construido com materiais resistentes e duraveis
HD - Seagate Barracuda;KabumStore;2570.63;29;1825.15;0.87;Ideal para usuarios exigentes que buscam qualidade
HD - WD Blue Pro;TerabyteShop;1309.07;13;1138.89;0.86;Construido com materiais resistentes e duraveis
HD - Toshiba XDrive;TerabyteShop;1220.02;24;927.22;0.98;Produto com alta compatibilidade e desempenho confiavel
HD - Seagate Barracuda;TerabyteShop;4914.53;22;3833.33;0.88;Oferece excelente custo-beneficio e performance
HD - WD Blue Pro;ExtraDigital;2409.04;3;2336.77;0.87;Produto com alta compatibilidade e desempenho confiavel
HD - Toshiba XDrive;SubmarinoPlus;3436.87;0;3436.87;0.95;Oferece excelente custo-beneficio e performance
HD - Seagate Barracuda;TerabyteShop;1349.73;22;1052.79;0.97;Tecnologia avancada para maior velocidade e eficiencia
HD - Toshiba XDrive;AmericanasDigital;2293.44;27;1674.21;0.89;Produto com alta compatibilidade e desempenho confiavel
HD - WD Blue Pro;AmazonTech;2776.12;13;2415.22;0.93;Construido com materiais resistentes e duraveis
HD - Toshiba XDrive;FastShopTech;2481.73;26;1836.48;0.87;Design moderno e otimizacao para melhor experiencia
HD - Seagate Barracuda;SubmarinoPlus;741.01;7;689.14;0.89;Oferece excelente custo-beneficio e performance
HD - Seagate Barracuda;PichauOnline;4806.05;0;4806.05;0.87;Desempenho superior com baixo consumo de energia
HD - Seagate Barracuda;MercadoTech;4977.56;22;3882.5;0.92;Design moderno e otimizacao para melhor experiencia
HD - WD Blue Pro;MercadoTech;4873.92;6;4581.48;0.97;Design moderno e otimizacao para melhor experiencia
HD - Seagate Barracuda;ExtraDigital;928.78;3;900.92;0.97;Facil instalacao e suporte garantido
HD - WD Blue Pro;AmericanasDigital;2027.66;19;1642.4;0.93;Facil instalacao e suporte garantido
HD - Toshiba XDrive;AmericanasDigital;1075.74;24;817.56;0.92;Construido com materiais resistentes e duraveis
HD - WD Blue Pro;MercadoTech;3727.47;11;3317.45;0.92;Tecnologia avancada para maior velocidade e eficiencia
HD - Seagate Barracuda;KabumStore;1624.13;8;1494.2;0.97;Desempenho superior com baixo consumo de energia
HD - Toshiba XDrive;FastShopTech;1366.25;24;1038.35;0.9;Design moderno e otimizacao para melhor experiencia
HD - Seagate Barracuda;AmericanasDigital;2457.08;5;2334.23;0.88;Design moderno e otimizacao para melhor experiencia
HD - Toshiba XDrive;MagazineInfo;882.96;9;803.49;0.97;Facil instalacao e suporte garantido
HD - WD Blue Pro;MagazineInfo;4696.58;16;3945.13;0.94;Construido com materiais resistentes e duraveis
HD - Toshiba XDrive;PichauOnline;1315.37;24;999.68;0.96;Perfeito para setups profissionais e gamers
HD - Seagate Barracuda;ExtraDigital;3865.88;21;3054.05;0.9;Produto com alta compatibilidade e desempenho confiavel
HD - Toshiba XDrive;AmericanasDigital;2170.93;18;1780.16;0.97;Desempenho superior com baixo consumo de energia
HD - Toshiba XDrive;AmericanasDigital;1420.04;4;1363.24;0.96;Perfeito para setups profissionais e gamers
HD - Toshiba XDrive;ExtraDigital;3207.57;5;3047.19;0.99;Construido com materiais resistentes e duraveis
HD - Seagate Barracuda;PichauOnline;2363.04;29;1677.76;0.92;Alta durabilidade e garantia estendida
HD - WD Blue Pro;TerabyteShop;3784.36;9;3443.77;0.94;Facil instalacao e suporte garantido
HD - Seagate Barracuda;TerabyteShop;2224.78;5;2113.54;0.86;Alta durabilidade e garantia estendida
HD - Seagate Barracuda;SubmarinoPlus;726.5;23;559.4;0.89;Design moderno e otimizacao para melhor experiencia
HD - WD Blue Pro;PichauOnline;571.39;25;428.54;0.94;Facil instalacao e suporte garantido
HD - Seagate Barracuda;TerabyteShop;1833.21;2;1796.55;0.94;Construido com materiais resistentes e duraveis
HD - WD Blue Pro;AmericanasDigital;3553.49;14;3056.0;0.96;Produto com alta compatibilidade e desempenho confiavel
HD - WD Blue Pro;MercadoTech;3385.4;18;2776.03;0.94;Desempenho superior com baixo consumo de energia
HD - Toshiba XDrive;KabumStore;339.99;27;248.19;0.98;Construido com materiais resistentes e duraveis
HD - Toshiba XDrive;AmericanasDigital;2405.12;19;1948.15;0.89;Perfeito para setups profissionais e gamers
HD - WD Blue Pro;AmericanasDigital;1305.07;30;913.55;0.86;Perfeito para setups profissionais e gamers
HD - WD Blue Pro;ExtraDigital;813.43;12;715.82;0.92;Ideal para usuarios exigentes que buscam qualidade
HD - Seagate Barracuda;TerabyteShop;1816.61;3;1762.11;0.85;Tecnologia avancada para maior velocidade e eficiencia
HD - Seagate Barracuda;MagazineInfo;4826.84;17;4006.28;0.86;Alta durabilidade e garantia estendida
HD - Toshiba XDrive;MagazineInfo;1339.62;4;1286.04;0.93;Alta durabilidade e garantia estendida
HD - Toshiba XDrive;MagazineInfo;1275.87;14;1097.25;0.97;Design moderno e otimizacao para melhor experiencia
HD - Toshiba XDrive;AmazonTech;727.73;27;531.24;0.87;Oferece excelente custo-beneficio e performance
HD - Toshiba XDrive;ExtraDigital;531.02;23;408.89;0.95;Facil instalacao e suporte garantido
HD - Toshiba XDrive;MercadoTech;979.42;19;793.33;0.87;Desempenho superior com baixo consumo de energia
HD - Toshiba XDrive;MagazineInfo;4715.63;22;3678.19;0.93;Perfeito para setups profissionais e gamers
HD - Toshiba XDrive;FastShopTech;3068.59;13;2669.67;0.91;Facil instalacao e suporte garantido
HD - Toshiba XDrive;KabumStore;3638.51;4;3492.97;0.94;Construido com materiais resistentes e duraveis
HD - Seagate Barracuda;AmericanasDigital;2267.68;9;2063.59;0.86;Tecnologia avancada para maior velocidade e eficiencia
HD - Seagate Barracuda;AmazonTech;2104.93;2;2062.83;0.88;Perfeito para setups profissionais e gamers
HD - Seagate Barracuda;ExtraDigital;824.33;1;816.09;0.99;Construido com materiais resistentes e duraveis
HD - Toshiba XDrive;FastShopTech;1956.23;4;1877.98;0.87;Construido com materiais resistentes e duraveis
HD - Seagate Barracuda;AmericanasDigital;1104.24;14;949.65;0.87;Facil instalacao e suporte garantido
HD - Toshiba XDrive;KabumStore;3067.0;13;2668.29;0.92;Ideal para usuarios exigentes que buscam qualidade
HD - Toshiba XDrive;FastShopTech;4416.01;28;3179.53;0.9;Produto com alta compatibilidade e desempenho confiavel
HD - Seagate Barracuda;FastShopTech;1426.35;17;1183.87;0.87;Perfeito para setups profissionais e gamers
HD - Toshiba XDrive;TerabyteShop;3187.53;24;2422.52;0.9;Perfeito para setups profissionais e gamers
HD - Toshiba XDrive;ExtraDigital;2805.24;2;2749.14;0.9;Tecnologia avancada para maior velocidade e eficiencia
HD - WD Blue Pro;AmazonTech;4786.03;14;4115.99;0.92;Ideal para usuarios exigentes que buscam qualidade
HD - WD Blue Pro;AmazonTech;170.96;4;164.12;0.85;Facil instalacao e suporte garantido
HD - Seagate Barracuda;SubmarinoPlus;3746.58;21;2959.8;0.96;Oferece excelente custo-beneficio e performance
HD - Toshiba XDrive;AmericanasDigital;3372.1;7;3136.05;0.87;Construido com materiais resistentes e duraveis
HD - Toshiba XDrive;AmazonTech;830.39;7;772.26;0.85;Ideal para usuarios exigentes que buscam qualidade
HD - Seagate Barracuda;MagazineInfo;4548.15;9;4138.82;0.96;Tecnologia avancada para maior velocidade e eficiencia
HD - Toshiba XDrive;FastShopTech;3634.47;3;3525.44;0.96;Desempenho superior com baixo consumo de energia
HD - Toshiba XDrive;ExtraDigital;1952.36;26;1444.75;0.91;Ideal para usuarios exigentes que buscam qualidade
HD - Seagate Barracuda;TerabyteShop;926.89;10;834.2;0.94;Ideal para usuarios exigentes que buscam qualidade
HD - WD Blue Pro;TerabyteShop;2925.99;5;2779.69;0.92;Perfeito para setups profissionais e gamers
HD - WD Blue Pro;PichauOnline;4475.08;4;4296.08;0.91;Facil instalacao e suporte garantido
HD - Toshiba XDrive;SubmarinoPlus;473.43;22;369.28;0.88;Produto com alta compatibilidade e desempenho confiavel
HD - Seagate Barracuda;AmericanasDigital;2674.92;20;2139.94;0.95;Desempenho superior com baixo consumo de energia
HD - Seagate Barracuda;PichauOnline;2033.88;5;1932.19;0.9;Facil instalacao e suporte garantido
HD - Seagate Barracuda;TerabyteShop;4803.77;11;4275.36;0.91;Alta durabilidade e garantia estendida
SSD - Kingston Fury;SubmarinoPlus;2286.66;25;1714.99;0.86;Desempenho superior com baixo consumo de energia
SSD - Kingston Fury;FastShopTech;3683.5;2;3609.83;0.87;Alta durabilidade e garantia estendida
SSD - Kingston Fury;PichauOnline;3385.5;14;2911.53;0.97;Oferece excelente custo-beneficio e performance
SSD - Kingston Fury;MagazineInfo;2221.08;7;2065.6;0.92;Oferece excelente custo-beneficio e performance
SSD - Crucial MX;ExtraDigital;4892.62;23;3767.32;0.92;Design moderno e otimizacao para melhor experiencia
SSD - Kingston Fury;FastShopTech;3583.95;17;2974.68;0.94;Design moderno e otimizacao para melhor experiencia
SSD - Samsung Evo Plus;SubmarinoPlus;1260.66;29;895.07;0.97;Design moderno e otimizacao para melhor experiencia
SSD - Crucial MX;FastShopTech;1420.5;15;1207.42;0.98;Alta durabilidade e garantia estendida
SSD - Samsung Evo Plus;ExtraDigital;3681.21;19;2981.78;0.89;Oferece excelente custo-beneficio e performance
SSD - Kingston Fury;MercadoTech;1722.94;23;1326.66;0.89;Design moderno e otimizacao para melhor experiencia
SSD - Kingston Fury;FastShopTech;1279.73;1;1266.93;0.98;Alta durabilidade e garantia estendida
SSD - Samsung Evo Plus;AmazonTech;1079.17;14;928.09;0.97;Tecnologia avancada para maior velocidade e eficiencia
SSD - Kingston Fury;ExtraDigital;1813.71;23;1396.56;0.88;Alta durabilidade e garantia estendida
SSD - Samsung Evo Plus;TerabyteShop;2328.68;6;2188.96;0.96;Construido com materiais resistentes e duraveis
SSD - Samsung Evo Plus;SubmarinoPlus;3298.75;20;2639.0;0.87;Perfeito para setups profissionais e gamers
SSD - Samsung Evo Plus;FastShopTech;243.3;8;223.84;0.95;Facil instalacao e suporte garantido
SSD - Kingston Fury;AmazonTech;1419.45;22;1107.17;0.89;Design moderno e otimizacao para melhor experiencia
SSD - Crucial MX;KabumStore;3730.41;23;2872.42;0.93;Facil instalacao e suporte garantido
SSD - Samsung Evo Plus;ExtraDigital;895.0;6;841.3;0.93;Oferece excelente custo-beneficio e performance
SSD - Samsung Evo Plus;PichauOnline;737.95;23;568.22;0.93;Alta durabilidade e garantia estendida
SSD - Crucial MX;FastShopTech;3849.52;15;3272.09;0.91;Produto com alta compatibilidade e desempenho confiavel
SSD - Samsung Evo Plus;SubmarinoPlus;1400.19;20;1120.15;0.92;Design moderno e otimizacao para melhor experiencia
SSD - Crucial MX;ExtraDigital;2192.47;5;2082.85;0.98;Facil instalacao e suporte garantido
SSD - Crucial MX;SubmarinoPlus;2347.22;23;1807.36;0.91;Perfeito para setups profissionais e gamers
SSD - Samsung Evo Plus;AmericanasDigital;1952.21;29;1386.07;0.92;Ideal para usuarios exigentes que buscam qualidade
SSD - Crucial MX;MagazineInfo;4357.97;28;3137.74;0.87;Oferece excelente custo-beneficio e performance
SSD - Kingston Fury;ExtraDigital;4902.9;21;3873.29;0.97;Design moderno e otimizacao para melhor experiencia
SSD - Samsung Evo Plus;AmazonTech;654.7;7;608.87;0.97;Perfeito para setups profissionais e gamers
SSD - Kingston Fury;AmericanasDigital;2014.67;12;1772.91;0.98;Construido com materiais resistentes e duraveis
SSD - Samsung Evo Plus;MercadoTech;535.31;27;390.78;0.92;Produto com alta compatibilidade e desempenho confiavel
SSD - Kingston Fury;MercadoTech;718.97;25;539.23;0.94;Desempenho superior com baixo consumo de energia
SSD - Kingston Fury;PichauOnline;3338.63;30;2337.04;0.94;Construido com materiais resistentes e duraveis
SSD - Samsung Evo Plus;PichauOnline;3645.93;6;3427.17;0.9;Facil instalacao e suporte garantido
SSD - Crucial MX;KabumStore;4304.34;17;3572.6;0.9;Tecnologia avancada para maior velocidade e eficiencia
SSD - Kingston Fury;PichauOnline;1313.58;11;1169.09;0.89;Perfeito para setups profissionais e gamers
SSD - Crucial MX;KabumStore;3766.67;11;3352.34;0.86;Perfeito para setups profissionais e gamers
SSD - Kingston Fury;ExtraDigital;2129.71;21;1682.47;0.9;Facil instalacao e suporte garantido
SSD - Kingston Fury;AmericanasDigital;4203.87;21;3321.06;0.94;Construido com materiais resistentes e duraveis
SSD - Samsung Evo Plus;FastShopTech;3646.84;13;3172.75;0.91;Ideal para usuarios exigentes que buscam qualidade
SSD - Kingston Fury;MercadoTech;2655.68;17;2204.21;0.95;Facil instalacao e suporte garantido
SSD - Samsung Evo Plus;MagazineInfo;900.71;29;639.5;0.92;Ideal para usuarios exigentes que buscam qualidade
SSD - Kingston Fury;SubmarinoPlus;3522.96;21;2783.14;0.88;Alta durabilidade e garantia estendida
SSD - Kingston Fury;TerabyteShop;1883.31;29;1337.15;0.88;Facil instalacao e suporte garantido
SSD - Crucial MX;KabumStore;4156.3;3;4031.61;0.91;Desempenho superior com baixo consumo de energia
SSD - Samsung Evo Plus;MercadoTech;4228.59;10;3805.73;0.97;Perfeito para setups profissionais e gamers
SSD - Kingston Fury;ExtraDigital;2402.09;24;1825.59;0.98;Ideal para usuarios exigentes que buscam qualidade
SSD - Kingston Fury;SubmarinoPlus;178.73;5;169.79;0.94;Facil instalacao e suporte garantido
SSD - Samsung Evo Plus;AmazonTech;605.28;25;453.96;0.95;Produto com alta compatibilidade e desempenho confiavel
SSD - Samsung Evo Plus;SubmarinoPlus;3115.24;16;2616.8;0.87;Construido com materiais resistentes e duraveis
SSD - Samsung Evo Plus;PichauOnline;4625.28;0;4625.28;0.98;Construido com materiais resistentes e duraveis
SSD - Crucial MX;MercadoTech;553.03;18;453.48;0.89;Produto com alta compatibilidade e desempenho confiavel
SSD - Crucial MX;AmazonTech;1731.58;19;1402.58;0.87;Oferece excelente custo-beneficio e performance
SSD - Crucial MX;AmericanasDigital;3613.06;27;2637.53;0.97;Alta durabilidade e garantia estendida
SSD - Crucial MX;MercadoTech;3158.55;29;2242.57;0.92;Ideal para usuarios exigentes que buscam qualidade
SSD - Kingston Fury;SubmarinoPlus;525.21;17;435.92;0.86;Desempenho superior com baixo consumo de energia
SSD - Samsung Evo Plus;ExtraDigital;392.61;5;372.98;0.96;Desempenho superior com baixo consumo de energia
SSD - Crucial MX;AmericanasDigital;2216.28;30;1551.4;0.91;Design moderno e otimizacao para melhor experiencia
SSD - Kingston Fury;AmericanasDigital;1703.84;24;1294.92;0.91;Facil instalacao e suporte garantido
SSD - Kingston Fury;TerabyteShop;3951.61;6;3714.51;0.97;Ideal para usuarios exigentes que buscam qualidade
SSD - Crucial MX;AmericanasDigital;1176.57;23;905.96;0.9;Design moderno e otimizacao para melhor experiencia
SSD - Samsung Evo Plus;PichauOnline;876.03;18;718.34;0.87;Facil instalacao e suporte garantido
SSD - Crucial MX;AmazonTech;1618.67;19;1311.12;0.97;Oferece excelente custo-beneficio e performance
SSD - Kingston Fury;PichauOnline;1747.47;10;1572.72;0.88;Desempenho superior com baixo consumo de energia
SSD - Kingston Fury;PichauOnline;1771.62;20;1417.3;0.91;Construido com materiais resistentes e duraveis
SSD - Kingston Fury;AmericanasDigital;428.6;19;347.17;0.93;Produto com alta compatibilidade e desempenho confiavel
SSD - Crucial MX;MagazineInfo;1395.28;2;1367.37;0.89;Ideal para usuarios exigentes que buscam qualidade
SSD - Crucial MX;PichauOnline;1038.4;7;965.71;0.87;Alta durabilidade e garantia estendida
SSD - Samsung Evo Plus;FastShopTech;4677.41;3;4537.09;0.87;Perfeito para setups profissionais e gamers
SSD - Kingston Fury;AmazonTech;2774.78;30;1942.35;0.86;Facil instalacao e suporte garantido
SSD - Samsung Evo Plus;FastShopTech;3878.69;1;3839.9;0.87;Alta durabilidade e garantia estendida
SSD - Crucial MX;KabumStore;1690.9;23;1301.99;0.97;Oferece excelente custo-beneficio e performance
SSD - Crucial MX;MagazineInfo;4603.05;14;3958.62;0.94;Ideal para usuarios exigentes que buscam qualidade
SSD - Crucial MX;ExtraDigital;2623.8;25;1967.85;0.93;Alta durabilidade e garantia estendida
SSD - Crucial MX;FastShopTech;1238.84;14;1065.4;0.97;Facil instalacao e suporte garantido
SSD - Kingston Fury;FastShopTech;2443.47;10;2199.12;0.88;Design moderno e otimizacao para melhor experiencia
SSD - Samsung Evo Plus;KabumStore;2069.03;21;1634.53;0.91;Produto com alta compatibilidade e desempenho confiavel
SSD - Crucial MX;TerabyteShop;1355.32;16;1138.47;0.97;Perfeito para setups profissionais e gamers
SSD - Kingston Fury;MercadoTech;3409.45;7;3170.79;0.92;Tecnologia avancada para maior velocidade e eficiencia
SSD - Crucial MX;PichauOnline;3204.33;15;2723.68;0.85;Design moderno e otimizacao para melhor experiencia
SSD - Samsung Evo Plus;TerabyteShop;2881.99;5;2737.89;0.9;Facil instalacao e suporte garantido
SSD - Samsung Evo Plus;TerabyteShop;758.68;0;758.68;0.99;Oferece excelente custo-beneficio e performance
SSD - Crucial MX;ExtraDigital;872.53;14;750.38;0.99;Alta durabilidade e garantia estendida
SSD - Kingston Fury;AmericanasDigital;2688.13;22;2096.74;0.94;Design moderno e otimizacao para melhor experiencia
SSD - Crucial MX;KabumStore;1561.8;0;1561.8;0.95;Facil instalacao e suporte garantido
SSD - Samsung Evo Plus;SubmarinoPlus;2633.39;15;2238.38;0.92;Facil instalacao e suporte garantido
SSD - Crucial MX;MagazineInfo;3879.82;24;2948.66;0.98;Ideal para usuarios exigentes que buscam qualidade
SSD - Crucial MX;MagazineInfo;4499.19;12;3959.29;0.87;Desempenho superior com baixo consumo de energia
SSD - Kingston Fury;PichauOnline;2918.13;4;2801.4;0.9;Desempenho superior com baixo consumo de energia
SSD - Crucial MX;AmericanasDigital;456.1;26;337.51;0.93;Desempenho superior com baixo consumo de energia
SSD - Samsung Evo Plus;MagazineInfo;2050.61;18;1681.5;0.88;Desempenho superior com baixo consumo de energia
SSD - Crucial MX;ExtraDigital;4453.3;24;3384.51;0.98;Oferece excelente custo-beneficio e performance
SSD - Crucial MX;MercadoTech;1361.19;21;1075.34;0.97;Alta durabilidade e garantia estendida
SSD - Crucial MX;ExtraDigital;2162.24;4;2075.75;0.86;Produto com alta compatibilidade e desempenho confiavel
SSD - Crucial MX;AmericanasDigital;3184.69;18;2611.45;0.9;Tecnologia avancada para maior velocidade e eficiencia
SSD - Kingston Fury;PichauOnline;4517.8;27;3297.99;0.96;Ideal para usuarios exigentes que buscam qualidade
SSD - Kingston Fury;SubmarinoPlus;1930.68;20;1544.54;0.89;Construido com materiais resistentes e duraveis
SSD - Crucial MX;MercadoTech;3721.92;10;3349.73;0.92;Construido com materiais resistentes e duraveis
SSD - Samsung Evo Plus;MercadoTech;4938.7;14;4247.28;0.88;Construido com materiais resistentes e duraveis
SSD - Kingston Fury;MagazineInfo;3273.42;8;3011.55;0.86;Oferece excelente custo-beneficio e performance
SSD - Samsung Evo Plus;AmazonTech;2785.78;18;2284.34;0.93;Oferece excelente custo-beneficio e performance
SSD - Samsung Evo Plus;FastShopTech;929.73;30;650.81;0.89;Desempenho superior com baixo consumo de energia
SSD - Kingston Fury;TerabyteShop;3539.01;23;2725.04;0.87;Perfeito para setups profissionais e gamers
SSD - Crucial MX;AmericanasDigital;788.43;7;733.24;0.9;Alta durabilidade e garantia estendida
SSD - Samsung Evo Plus;PichauOnline;4920.2;23;3788.55;0.87;Tecnologia avancada para maior velocidade e eficiencia
SSD - Kingston Fury;MercadoTech;1939.7;30;1357.79;0.89;Produto com alta compatibilidade e desempenho confiavel
SSD - Crucial MX;SubmarinoPlus;3866.07;19;3131.52;0.96;Ideal para usuarios exigentes que buscam qualidade
SSD - Kingston Fury;PichauOnline;4276.91;10;3849.22;0.93;Produto com alta compatibilidade e desempenho confiavel
SSD - Samsung Evo Plus;FastShopTech;4553.06;22;3551.39;0.86;Perfeito para setups profissionais e gamers
SSD - Kingston Fury;MercadoTech;2746.02;23;2114.44;0.87;Facil instalacao e suporte garantido
SSD - Samsung Evo Plus;ExtraDigital;2343.37;28;1687.23;0.97;Facil instalacao e suporte garantido
SSD - Samsung Evo Plus;KabumStore;4802.24;23;3697.72;0.98;Construido com materiais resistentes e duraveis
SSD - Kingston Fury;AmazonTech;996.76;22;777.47;0.95;Ideal para usuarios exigentes que buscam qualidade
SSD - Samsung Evo Plus;ExtraDigital;1046.48;7;973.23;0.92;Construido com materiais resistentes e duraveis
SSD - Samsung Evo Plus;MagazineInfo;1952.64;4;1874.53;0.91;Construido com materiais resistentes e duraveis
SSD - Crucial MX;AmazonTech;573.91;7;533.74;0.96;Produto com alta compatibilidade e desempenho confiavel
SSD - Kingston Fury;MagazineInfo;4339.76;27;3168.02;0.95;Facil instalacao e suporte garantido
SSD - Crucial MX;MagazineInfo;3968.12;24;3015.77;0.94;Tecnologia avancada para maior velocidade e eficiencia
SSD - Samsung Evo Plus;MagazineInfo;2527.74;9;2300.24;0.85;Design moderno e otimizacao para melhor experiencia
SSD - Samsung Evo Plus;MagazineInfo;4070.24;16;3419.0;0.87;Desempenho superior com baixo consumo de energia
SSD - Samsung Evo Plus;KabumStore;999.16;23;769.35;0.86;Construido com materiais resistentes e duraveis
SSD - Kingston Fury;MagazineInfo;1961.11;25;1470.83;0.96;Construido com materiais resistentes e duraveis
SSD - Samsung Evo Plus;PichauOnline;130.86;9;119.08;0.92;Alta durabilidade e garantia estendida
SSD - Samsung Evo Plus;FastShopTech;477.07;23;367.34;0.91;Facil instalacao e suporte garantido
SSD - Kingston Fury;MercadoTech;4034.71;4;3873.32;0.98;Construido com materiais resistentes e duraveis
SSD - Kingston Fury;MagazineInfo;977.05;9;889.12;0.88;Oferece excelente custo-beneficio e performance
SSD - Crucial MX;PichauOnline;3850.14;14;3311.12;0.92;Desempenho superior com baixo consumo de energia
SSD - Samsung Evo Plus;MercadoTech;680.65;2;667.04;0.9;Alta durabilidade e garantia estendida
SSD - Kingston Fury;ExtraDigital;3060.51;17;2540.22;0.9;Desempenho superior com baixo consumo de energia
SSD - Kingston Fury;SubmarinoPlus;4145.74;13;3606.79;0.88;Design moderno e otimizacao para melhor experiencia
SSD - Crucial MX;AmericanasDigital;2357.73;27;1721.14;0.9;Produto com alta compatibilidade e desempenho confiavel
SSD - Samsung Evo Plus;TerabyteShop;3406.27;18;2793.14;0.88;Facil instalacao e suporte garantido
SSD - Crucial MX;AmazonTech;1565.29;25;1173.97;0.95;Facil instalacao e suporte garantido
SSD - Kingston Fury;AmazonTech;603.43;2;591.36;0.94;Facil instalacao e suporte garantido
SSD - Kingston Fury;MercadoTech;1191.7;22;929.53;0.96;Tecnologia avancada para maior velocidade e eficiencia
SSD - Samsung Evo Plus;TerabyteShop;2821.41;15;2398.2;0.86;Desempenho superior com baixo consumo de energia
SSD - Samsung Evo Plus;FastShopTech;4693.64;0;4693.64;0.92;Produto com alta compatibilidade e desempenho confiavel
SSD - Samsung Evo Plus;AmazonTech;1583.65;6;1488.63;0.91;Alta durabilidade e garantia estendida
SSD - Crucial MX;FastShopTech;1759.42;7;1636.26;0.93;Produto com alta compatibilidade e desempenho confiavel
SSD - Samsung Evo Plus;ExtraDigital;1231.25;15;1046.56;0.98;Construido com materiais resistentes e duraveis
SSD - Samsung Evo Plus;AmericanasDigital;295.61;25;221.71;0.87;Desempenho superior com baixo consumo de energia
SSD - Kingston Fury;ExtraDigital;4775.67;11;4250.35;0.94;Facil instalacao e suporte garantido
SSD - Crucial MX;SubmarinoPlus;1106.5;24;840.94;0.87;Ideal para usuarios exigentes que buscam qualidade
SSD - Kingston Fury;ExtraDigital;943.82;22;736.18;0.86;Ideal para usuarios exigentes que buscam qualidade
SSD - Kingston Fury;KabumStore;4497.19;2;4407.25;0.9;Design moderno e otimizacao para melhor experiencia
SSD - Samsung Evo Plus;TerabyteShop;187.05;30;130.94;0.96;Desempenho superior com baixo consumo de energia
SSD - Samsung Evo Plus;SubmarinoPlus;93.49;6;87.88;0.98;Desempenho superior com baixo consumo de energia
SSD - Kingston Fury;PichauOnline;1498.27;18;1228.58;0.95;Tecnologia avancada para maior velocidade e eficiencia
SSD - Kingston Fury;SubmarinoPlus;1379.08;1;1365.29;0.94;Alta durabilidade e garantia estendida
SSD - Samsung Evo Plus;PichauOnline;3429.75;11;3052.48;0.96;Desempenho superior com baixo consumo de energia
SSD - Crucial MX;TerabyteShop;574.9;16;482.92;0.87;Produto com alta compatibilidade e desempenho confiavel
SSD - Kingston Fury;FastShopTech;2692.77;21;2127.29;0.88;Desempenho superior com baixo consumo de energia
SSD - Samsung Evo Plus;AmazonTech;4472.32;23;3443.69;0.86;Tecnologia avancada para maior velocidade e eficiencia
SSD - Samsung Evo Plus;SubmarinoPlus;4375.48;16;3675.4;0.91;Facil instalacao e suporte garantido
SSD - Kingston Fury;PichauOnline;4045.05;3;3923.7;0.92;Design moderno e otimizacao para melhor experiencia
SSD - Samsung Evo Plus;MagazineInfo;3667.38;13;3190.62;0.9;Facil instalacao e suporte garantido
SSD - Crucial MX;AmericanasDigital;194.63;27;142.08;0.98;Oferece excelente custo-beneficio e performance
SSD - Crucial MX;MercadoTech;4914.09;17;4078.69;0.97;Construido com materiais resistentes e duraveis
SSD - Samsung Evo Plus;SubmarinoPlus;2463.46;15;2093.94;0.9;Ideal para usuarios exigentes que buscam qualidade
SSD - Kingston Fury;MagazineInfo;4554.06;9;4144.19;0.88;Perfeito para setups profissionais e gamers
SSD - Kingston Fury;MercadoTech;3561.02;5;3382.97;0.93;Ideal para usuarios exigentes que buscam qualidade
SSD - Kingston Fury;MagazineInfo;1075.86;18;882.21;0.9;Produto com alta compatibilidade e desempenho confiavel
SSD - Crucial MX;FastShopTech;503.26;18;412.67;0.97;Alta durabilidade e garantia estendida
SSD - Crucial MX;ExtraDigital;1133.04;11;1008.41;0.94;Ideal para usuarios exigentes que buscam qualidade
SSD - Kingston Fury;ExtraDigital;3483.57;22;2717.18;0.88;Construido com materiais resistentes e duraveis
SSD - Crucial MX;KabumStore;2835.36;19;2296.64;0.96;Tecnologia avancada para maior velocidade e eficiencia
SSD - Crucial MX;ExtraDigital;4723.91;1;4676.67;0.92;Perfeito para setups profissionais e gamers
SSD - Crucial MX;MercadoTech;3805.73;12;3349.04;0.87;Alta durabilidade e garantia estendida
SSD - Kingston Fury;SubmarinoPlus;4798.41;11;4270.58;0.94;Construido com materiais resistentes e duraveis
SSD - Kingston Fury;TerabyteShop;2818.51;6;2649.4;0.98;Alta durabilidade e garantia estendida
SSD - Samsung Evo Plus;TerabyteShop;1629.3;17;1352.32;0.98;Facil instalacao e suporte garantido
SSD - Kingston Fury;FastShopTech;2699.52;16;2267.6;0.86;Perfeito para setups profissionais e gamers
SSD - Kingston Fury;MercadoTech;4741.23;2;4646.41;0.98;Desempenho superior com baixo consumo de energia
SSD - Samsung Evo Plus;MagazineInfo;4067.67;13;3538.87;0.86;Design moderno e otimizacao para melhor experiencia
SSD - Crucial MX;ExtraDigital;3445.45;6;3238.72;0.87;Produto com alta compatibilidade e desempenho confiavel
SSD - Kingston Fury;PichauOnline;487.43;29;346.08;0.87;Ideal para usuarios exigentes que buscam qualidade
SSD - Crucial MX;MagazineInfo;3211.71;27;2344.55;0.91;Desempenho superior com baixo consumo de energia
SSD - Crucial MX;AmericanasDigital;987.21;9;898.36;0.87;Ideal para usuarios exigentes que buscam qualidade
SSD - Crucial MX;KabumStore;3381.84;9;3077.47;0.87;Oferece excelente custo-beneficio e performance
SSD - Samsung Evo Plus;MercadoTech;2038.6;10;1834.74;0.98;Facil instalacao e suporte garantido
SSD - Kingston Fury;FastShopTech;3467.28;30;2427.1;0.9;Construido com materiais resistentes e duraveis
SSD - Samsung Evo Plus;FastShopTech;1316.23;25;987.17;0.88;Produto com alta compatibilidade e desempenho confiavel
SSD - Crucial MX;FastShopTech;2070.56;10;1863.5;0.94;Perfeito para setups profissionais e gamers
SSD - Kingston Fury;KabumStore;4795.29;4;4603.48;0.89;Design moderno e otimizacao para melhor experiencia
SSD - Kingston Fury;ExtraDigital;2748.93;29;1951.74;0.99;Oferece excelente custo-beneficio e performance
SSD - Samsung Evo Plus;TerabyteShop;2871.08;5;2727.53;0.92;Facil instalacao e suporte garantido
SSD - Samsung Evo Plus;MagazineInfo;4136.95;24;3144.08;0.94;Perfeito para setups profissionais e gamers
SSD - Samsung Evo Plus;PichauOnline;1342.56;20;1074.05;0.98;Alta durabilidade e garantia estendida
SSD - Samsung Evo Plus;TerabyteShop;4046.41;15;3439.45;0.87;Tecnologia avancada para maior velocidade e eficiencia
SSD - Kingston Fury;MagazineInfo;2069.52;1;2048.82;0.94;Construido com materiais resistentes e duraveis
SSD - Kingston Fury;KabumStore;4069.96;20;3255.97;0.91;Produto com alta compatibilidade e desempenho confiavel
SSD - Samsung Evo Plus;KabumStore;1883.49;9;1713.98;0.86;Desempenho superior com baixo consumo de energia
SSD - Crucial MX;PichauOnline;2158.56;6;2029.05;0.95;Tecnologia avancada para maior velocidade e eficiencia
SSD - Kingston Fury;SubmarinoPlus;3883.57;19;3145.69;0.92;Design moderno e otimizacao para melhor experiencia
SSD - Kingston Fury;MercadoTech;4051.53;10;3646.38;0.86;Oferece excelente custo-beneficio e performance
SSD - Samsung Evo Plus;PichauOnline;983.62;29;698.37;0.87;Ideal para usuarios exigentes que buscam qualidade
SSD - Crucial MX;ExtraDigital;332.69;14;286.11;0.86;Oferece excelente custo-beneficio e performance
SSD - Crucial MX;ExtraDigital;2416.42;9;2198.94;0.97;Alta durabilidade e garantia estendida
SSD - Crucial MX;MagazineInfo;4954.84;8;4558.45;0.91;Facil instalacao e suporte garantido
SSD - Kingston Fury;AmazonTech;4375.66;1;4331.9;0.92;Perfeito para setups profissionais e gamers
SSD - Crucial MX;TerabyteShop;1943.86;14;1671.72;0.94;Produto com alta compatibilidade e desempenho confiavel
Placa mae - MSI Pro;FastShopTech;3673.83;28;2645.16;0.9;Facil instalacao e suporte garantido
Placa mae - Gigabyte Ultra;FastShopTech;3076.84;24;2338.4;0.96;Alta durabilidade e garantia estendida
Placa mae - Asus Prime;AmazonTech;3262.63;22;2544.85;0.97;Design moderno e otimizacao para melhor experiencia
Placa mae - MSI Pro;AmericanasDigital;3159.18;29;2243.02;0.92;Design moderno e otimizacao para melhor experiencia
Placa mae - Gigabyte Ultra;AmericanasDigital;126.3;18;103.57;0.87;Perfeito para setups profissionais e gamers
Placa mae - Gigabyte Ultra;FastShopTech;1108.48;12;975.46;0.93;Construido com materiais resistentes e duraveis
Placa mae - MSI Pro;MagazineInfo;3614.48;29;2566.28;0.93;Construido com materiais resistentes e duraveis
Placa mae - MSI Pro;MagazineInfo;1439.38;27;1050.75;0.92;Perfeito para setups profissionais e gamers
Placa mae - MSI Pro;AmericanasDigital;4497.28;30;3148.1;0.88;Construido com materiais resistentes e duraveis
Placa mae - Asus Prime;SubmarinoPlus;2033.17;8;1870.52;0.91;Desempenho superior com baixo consumo de energia
Placa mae - Gigabyte Ultra;AmazonTech;4434.7;3;4301.66;0.97;Ideal para usuarios exigentes que buscam qualidade
Placa mae - MSI Pro;SubmarinoPlus;2489.92;2;2440.12;0.95;Desempenho superior com baixo consumo de energia
Placa mae - Gigabyte Ultra;SubmarinoPlus;2342.5;15;1991.12;0.96;Perfeito para setups profissionais e gamers
Placa mae - Gigabyte Ultra;AmericanasDigital;2015.73;14;1733.53;0.99;Facil instalacao e suporte garantido
Placa mae - Gigabyte Ultra;AmazonTech;3732.45;7;3471.18;0.96;Construido com materiais resistentes e duraveis
Placa mae - MSI Pro;TerabyteShop;548.57;25;411.43;0.92;Oferece excelente custo-beneficio e performance
Placa mae - Asus Prime;FastShopTech;65.36;20;52.29;0.92;Produto com alta compatibilidade e desempenho confiavel
Placa mae - Asus Prime;AmericanasDigital;4707.0;27;3436.11;0.93;Tecnologia avancada para maior velocidade e eficiencia
Placa mae - Asus Prime;KabumStore;4993.92;6;4694.28;0.97;Produto com alta compatibilidade e desempenho confiavel
Placa mae - MSI Pro;TerabyteShop;3512.48;16;2950.48;0.95;Construido com materiais resistentes e duraveis
Placa mae - MSI Pro;KabumStore;1006.62;20;805.3;0.94;Facil instalacao e suporte garantido
Placa mae - MSI Pro;MercadoTech;50.93;29;36.16;0.9;Perfeito para setups profissionais e gamers
Placa mae - Gigabyte Ultra;MercadoTech;1191.26;8;1095.96;0.9;Design moderno e otimizacao para melhor experiencia
Placa mae - MSI Pro;MagazineInfo;3442.06;23;2650.39;0.88;Perfeito para setups profissionais e gamers
Placa mae - Asus Prime;PichauOnline;3332.97;30;2333.08;0.91;Tecnologia avancada para maior velocidade e eficiencia
Placa mae - Asus Prime;MagazineInfo;2418.31;29;1717.0;0.95;Oferece excelente custo-beneficio e performance
Placa mae - Gigabyte Ultra;MagazineInfo;634.14;5;602.43;0.87;Construido com materiais resistentes e duraveis
Placa mae - MSI Pro;PichauOnline;1390.3;29;987.11;0.91;Perfeito para setups profissionais e gamers
Placa mae - Gigabyte Ultra;FastShopTech;2062.77;25;1547.08;0.94;Facil instalacao e suporte garantido
Placa mae - Asus Prime;MercadoTech;2595.14;6;2439.43;0.85;Design moderno e otimizacao para melhor experiencia
Placa mae - Gigabyte Ultra;ExtraDigital;2283.18;5;2169.02;0.91;Construido com materiais resistentes e duraveis
Placa mae - Asus Prime;KabumStore;2165.71;21;1710.91;0.86;Produto com alta compatibilidade e desempenho confiavel
Placa mae - Gigabyte Ultra;MercadoTech;3241.43;11;2884.87;0.99;Produto com alta compatibilidade e desempenho confiavel
Placa mae - Gigabyte Ultra;FastShopTech;4619.59;15;3926.65;0.86;Construido com materiais resistentes e duraveis
Placa mae - Gigabyte Ultra;MercadoTech;3212.29;15;2730.45;0.9;Design moderno e otimizacao para melhor experiencia
Placa mae - Gigabyte Ultra;ExtraDigital;3323.55;0;3323.55;0.96;Design moderno e otimizacao para melhor experiencia
Placa mae - MSI Pro;PichauOnline;3685.2;30;2579.64;0.89;Facil instalacao e suporte garantido
Placa mae - Asus Prime;FastShopTech;2769.85;19;2243.58;0.97;Construido com materiais resistentes e duraveis
Placa mae - MSI Pro;KabumStore;634.48;28;456.83;0.94;Design moderno e otimizacao para melhor experiencia
Placa mae - MSI Pro;FastShopTech;4740.45;27;3460.53;0.87;Oferece excelente custo-beneficio e performance
Placa mae - Asus Prime;MagazineInfo;4305.48;12;3788.82;0.93;Produto com alta compatibilidade e desempenho confiavel
Placa mae - Asus Prime;TerabyteShop;3202.73;1;3170.7;0.88;Produto com alta compatibilidade e desempenho confiavel
Placa mae - Asus Prime;KabumStore;4616.04;19;3738.99;0.86;Ideal para usuarios exigentes que buscam qualidade
Placa mae - Gigabyte Ultra;TerabyteShop;3402.9;22;2654.26;0.96;Construido com materiais resistentes e duraveis
Placa mae - Gigabyte Ultra;TerabyteShop;4779.23;15;4062.35;0.96;Desempenho superior com baixo consumo de energia
Placa mae - Asus Prime;MercadoTech;3564.74;17;2958.73;0.9;Desempenho superior com baixo consumo de energia
Placa mae - MSI Pro;ExtraDigital;341.71;29;242.61;0.9;Perfeito para setups profissionais e gamers
Placa mae - Gigabyte Ultra;KabumStore;1438.9;23;1107.95;0.87;Alta durabilidade e garantia estendida
Placa mae - Asus Prime;FastShopTech;3866.61;15;3286.62;0.91;Oferece excelente custo-beneficio e performance
Placa mae - MSI Pro;FastShopTech;1054.79;28;759.45;0.95;Perfeito para setups profissionais e gamers
Placa mae - Gigabyte Ultra;AmazonTech;1317.84;26;975.2;0.96;Ideal para usuarios exigentes que buscam qualidade
Placa mae - MSI Pro;AmazonTech;3775.53;8;3473.49;0.95;Desempenho superior com baixo consumo de energia
Placa mae - MSI Pro;AmazonTech;1657.32;5;1574.45;0.89;Oferece excelente custo-beneficio e performance
Placa mae - Gigabyte Ultra;PichauOnline;3909.42;17;3244.82;0.87;Alta durabilidade e garantia estendida
Placa mae - Gigabyte Ultra;AmericanasDigital;2677.61;7;2490.18;0.86;Construido com materiais resistentes e duraveis
Placa mae - Asus Prime;FastShopTech;1936.24;0;1936.24;0.85;Desempenho superior com baixo consumo de energia
Placa mae - MSI Pro;KabumStore;2630.25;24;1998.99;0.92;Design moderno e otimizacao para melhor experiencia
Placa mae - Gigabyte Ultra;FastShopTech;4903.04;21;3873.4;0.9;Perfeito para setups profissionais e gamers
Placa mae - Asus Prime;ExtraDigital;2703.15;2;2649.09;0.92;Perfeito para setups profissionais e gamers
Placa mae - Asus Prime;SubmarinoPlus;561.89;25;421.42;0.95;Ideal para usuarios exigentes que buscam qualidade
Placa mae - Gigabyte Ultra;AmericanasDigital;2671.67;25;2003.75;0.96;Construido com materiais resistentes e duraveis
Placa mae - Gigabyte Ultra;AmericanasDigital;4212.54;12;3707.04;0.94;Oferece excelente custo-beneficio e performance
Placa mae - Asus Prime;TerabyteShop;2943.4;14;2531.32;0.98;Design moderno e otimizacao para melhor experiencia
Placa mae - Asus Prime;AmericanasDigital;2045.19;10;1840.67;0.99;Facil instalacao e suporte garantido
Placa mae - MSI Pro;MercadoTech;3796.48;4;3644.62;0.86;Oferece excelente custo-beneficio e performance
Placa mae - Gigabyte Ultra;MercadoTech;427.29;30;299.1;0.91;Perfeito para setups profissionais e gamers
Placa mae - Gigabyte Ultra;MagazineInfo;99.06;7;92.13;0.88;Tecnologia avancada para maior velocidade e eficiencia
Placa mae - MSI Pro;ExtraDigital;4529.94;3;4394.04;0.9;Facil instalacao e suporte garantido
Placa mae - MSI Pro;PichauOnline;2591.06;25;1943.3;0.88;Desempenho superior com baixo consumo de energia
Placa mae - Gigabyte Ultra;MagazineInfo;3723.67;4;3574.72;0.86;Ideal para usuarios exigentes que buscam qualidade
Placa mae - Asus Prime;SubmarinoPlus;537.7;22;419.41;0.94;Tecnologia avancada para maior velocidade e eficiencia
Placa mae - Gigabyte Ultra;SubmarinoPlus;4540.45;20;3632.36;0.95;Perfeito para setups profissionais e gamers
Placa mae - MSI Pro;ExtraDigital;778.38;9;708.33;0.99;Design moderno e otimizacao para melhor experiencia
Placa mae - MSI Pro;PichauOnline;3674.67;13;3196.96;0.92;Tecnologia avancada para maior velocidade e eficiencia
Placa mae - MSI Pro;MagazineInfo;4689.98;13;4080.28;0.9;Ideal para usuarios exigentes que buscam qualidade
Placa mae - Gigabyte Ultra;AmericanasDigital;4637.48;16;3895.48;0.86;Tecnologia avancada para maior velocidade e eficiencia
Placa mae - MSI Pro;MercadoTech;2860.03;12;2516.83;0.92;Desempenho superior com baixo consumo de energia
Placa mae - Asus Prime;MercadoTech;1080.37;4;1037.16;0.92;Ideal para usuarios exigentes que buscam qualidade
Placa mae - Asus Prime;FastShopTech;1283.71;21;1014.13;0.9;Perfeito para setups profissionais e gamers
Placa mae - MSI Pro;MagazineInfo;3773.7;11;3358.59;0.92;Tecnologia avancada para maior velocidade e eficiencia
Placa mae - MSI Pro;SubmarinoPlus;1961.1;21;1549.27;0.91;Oferece excelente custo-beneficio e performance
Placa mae - Gigabyte Ultra;AmazonTech;2403.76;29;1706.67;0.95;Design moderno e otimizacao para melhor experiencia
Placa mae - Gigabyte Ultra;FastShopTech;4949.93;20;3959.94;0.87;Perfeito para setups profissionais e gamers
Placa mae - MSI Pro;KabumStore;2594.78;13;2257.46;0.95;Alta durabilidade e garantia estendida
Placa mae - Gigabyte Ultra;ExtraDigital;2203.23;10;1982.91;0.96;Ideal para usuarios exigentes que buscam qualidade
Placa mae - Gigabyte Ultra;KabumStore;2813.76;12;2476.11;0.89;Desempenho superior com baixo consumo de energia
Placa mae - MSI Pro;TerabyteShop;4596.41;13;3998.88;0.96;Alta durabilidade e garantia estendida
Placa mae - Gigabyte Ultra;PichauOnline;4381.54;8;4031.02;0.98;Construido com materiais resistentes e duraveis
Placa mae - Gigabyte Ultra;AmazonTech;937.17;4;899.68;0.87;Perfeito para setups profissionais e gamers
Placa mae - Gigabyte Ultra;AmericanasDigital;4144.2;19;3356.8;0.97;Oferece excelente custo-beneficio e performance
Placa mae - Gigabyte Ultra;PichauOnline;2584.36;14;2222.55;0.93;Perfeito para setups profissionais e gamers
Placa mae - Asus Prime;SubmarinoPlus;2099.08;17;1742.24;0.93;Desempenho superior com baixo consumo de energia
Placa mae - Gigabyte Ultra;KabumStore;4394.36;28;3163.94;0.98;Facil instalacao e suporte garantido
Placa mae - Asus Prime;SubmarinoPlus;2915.58;25;2186.68;0.91;Design moderno e otimizacao para melhor experiencia
Placa mae - Gigabyte Ultra;AmericanasDigital;2310.9;9;2102.92;0.94;Perfeito para setups profissionais e gamers
Placa mae - MSI Pro;AmericanasDigital;4294.53;22;3349.73;0.92;Construido com materiais resistentes e duraveis
Placa mae - Asus Prime;PichauOnline;3125.17;7;2906.41;0.97;Desempenho superior com baixo consumo de energia
Placa mae - Gigabyte Ultra;PichauOnline;3582.41;24;2722.63;0.91;Alta durabilidade e garantia estendida
Placa mae - Asus Prime;MagazineInfo;2111.45;13;1836.96;0.91;Design moderno e otimizacao para melhor experiencia
Placa mae - Asus Prime;PichauOnline;455.86;10;410.27;0.89;Construido com materiais resistentes e duraveis
Placa mae - Asus Prime;MercadoTech;4350.32;9;3958.79;0.88;Desempenho superior com baixo consumo de energia
Placa mae - MSI Pro;PichauOnline;383.74;3;372.23;0.93;Perfeito para setups profissionais e gamers
Placa mae - MSI Pro;AmazonTech;1727.65;7;1606.71;0.87;Alta durabilidade e garantia estendida
Placa mae - MSI Pro;FastShopTech;3638.65;29;2583.44;0.96;Ideal para usuarios exigentes que buscam qualidade
Placa mae - Gigabyte Ultra;MagazineInfo;890.52;30;623.36;0.94;Design moderno e otimizacao para melhor experiencia
Placa mae - MSI Pro;TerabyteShop;3554.96;28;2559.57;0.88;Facil instalacao e suporte garantido
Placa mae - Asus Prime;FastShopTech;1696.6;26;1255.48;0.87;Oferece excelente custo-beneficio e performance
Placa mae - Gigabyte Ultra;TerabyteShop;1389.49;26;1028.22;0.89;Desempenho superior com baixo consumo de energia
Placa mae - MSI Pro;MagazineInfo;1310.98;8;1206.1;0.89;Alta durabilidade e garantia estendida
Placa mae - Gigabyte Ultra;MercadoTech;3969.5;11;3532.86;0.94;Construido com materiais resistentes e duraveis
Placa mae - MSI Pro;TerabyteShop;1221.54;1;1209.32;0.85;Produto com alta compatibilidade e desempenho confiavel
Placa mae - MSI Pro;AmazonTech;3668.29;24;2787.9;0.88;Perfeito para setups profissionais e gamers
Placa mae - Asus Prime;SubmarinoPlus;4454.93;6;4187.63;0.87;Facil instalacao e suporte garantido
Placa mae - Gigabyte Ultra;TerabyteShop;1198.46;5;1138.54;0.93;Design moderno e otimizacao para melhor experiencia
Placa mae - MSI Pro;ExtraDigital;3621.19;30;2534.83;0.97;Ideal para usuarios exigentes que buscam qualidade
Placa mae - MSI Pro;AmericanasDigital;3360.67;8;3091.82;0.97;Design moderno e otimizacao para melhor experiencia
Placa mae - MSI Pro;MagazineInfo;1005.61;24;764.26;0.88;Alta durabilidade e garantia estendida
Placa mae - MSI Pro;TerabyteShop;4287.6;26;3172.82;0.96;Construido com materiais resistentes e duraveis
Placa mae - MSI Pro;ExtraDigital;2858.93;0;2858.93;0.99;Oferece excelente custo-beneficio e performance
Placa mae - MSI Pro;ExtraDigital;2625.21;19;2126.42;0.99;Desempenho superior com baixo consumo de energia
Placa mae - MSI Pro;KabumStore;3118.01;9;2837.39;0.88;Tecnologia avancada para maior velocidade e eficiencia
Placa mae - Asus Prime;AmazonTech;3947.47;7;3671.15;0.95;Desempenho superior com baixo consumo de energia
Placa mae - Asus Prime;FastShopTech;3017.22;21;2383.6;0.86;Construido com materiais resistentes e duraveis
Placa mae - Asus Prime;MagazineInfo;2666.27;20;2133.02;0.9;Construido com materiais resistentes e duraveis
Placa mae - Asus Prime;SubmarinoPlus;1001.51;21;791.19;0.91;Alta durabilidade e garantia estendida
Placa mae - Gigabyte Ultra;MagazineInfo;2744.36;19;2222.93;0.93;Tecnologia avancada para maior velocidade e eficiencia
Placa mae - Asus Prime;SubmarinoPlus;4113.0;22;3208.14;0.93;Perfeito para setups profissionais e gamers
Placa mae - Asus Prime;MagazineInfo;4104.97;18;3366.08;0.96;Design moderno e otimizacao para melhor experiencia
Placa mae - Asus Prime;MagazineInfo;4938.65;10;4444.78;0.94;Tecnologia avancada para maior velocidade e eficiencia
Placa mae - Gigabyte Ultra;KabumStore;318.73;18;261.36;0.92;Oferece excelente custo-beneficio e performance
Placa mae - Gigabyte Ultra;FastShopTech;2173.15;9;1977.57;0.85;Tecnologia avancada para maior velocidade e eficiencia
Placa mae - Gigabyte Ultra;KabumStore;3075.75;11;2737.42;0.98;Oferece excelente custo-beneficio e performance
Placa mae - Gigabyte Ultra;SubmarinoPlus;1365.65;30;955.96;0.87;Alta durabilidade e garantia estendida
Placa mae - Asus Prime;PichauOnline;4223.58;19;3421.1;0.9;Construido com materiais resistentes e duraveis
Placa mae - Asus Prime;KabumStore;728.21;27;531.59;0.98;Design moderno e otimizacao para melhor experiencia
Placa mae - MSI Pro;AmericanasDigital;1901.72;15;1616.46;0.95;Alta durabilidade e garantia estendida
Placa mae - Asus Prime;PichauOnline;860.16;20;688.13;0.86;Perfeito para setups profissionais e gamers
Placa mae - Asus Prime;AmazonTech;4045.81;29;2872.53;0.98;Tecnologia avancada para maior velocidade e eficiencia
Placa mae - MSI Pro;FastShopTech;3270.67;27;2387.59;0.92;Perfeito para setups profissionais e gamers
Placa mae - Gigabyte Ultra;SubmarinoPlus;459.11;27;335.15;0.89;Construido com materiais resistentes e duraveis
Placa mae - Asus Prime;PichauOnline;4836.81;0;4836.81;0.97;Perfeito para setups profissionais e gamers
Placa mae - MSI Pro;AmericanasDigital;4516.81;24;3432.78;0.94;Ideal para usuarios exigentes que buscam qualidade
Placa mae - Asus Prime;MagazineInfo;769.77;28;554.23;0.95;Tecnologia avancada para maior velocidade e eficiencia
Placa mae - MSI Pro;TerabyteShop;4302.05;14;3699.76;0.99;Produto com alta compatibilidade e desempenho confiavel
Placa mae - MSI Pro;PichauOnline;3123.66;12;2748.82;0.85;Design moderno e otimizacao para melhor experiencia
Placa mae - Gigabyte Ultra;SubmarinoPlus;4917.55;16;4130.74;0.89;Ideal para usuarios exigentes que buscam qualidade
Placa mae - Gigabyte Ultra;SubmarinoPlus;406.48;26;300.8;0.86;Ideal para usuarios exigentes que buscam qualidade
Placa mae - Gigabyte Ultra;FastShopTech;4140.45;30;2898.31;0.86;Desempenho superior com baixo consumo de energia
Placa mae - Gigabyte Ultra;AmazonTech;655.73;0;655.73;0.93;Alta durabilidade e garantia estendida
Placa mae - Gigabyte Ultra;ExtraDigital;4910.66;7;4566.91;0.91;Oferece excelente custo-beneficio e performance
Placa mae - Gigabyte Ultra;KabumStore;4141.16;9;3768.46;0.86;Facil instalacao e suporte garantido
Placa mae - Gigabyte Ultra;MercadoTech;2722.46;10;2450.21;0.9;Alta durabilidade e garantia estendida
Placa mae - Asus Prime;KabumStore;2565.33;9;2334.45;0.89;Design moderno e otimizacao para melhor experiencia
Placa mae - MSI Pro;TerabyteShop;1985.07;9;1806.41;0.86;Design moderno e otimizacao para melhor experiencia
Placa mae - Asus Prime;MagazineInfo;614.65;11;547.04;0.87;Alta durabilidade e garantia estendida
Placa mae - Asus Prime;FastShopTech;2919.64;0;2919.64;0.92;Produto com alta compatibilidade e desempenho confiavel
Placa mae - Gigabyte Ultra;AmazonTech;2774.85;17;2303.13;0.89;Design moderno e otimizacao para melhor experiencia
Placa mae - MSI Pro;TerabyteShop;4445.08;29;3156.01;0.85;Oferece excelente custo-beneficio e performance
Placa mae - Asus Prime;SubmarinoPlus;1446.68;4;1388.81;0.99;Design moderno e otimizacao para melhor experiencia
Placa mae - MSI Pro;AmericanasDigital;1403.64;6;1319.42;0.97;Produto com alta compatibilidade e desempenho confiavel
Placa mae - MSI Pro;SubmarinoPlus;680.63;2;667.02;0.93;Ideal para usuarios exigentes que buscam qualidade
Placa mae - MSI Pro;FastShopTech;387.73;20;310.18;0.95;Design moderno e otimizacao para melhor experiencia
Placa mae - Gigabyte Ultra;SubmarinoPlus;3054.81;18;2504.94;0.93;Produto com alta compatibilidade e desempenho confiavel
Placa mae - MSI Pro;MagazineInfo;1277.6;5;1213.72;0.99;Desempenho superior com baixo consumo de energia
Placa mae - Asus Prime;AmazonTech;3616.5;22;2820.87;0.89;Produto com alta compatibilidade e desempenho confiavel
Placa mae - Asus Prime;ExtraDigital;92.53;15;78.65;0.95;Design moderno e otimizacao para melhor experiencia
Placa mae - Gigabyte Ultra;ExtraDigital;2608.3;14;2243.14;0.92;Perfeito para setups profissionais e gamers
Placa mae - Asus Prime;MagazineInfo;2156.23;27;1574.05;0.86;Ideal para usuarios exigentes que buscam qualidade
Placa mae - MSI Pro;AmericanasDigital;2672.94;29;1897.79;0.99;Oferece excelente custo-beneficio e performance
Placa mae - Gigabyte Ultra;MercadoTech;4051.21;6;3808.14;0.92;Alta durabilidade e garantia estendida
Placa mae - Gigabyte Ultra;TerabyteShop;2028.92;0;2028.92;0.92;Oferece excelente custo-beneficio e performance
Placa mae - MSI Pro;MercadoTech;427.38;21;337.63;0.85;Produto com alta compatibilidade e desempenho confiavel
Placa mae - MSI Pro;FastShopTech;2812.82;16;2362.77;0.86;Alta durabilidade e garantia estendida
Placa mae - Asus Prime;MagazineInfo;4120.47;9;3749.63;0.95;Ideal para usuarios exigentes que buscam qualidade
Placa mae - Asus Prime;TerabyteShop;1464.57;22;1142.36;0.91;Tecnologia avancada para maior velocidade e eficiencia
Placa mae - MSI Pro;AmericanasDigital;1947.01;4;1869.13;0.95;Ideal para usuarios exigentes que buscam qualidade
Placa mae - MSI Pro;MagazineInfo;4757.28;19;3853.4;0.95;Facil instalacao e suporte garantido
Placa mae - Gigabyte Ultra;AmericanasDigital;3023.02;6;2841.64;0.89;Perfeito para setups profissionais e gamers
Placa mae - MSI Pro;SubmarinoPlus;3937.25;30;2756.07;0.95;Design moderno e otimizacao para melhor experiencia
Placa mae - MSI Pro;MagazineInfo;3491.6;4;3351.94;0.99;Desempenho superior com baixo consumo de energia
Placa mae - MSI Pro;SubmarinoPlus;3157.28;13;2746.83;0.9;Produto com alta compatibilidade e desempenho confiavel
Placa mae - Asus Prime;ExtraDigital;4252.3;29;3019.13;0.93;Ideal para usuarios exigentes que buscam qualidade
Placa mae - Gigabyte Ultra;KabumStore;3070.87;29;2180.32;0.98;Alta durabilidade e garantia estendida
Placa mae - MSI Pro;KabumStore;4653.51;29;3303.99;0.93;Alta durabilidade e garantia estendida
Placa mae - Gigabyte Ultra;ExtraDigital;899.73;7;836.75;0.86;Desempenho superior com baixo consumo de energia
Placa mae - Gigabyte Ultra;AmazonTech;1937.19;0;1937.19;0.95;Alta durabilidade e garantia estendida
Placa mae - Asus Prime;ExtraDigital;2333.04;6;2193.06;0.94;Design moderno e otimizacao para melhor experiencia
Placa mae - MSI Pro;ExtraDigital;4133.47;14;3554.78;0.93;Alta durabilidade e garantia estendida
Placa mae - Gigabyte Ultra;KabumStore;372.92;20;298.34;0.91;Construido com materiais resistentes e duraveis
Placa mae - MSI Pro;AmazonTech;726.46;26;537.58;0.87;Ideal para usuarios exigentes que buscam qualidade
Placa mae - Gigabyte Ultra;PichauOnline;438.4;15;372.64;0.92;Design moderno e otimizacao para melhor experiencia
Placa mae - Asus Prime;SubmarinoPlus;1196.69;2;1172.76;0.91;Alta durabilidade e garantia estendida
Placa mae - Gigabyte Ultra;PichauOnline;3869.8;29;2747.56;0.9;Produto com alta compatibilidade e desempenho confiavel
Placa mae - Asus Prime;MercadoTech;2709.13;8;2492.4;0.89;Ideal para usuarios exigentes que buscam qualidade
Placa mae - Gigabyte Ultra;AmericanasDigital;1869.31;27;1364.6;0.95;Tecnologia avancada para maior velocidade e eficiencia
Placa mae - MSI Pro;AmericanasDigital;4971.23;6;4672.96;0.89;Perfeito para setups profissionais e gamers
Placa mae - MSI Pro;MercadoTech;2438.53;17;2023.98;0.87;Oferece excelente custo-beneficio e performance
Placa mae - Gigabyte Ultra;FastShopTech;313.81;29;222.81;0.89;Desempenho superior com baixo consumo de energia
Placa mae - Gigabyte Ultra;MercadoTech;2857.68;26;2114.68;0.96;Desempenho superior com baixo consumo de energia
Placa mae - MSI Pro;PichauOnline;4614.19;2;4521.91;0.94;Produto com alta compatibilidade e desempenho confiavel
Placa de Video - AMD Radeon Max;KabumStore;2636.36;17;2188.18;0.87;Alta durabilidade e garantia estendida
Placa de Video - AMD Radeon Max;MagazineInfo;2898.38;20;2318.7;0.95;Desempenho superior com baixo consumo de energia
Placa de Video - Nvidia RTX Ultra;SubmarinoPlus;3579.77;2;3508.17;0.91;Alta durabilidade e garantia estendida
Placa de Video - Nvidia RTX Ultra;FastShopTech;451.58;24;343.2;0.91;Desempenho superior com baixo consumo de energia
Placa de Video - Gigabyte Gaming;ExtraDigital;4565.11;7;4245.55;0.94;Desempenho superior com baixo consumo de energia
Placa de Video - AMD Radeon Max;AmazonTech;2768.29;10;2491.46;0.97;Oferece excelente custo-beneficio e performance
Placa de Video - Nvidia RTX Ultra;MagazineInfo;4643.43;18;3807.61;0.87;Alta durabilidade e garantia estendida
Placa de Video - Gigabyte Gaming;MagazineInfo;2966.62;7;2758.96;0.91;Construido com materiais resistentes e duraveis
Placa de Video - AMD Radeon Max;PichauOnline;3954.37;1;3914.83;0.91;Design moderno e otimizacao para melhor experiencia
Placa de Video - Nvidia RTX Ultra;ExtraDigital;3653.32;5;3470.65;0.99;Oferece excelente custo-beneficio e performance
Placa de Video - Nvidia RTX Ultra;PichauOnline;1875.94;6;1763.38;0.85;Produto com alta compatibilidade e desempenho confiavel
Placa de Video - AMD Radeon Max;TerabyteShop;708.17;24;538.21;0.95;Tecnologia avancada para maior velocidade e eficiencia
Placa de Video - Nvidia RTX Ultra;KabumStore;3365.65;11;2995.43;0.93;Oferece excelente custo-beneficio e performance
Placa de Video - Nvidia RTX Ultra;FastShopTech;135.14;8;124.33;0.92;Desempenho superior com baixo consumo de energia
Placa de Video - Nvidia RTX Ultra;FastShopTech;661.38;27;482.81;0.89;Oferece excelente custo-beneficio e performance
Placa de Video - AMD Radeon Max;MagazineInfo;4160.79;27;3037.38;0.86;Alta durabilidade e garantia estendida
Placa de Video - Nvidia RTX Ultra;SubmarinoPlus;590.12;3;572.42;0.95;Facil instalacao e suporte garantido
Placa de Video - AMD Radeon Max;AmazonTech;185.89;20;148.71;0.89;Desempenho superior com baixo consumo de energia
Placa de Video - Nvidia RTX Ultra;TerabyteShop;4694.81;0;4694.81;0.95;Facil instalacao e suporte garantido
Placa de Video - AMD Radeon Max;TerabyteShop;1093.81;16;918.8;0.98;Oferece excelente custo-beneficio e performance
Placa de Video - Gigabyte Gaming;MagazineInfo;3064.34;9;2788.55;0.9;Alta durabilidade e garantia estendida
Placa de Video - AMD Radeon Max;KabumStore;81.13;30;56.79;0.93;Ideal para usuarios exigentes que buscam qualidade
Placa de Video - AMD Radeon Max;KabumStore;2665.5;4;2558.88;0.94;Oferece excelente custo-beneficio e performance
Placa de Video - Gigabyte Gaming;AmericanasDigital;2543.79;26;1882.4;0.9;Facil instalacao e suporte garantido
Placa de Video - Gigabyte Gaming;KabumStore;960.77;19;778.22;0.9;Desempenho superior com baixo consumo de energia
Placa de Video - AMD Radeon Max;KabumStore;2795.5;2;2739.59;0.91;Design moderno e otimizacao para melhor experiencia
Placa de Video - AMD Radeon Max;AmazonTech;853.47;22;665.71;0.91;Desempenho superior com baixo consumo de energia
Placa de Video - AMD Radeon Max;SubmarinoPlus;3704.13;11;3296.68;0.85;Desempenho superior com baixo consumo de energia
Placa de Video - AMD Radeon Max;MagazineInfo;3300.05;0;3300.05;0.87;Tecnologia avancada para maior velocidade e eficiencia
Placa de Video - Gigabyte Gaming;AmazonTech;4461.95;8;4104.99;0.98;Produto com alta compatibilidade e desempenho confiavel
Placa de Video - Gigabyte Gaming;PichauOnline;4720.13;19;3823.31;0.95;Ideal para usuarios exigentes que buscam qualidade
Placa de Video - Nvidia RTX Ultra;SubmarinoPlus;2141.12;0;2141.12;0.94;Produto com alta compatibilidade e desempenho confiavel
Placa de Video - Gigabyte Gaming;ExtraDigital;4283.15;10;3854.83;0.9;Desempenho superior com baixo consumo de energia
Placa de Video - Gigabyte Gaming;SubmarinoPlus;3184.63;19;2579.55;0.87;Design moderno e otimizacao para melhor experiencia
Placa de Video - Nvidia RTX Ultra;ExtraDigital;3453.74;4;3315.59;0.88;Construido com materiais resistentes e duraveis
Placa de Video - Nvidia RTX Ultra;TerabyteShop;2560.03;24;1945.62;0.87;Facil instalacao e suporte garantido
Placa de Video - Gigabyte Gaming;ExtraDigital;1692.68;9;1540.34;0.96;Construido com materiais resistentes e duraveis
Placa de Video - Gigabyte Gaming;MercadoTech;1147.46;15;975.34;0.85;Desempenho superior com baixo consumo de energia
Placa de Video - Nvidia RTX Ultra;TerabyteShop;1768.71;2;1733.34;0.95;Produto com alta compatibilidade e desempenho confiavel
Placa de Video - Nvidia RTX Ultra;ExtraDigital;4552.59;7;4233.91;0.9;Oferece excelente custo-beneficio e performance
Placa de Video - Gigabyte Gaming;TerabyteShop;3742.98;7;3480.97;0.85;Produto com alta compatibilidade e desempenho confiavel
Placa de Video - AMD Radeon Max;AmericanasDigital;3102.8;6;2916.63;0.97;Produto com alta compatibilidade e desempenho confiavel
Placa de Video - Gigabyte Gaming;MagazineInfo;3946.41;11;3512.3;0.91;Construido com materiais resistentes e duraveis
Placa de Video - Nvidia RTX Ultra;TerabyteShop;2929.77;23;2255.92;0.9;Tecnologia avancada para maior velocidade e eficiencia
Placa de Video - Gigabyte Gaming;AmericanasDigital;4605.1;15;3914.34;0.97;Oferece excelente custo-beneficio e performance
Placa de Video - AMD Radeon Max;TerabyteShop;869.42;25;652.06;0.98;Ideal para usuarios exigentes que buscam qualidade
Placa de Video - Gigabyte Gaming;MagazineInfo;1415.74;25;1061.81;0.88;Ideal para usuarios exigentes que buscam qualidade
Placa de Video - Nvidia RTX Ultra;SubmarinoPlus;4038.05;27;2947.78;0.89;Produto com alta compatibilidade e desempenho confiavel
Placa de Video - Nvidia RTX Ultra;AmericanasDigital;4741.51;6;4457.02;0.9;Facil instalacao e suporte garantido
Placa de Video - AMD Radeon Max;AmazonTech;3801.71;26;2813.27;0.95;Oferece excelente custo-beneficio e performance
Placa de Video - AMD Radeon Max;MagazineInfo;4690.82;19;3799.56;0.85;Oferece excelente custo-beneficio e performance
Placa de Video - Nvidia RTX Ultra;MercadoTech;4148.94;2;4065.96;0.92;Ideal para usuarios exigentes que buscam qualidade
Placa de Video - Nvidia RTX Ultra;MercadoTech;3178.43;12;2797.02;0.86;Ideal para usuarios exigentes que buscam qualidade
Placa de Video - AMD Radeon Max;PichauOnline;116.77;18;95.75;0.99;Ideal para usuarios exigentes que buscam qualidade
Placa de Video - Gigabyte Gaming;PichauOnline;4556.32;20;3645.06;0.91;Oferece excelente custo-beneficio e performance
Placa de Video - Nvidia RTX Ultra;AmazonTech;2490.02;22;1942.22;0.87;Oferece excelente custo-beneficio e performance
Placa de Video - AMD Radeon Max;MagazineInfo;3579.97;30;2505.98;0.95;Desempenho superior com baixo consumo de energia
Placa de Video - Gigabyte Gaming;MagazineInfo;163.23;25;122.42;0.89;Design moderno e otimizacao para melhor experiencia
Placa de Video - Gigabyte Gaming;AmazonTech;1317.27;0;1317.27;0.94;Tecnologia avancada para maior velocidade e eficiencia
Placa de Video - Gigabyte Gaming;ExtraDigital;1113.6;29;790.66;0.97;Perfeito para setups profissionais e gamers
Placa de Video - Nvidia RTX Ultra;AmericanasDigital;139.93;22;109.15;0.88;Alta durabilidade e garantia estendida
Placa de Video - Nvidia RTX Ultra;SubmarinoPlus;1334.95;18;1094.66;0.91;Perfeito para setups profissionais e gamers
Placa de Video - Gigabyte Gaming;MagazineInfo;1379.78;24;1048.63;0.93;Facil instalacao e suporte garantido
Placa de Video - AMD Radeon Max;AmericanasDigital;1115.76;24;847.98;0.89;Ideal para usuarios exigentes que buscam qualidade
Placa de Video - Nvidia RTX Ultra;PichauOnline;1652.15;3;1602.59;0.88;Tecnologia avancada para maior velocidade e eficiencia
Placa de Video - Gigabyte Gaming;TerabyteShop;1030.49;18;845.0;0.94;Oferece excelente custo-beneficio e performance
Placa de Video - Nvidia RTX Ultra;SubmarinoPlus;1754.79;5;1667.05;0.87;Ideal para usuarios exigentes que buscam qualidade
Placa de Video - Gigabyte Gaming;PichauOnline;1837.61;7;1708.98;0.93;Desempenho superior com baixo consumo de energia
Placa de Video - Gigabyte Gaming;PichauOnline;2908.0;7;2704.44;0.85;Produto com alta compatibilidade e desempenho confiavel
Placa de Video - Nvidia RTX Ultra;FastShopTech;2378.85;7;2212.33;0.9;Produto com alta compatibilidade e desempenho confiavel
Placa de Video - AMD Radeon Max;AmericanasDigital;620.0;10;558.0;0.98;Ideal para usuarios exigentes que buscam qualidade
Placa de Video - Nvidia RTX Ultra;TerabyteShop;1340.75;12;1179.86;0.91;Ideal para usuarios exigentes que buscam qualidade
Placa de Video - AMD Radeon Max;MagazineInfo;1202.93;8;1106.7;0.9;Perfeito para setups profissionais e gamers
Placa de Video - AMD Radeon Max;TerabyteShop;4803.03;29;3410.15;0.98;Design moderno e otimizacao para melhor experiencia
Placa de Video - Nvidia RTX Ultra;FastShopTech;3185.01;2;3121.31;0.87;Oferece excelente custo-beneficio e performance
Placa de Video - Nvidia RTX Ultra;MagazineInfo;2990.33;27;2182.94;0.98;Oferece excelente custo-beneficio e performance
Placa de Video - Gigabyte Gaming;PichauOnline;3791.64;19;3071.23;0.94;Desempenho superior com baixo consumo de energia
Placa de Video - AMD Radeon Max;FastShopTech;3844.27;1;3805.83;0.91;Perfeito para setups profissionais e gamers
Placa de Video - AMD Radeon Max;FastShopTech;692.8;23;533.46;0.98;Produto com alta compatibilidade e desempenho confiavel
Placa de Video - AMD Radeon Max;TerabyteShop;1958.78;19;1586.61;0.95;Ideal para usuarios exigentes que buscam qualidade
Placa de Video - Nvidia RTX Ultra;FastShopTech;4426.34;8;4072.23;0.91;Facil instalacao e suporte garantido
Placa de Video - Gigabyte Gaming;SubmarinoPlus;4158.56;10;3742.7;0.87;Ideal para usuarios exigentes que buscam qualidade
Placa de Video - Gigabyte Gaming;SubmarinoPlus;410.56;17;340.76;0.96;Produto com alta compatibilidade e desempenho confiavel
Placa de Video - Gigabyte Gaming;SubmarinoPlus;745.38;21;588.85;0.95;Tecnologia avancada para maior velocidade e eficiencia
Placa de Video - Nvidia RTX Ultra;AmericanasDigital;2626.38;14;2258.69;0.98;Ideal para usuarios exigentes que buscam qualidade
Placa de Video - Gigabyte Gaming;AmericanasDigital;3086.24;21;2438.13;0.94;Ideal para usuarios exigentes que buscam qualidade
Placa de Video - Gigabyte Gaming;MagazineInfo;4413.02;23;3398.03;0.85;Construido com materiais resistentes e duraveis
Placa de Video - Nvidia RTX Ultra;AmericanasDigital;1713.25;28;1233.54;0.95;Facil instalacao e suporte garantido
Placa de Video - Nvidia RTX Ultra;MercadoTech;4688.06;2;4594.3;0.97;Construido com materiais resistentes e duraveis
Placa de Video - Nvidia RTX Ultra;MagazineInfo;1329.37;11;1183.14;0.87;Tecnologia avancada para maior velocidade e eficiencia
Placa de Video - AMD Radeon Max;MagazineInfo;1710.17;18;1402.34;0.96;Design moderno e otimizacao para melhor experiencia
Placa de Video - Nvidia RTX Ultra;SubmarinoPlus;2830.98;19;2293.09;0.93;Produto com alta compatibilidade e desempenho confiavel
Placa de Video - Gigabyte Gaming;PichauOnline;2152.7;3;2088.12;0.92;Ideal para usuarios exigentes que buscam qualidade
Placa de Video - Gigabyte Gaming;AmazonTech;4811.37;1;4763.26;0.85;Perfeito para setups profissionais e gamers
Placa de Video - Gigabyte Gaming;MercadoTech;2609.86;16;2192.28;0.9;Perfeito para setups profissionais e gamers
Placa de Video - Nvidia RTX Ultra;FastShopTech;373.19;26;276.16;0.98;Design moderno e otimizacao para melhor experiencia
Placa de Video - Nvidia RTX Ultra;TerabyteShop;3491.51;25;2618.63;0.89;Ideal para usuarios exigentes que buscam qualidade
Placa de Video - Nvidia RTX Ultra;PichauOnline;3282.67;30;2297.87;0.87;Alta durabilidade e garantia estendida
Placa de Video - Gigabyte Gaming;PichauOnline;3690.76;25;2768.07;0.9;Produto com alta compatibilidade e desempenho confiavel
Placa de Video - Nvidia RTX Ultra;MagazineInfo;3401.99;30;2381.39;0.86;Design moderno e otimizacao para melhor experiencia
Placa de Video - AMD Radeon Max;SubmarinoPlus;699.09;29;496.35;0.93;Ideal para usuarios exigentes que buscam qualidade
Placa de Video - Gigabyte Gaming;MercadoTech;2998.69;5;2848.76;0.96;Construido com materiais resistentes e duraveis
Placa de Video - Gigabyte Gaming;FastShopTech;3811.58;30;2668.11;0.9;Facil instalacao e suporte garantido
Placa de Video - Gigabyte Gaming;FastShopTech;4586.57;19;3715.12;0.98;Construido com materiais resistentes e duraveis
Placa de Video - AMD Radeon Max;TerabyteShop;4824.18;13;4197.04;0.85;Design moderno e otimizacao para melhor experiencia
Placa de Video - Gigabyte Gaming;MagazineInfo;2578.55;4;2475.41;0.91;Produto com alta compatibilidade e desempenho confiavel
Placa de Video - Gigabyte Gaming;FastShopTech;2800.89;11;2492.79;0.97;Produto com alta compatibilidade e desempenho confiavel
Placa de Video - AMD Radeon Max;AmericanasDigital;2626.65;25;1969.99;0.94;Construido com materiais resistentes e duraveis
Placa de Video - Gigabyte Gaming;ExtraDigital;2632.36;24;2000.59;0.93;Tecnologia avancada para maior velocidade e eficiencia
Placa de Video - Gigabyte Gaming;AmericanasDigital;1293.5;13;1125.35;0.97;Ideal para usuarios exigentes que buscam qualidade
Placa de Video - Nvidia RTX Ultra;MagazineInfo;1090.4;10;981.36;0.88;Ideal para usuarios exigentes que buscam qualidade
Placa de Video - AMD Radeon Max;TerabyteShop;4547.03;17;3774.03;0.87;Perfeito para setups profissionais e gamers
Placa de Video - Nvidia RTX Ultra;SubmarinoPlus;582.32;9;529.91;0.86;Construido com materiais resistentes e duraveis
Placa de Video - Gigabyte Gaming;MercadoTech;3892.84;7;3620.34;0.97;Ideal para usuarios exigentes que buscam qualidade
Placa de Video - Nvidia RTX Ultra;KabumStore;4460.02;22;3478.82;0.89;Design moderno e otimizacao para melhor experiencia
Placa de Video - Nvidia RTX Ultra;ExtraDigital;2917.8;1;2888.62;0.89;Desempenho superior com baixo consumo de energia
Placa de Video - AMD Radeon Max;TerabyteShop;3918.41;2;3840.04;0.94;Produto com alta compatibilidade e desempenho confiavel
Placa de Video - Gigabyte Gaming;MagazineInfo;552.33;12;486.05;0.87;Produto com alta compatibilidade e desempenho confiavel
Placa de Video - AMD Radeon Max;KabumStore;689.87;11;613.98;0.99;Design moderno e otimizacao para melhor experiencia
Placa de Video - Gigabyte Gaming;SubmarinoPlus;4449.44;14;3826.52;0.91;Tecnologia avancada para maior velocidade e eficiencia
Placa de Video - AMD Radeon Max;FastShopTech;1501.68;27;1096.23;0.93;Produto com alta compatibilidade e desempenho confiavel
Placa de Video - Nvidia RTX Ultra;FastShopTech;1580.49;8;1454.05;0.99;Ideal para usuarios exigentes que buscam qualidade
Placa de Video - Gigabyte Gaming;FastShopTech;850.62;9;774.06;0.95;Alta durabilidade e garantia estendida
Placa de Video - Gigabyte Gaming;AmazonTech;474.53;9;431.82;0.85;Perfeito para setups profissionais e gamers
Placa de Video - Nvidia RTX Ultra;KabumStore;2257.69;4;2167.38;0.86;Desempenho superior com baixo consumo de energia
Placa de Video - Gigabyte Gaming;SubmarinoPlus;1493.94;28;1075.64;0.86;Desempenho superior com baixo consumo de energia
Placa de Video - Gigabyte Gaming;AmericanasDigital;531.61;28;382.76;0.92;Produto com alta compatibilidade e desempenho confiavel
Placa de Video - AMD Radeon Max;PichauOnline;1827.89;10;1645.1;0.9;Produto com alta compatibilidade e desempenho confiavel
Placa de Video - AMD Radeon Max;AmericanasDigital;4111.78;13;3577.25;0.92;Perfeito para setups profissionais e gamers
Placa de Video - AMD Radeon Max;MercadoTech;1269.23;2;1243.85;0.87;Construido com materiais resistentes e duraveis
Placa de Video - Nvidia RTX Ultra;FastShopTech;1888.7;25;1416.53;0.86;Desempenho superior com baixo consumo de energia
Placa de Video - AMD Radeon Max;AmericanasDigital;434.77;22;339.12;0.86;Tecnologia avancada para maior velocidade e eficiencia
Placa de Video - AMD Radeon Max;ExtraDigital;330.18;26;244.33;0.95;Construido com materiais resistentes e duraveis
Placa de Video - Gigabyte Gaming;TerabyteShop;4689.37;0;4689.37;0.89;Desempenho superior com baixo consumo de energia
Placa de Video - Gigabyte Gaming;MercadoTech;3939.77;24;2994.23;0.99;Facil instalacao e suporte garantido
Placa de Video - Nvidia RTX Ultra;FastShopTech;4696.05;0;4696.05;0.95;Ideal para usuarios exigentes que buscam qualidade
Placa de Video - AMD Radeon Max;AmericanasDigital;436.38;17;362.2;0.9;Construido com materiais resistentes e duraveis
Placa de Video - Nvidia RTX Ultra;AmericanasDigital;1165.88;8;1072.61;0.88;Desempenho superior com baixo consumo de energia
Placa de Video - AMD Radeon Max;KabumStore;1316.91;2;1290.57;0.91;Tecnologia avancada para maior velocidade e eficiencia
Placa de Video - Nvidia RTX Ultra;AmazonTech;231.01;1;228.7;0.98;Oferece excelente custo-beneficio e performance
Placa de Video - Nvidia RTX Ultra;KabumStore;1293.17;0;1293.17;0.86;Design moderno e otimizacao para melhor experiencia
Placa de Video - AMD Radeon Max;MercadoTech;1643.18;9;1495.29;0.88;Design moderno e otimizacao para melhor experiencia
Placa de Video - Gigabyte Gaming;FastShopTech;4500.34;16;3780.29;0.93;Construido com materiais resistentes e duraveis
Placa de Video - AMD Radeon Max;KabumStore;2257.25;7;2099.24;0.92;Alta durabilidade e garantia estendida
Placa de Video - Gigabyte Gaming;AmericanasDigital;923.69;5;877.51;0.92;Ideal para usuarios exigentes que buscam qualidade
Placa de Video - AMD Radeon Max;ExtraDigital;3634.26;7;3379.86;0.92;Desempenho superior com baixo consumo de energia
Placa de Video - AMD Radeon Max;AmericanasDigital;4980.21;13;4332.78;0.89;Perfeito para setups profissionais e gamers
Placa de Video - Nvidia RTX Ultra;ExtraDigital;774.22;0;774.22;0.98;Design moderno e otimizacao para melhor experiencia
Placa de Video - Nvidia RTX Ultra;MercadoTech;651.07;26;481.79;0.93;Construido com materiais resistentes e duraveis
Placa de Video - Gigabyte Gaming;PichauOnline;2217.31;20;1773.85;0.96;Oferece excelente custo-beneficio e performance
Placa de Video - Nvidia RTX Ultra;MagazineInfo;2865.18;8;2635.97;0.87;Desempenho superior com baixo consumo de energia
Placa de Video - Nvidia RTX Ultra;AmericanasDigital;4967.84;22;3874.92;0.87;Oferece excelente custo-beneficio e performance
Placa de Video - Gigabyte Gaming;FastShopTech;4954.8;7;4607.96;0.98;Facil instalacao e suporte garantido
Placa de Video - Gigabyte Gaming;TerabyteShop;2350.68;2;2303.67;0.91;Produto com alta compatibilidade e desempenho confiavel
Placa de Video - Gigabyte Gaming;TerabyteShop;3222.03;0;3222.03;0.86;Perfeito para setups profissionais e gamers
Placa de Video - Gigabyte Gaming;FastShopTech;899.35;4;863.38;0.86;Alta durabilidade e garantia estendida
Placa de Video - AMD Radeon Max;AmazonTech;73.75;27;53.84;0.9;Tecnologia avancada para maior velocidade e eficiencia
Placa de Video - Nvidia RTX Ultra;PichauOnline;544.63;28;392.13;0.9;Perfeito para setups profissionais e gamers
Placa de Video - Nvidia RTX Ultra;ExtraDigital;666.81;16;560.12;0.98;Oferece excelente custo-beneficio e performance
Placa de Video - Gigabyte Gaming;AmazonTech;2580.17;0;2580.17;0.94;Desempenho superior com baixo consumo de energia
Placa de Video - Nvidia RTX Ultra;MercadoTech;4146.24;23;3192.6;0.86;Facil instalacao e suporte garantido
Placa de Video - Gigabyte Gaming;AmericanasDigital;2143.09;24;1628.75;0.89;Alta durabilidade e garantia estendida
Placa de Video - Gigabyte Gaming;TerabyteShop;746.62;30;522.63;0.87;Design moderno e otimizacao para melhor experiencia
Placa de Video - Nvidia RTX Ultra;PichauOnline;2013.89;12;1772.22;0.96;Perfeito para setups profissionais e gamers
Placa de Video - AMD Radeon Max;MagazineInfo;4738.97;6;4454.63;0.98;Tecnologia avancada para maior velocidade e eficiencia
Placa de Video - Nvidia RTX Ultra;SubmarinoPlus;1614.23;0;1614.23;0.87;Oferece excelente custo-beneficio e performance
Placa de Video - AMD Radeon Max;KabumStore;1259.08;7;1170.94;0.97;Produto com alta compatibilidade e desempenho confiavel
Placa de Video - AMD Radeon Max;TerabyteShop;3248.72;4;3118.77;0.87;Alta durabilidade e garantia estendida
Placa de Video - Nvidia RTX Ultra;MercadoTech;63.24;4;60.71;0.88;Facil instalacao e suporte garantido
Placa de Video - Nvidia RTX Ultra;MercadoTech;3720.16;8;3422.55;0.87;Facil instalacao e suporte garantido
Placa de Video - AMD Radeon Max;AmazonTech;1209.74;30;846.82;0.88;Alta durabilidade e garantia estendida
Placa de Video - Gigabyte Gaming;AmazonTech;4675.65;9;4254.84;0.89;Ideal para usuarios exigentes que buscam qualidade
Placa de Video - Gigabyte Gaming;KabumStore;4957.92;14;4263.81;0.87;Produto com alta compatibilidade e desempenho confiavel
Placa de Video - AMD Radeon Max;FastShopTech;2646.34;0;2646.34;0.85;Tecnologia avancada para maior velocidade e eficiencia
Placa de Video - Gigabyte Gaming;MercadoTech;903.01;26;668.23;0.9;Construido com materiais resistentes e duraveis
Placa de Video - Nvidia RTX Ultra;SubmarinoPlus;192.91;28;138.9;0.88;Desempenho superior com baixo consumo de energia
Placa de Video - Gigabyte Gaming;AmericanasDigital;3598.44;5;3418.52;0.89;Oferece excelente custo-beneficio e performance
Placa de Video - AMD Radeon Max;FastShopTech;2980.05;2;2920.45;0.93;Desempenho superior com baixo consumo de energia
Placa de Video - Nvidia RTX Ultra;ExtraDigital;3382.78;24;2570.91;0.88;Desempenho superior com baixo consumo de energia
Placa de Video - Gigabyte Gaming;SubmarinoPlus;4004.48;26;2963.32;0.95;Construido com materiais resistentes e duraveis
Placa de Video - Gigabyte Gaming;FastShopTech;577.82;7;537.37;0.89;Oferece excelente custo-beneficio e performance
Placa de Video - Gigabyte Gaming;AmericanasDigital;3456.71;7;3214.74;0.88;Construido com materiais resistentes e duraveis
Placa de Video - AMD Radeon Max;KabumStore;3247.95;22;2533.4;0.92;Facil instalacao e suporte garantido
Placa de Video - Nvidia RTX Ultra;KabumStore;1927.96;6;1812.28;0.9;Perfeito para setups profissionais e gamers
Placa de Video - Nvidia RTX Ultra;PichauOnline;1395.35;24;1060.47;0.94;Alta durabilidade e garantia estendida
Placa de Video - Nvidia RTX Ultra;ExtraDigital;1867.78;8;1718.36;0.91;Facil instalacao e suporte garantido
Placa de Video - Gigabyte Gaming;ExtraDigital;4160.12;26;3078.49;0.85;Facil instalacao e suporte garantido
Placa de Video - Gigabyte Gaming;AmericanasDigital;3303.42;0;3303.42;0.94;Ideal para usuarios exigentes que buscam qualidade
Placa de Video - AMD Radeon Max;TerabyteShop;548.98;7;510.55;0.88;Design moderno e otimizacao para melhor experiencia
Placa de Video - Gigabyte Gaming;MercadoTech;1446.01;22;1127.89;0.9;Ideal para usuarios exigentes que buscam qualidade
Placa de Video - AMD Radeon Max;KabumStore;2753.6;10;2478.24;0.9;Ideal para usuarios exigentes que buscam qualidade
Placa de Video - AMD Radeon Max;MagazineInfo;770.04;23;592.93;0.97;Alta durabilidade e garantia estendida
Placa de Video - Gigabyte Gaming;SubmarinoPlus;1401.72;22;1093.34;0.91;Desempenho superior com baixo consumo de energia
Placa de Video - Nvidia RTX Ultra;KabumStore;264.14;10;237.73;0.93;Oferece excelente custo-beneficio e performance
Placa de Video - Gigabyte Gaming;ExtraDigital;4160.12;14;3577.7;0.95;Oferece excelente custo-beneficio e performance
Placa de Video - Nvidia RTX Ultra;KabumStore;3592.04;24;2729.95;0.91;Design moderno e otimizacao para melhor experiencia
Placa de Video - AMD Radeon Max;PichauOnline;4565.23;21;3606.53;0.87;Produto com alta compatibilidade e desempenho confiavel
Placa de Video - Nvidia RTX Ultra;ExtraDigital;1811.84;16;1521.95;0.98;Facil instalacao e suporte garantido
Placa de Video - Gigabyte Gaming;ExtraDigital;3919.04;15;3331.18;0.92;Alta durabilidade e garantia estendida
Placa de Video - AMD Radeon Max;TerabyteShop;1214.32;3;1177.89;0.98;Alta durabilidade e garantia estendida
Processador - AMD Ryzen Pro;AmazonTech;2826.56;15;2402.58;0.85;Tecnologia avancada para maior velocidade e eficiencia
Processador - Intel Core Ultra;MercadoTech;2472.38;30;1730.67;0.97;Construido com materiais resistentes e duraveis
Processador - Xeon Turbo;AmericanasDigital;504.32;27;368.15;0.92;Design moderno e otimizacao para melhor experiencia
Processador - AMD Ryzen Pro;TerabyteShop;78.86;16;66.24;0.88;Oferece excelente custo-beneficio e performance
Processador - AMD Ryzen Pro;FastShopTech;3703.85;15;3148.27;0.91;Oferece excelente custo-beneficio e performance
Processador - Xeon Turbo;AmericanasDigital;1197.08;21;945.69;0.96;Oferece excelente custo-beneficio e performance
Processador - Intel Core Ultra;MagazineInfo;4016.51;16;3373.87;0.91;Tecnologia avancada para maior velocidade e eficiencia
Processador - Intel Core Ultra;AmazonTech;3261.7;9;2968.15;0.91;Produto com alta compatibilidade e desempenho confiavel
Processador - AMD Ryzen Pro;PichauOnline;2139.95;2;2097.15;0.92;Desempenho superior com baixo consumo de energia
Processador - Xeon Turbo;AmericanasDigital;3195.85;24;2428.85;0.98;Ideal para usuarios exigentes que buscam qualidade
Processador - Intel Core Ultra;PichauOnline;563.95;13;490.64;0.97;Produto com alta compatibilidade e desempenho confiavel
Processador - Xeon Turbo;KabumStore;1638.8;9;1491.31;0.86;Ideal para usuarios exigentes que buscam qualidade
Processador - AMD Ryzen Pro;ExtraDigital;2774.89;16;2330.91;0.98;Facil instalacao e suporte garantido
Processador - Xeon Turbo;TerabyteShop;2576.87;15;2190.34;0.98;Facil instalacao e suporte garantido
Processador - AMD Ryzen Pro;PichauOnline;2469.71;8;2272.13;0.88;Design moderno e otimizacao para melhor experiencia
Processador - Xeon Turbo;FastShopTech;1519.24;18;1245.78;0.95;Oferece excelente custo-beneficio e performance
Processador - Intel Core Ultra;MercadoTech;1230.25;24;934.99;0.87;Ideal para usuarios exigentes que buscam qualidade
Processador - AMD Ryzen Pro;FastShopTech;3354.2;26;2482.11;0.94;Ideal para usuarios exigentes que buscam qualidade
Processador - AMD Ryzen Pro;SubmarinoPlus;4300.05;2;4214.05;0.92;Facil instalacao e suporte garantido
Processador - Xeon Turbo;FastShopTech;2886.96;18;2367.31;0.95;Design moderno e otimizacao para melhor experiencia
Processador - AMD Ryzen Pro;MercadoTech;2181.25;26;1614.12;0.89;Alta durabilidade e garantia estendida
Processador - Intel Core Ultra;TerabyteShop;969.26;30;678.48;0.95;Alta durabilidade e garantia estendida
Processador - Intel Core Ultra;MercadoTech;2100.38;5;1995.36;0.86;Produto com alta compatibilidade e desempenho confiavel
Processador - Intel Core Ultra;ExtraDigital;2503.96;0;2503.96;0.93;Desempenho superior com baixo consumo de energia
Processador - AMD Ryzen Pro;MagazineInfo;3666.41;19;2969.79;0.87;Ideal para usuarios exigentes que buscam qualidade
Processador - Xeon Turbo;ExtraDigital;2406.17;29;1708.38;0.85;Alta durabilidade e garantia estendida
Processador - Xeon Turbo;KabumStore;2802.2;24;2129.67;0.93;Desempenho superior com baixo consumo de energia
Processador - Intel Core Ultra;KabumStore;2235.89;26;1654.56;0.88;Tecnologia avancada para maior velocidade e eficiencia
Processador - AMD Ryzen Pro;AmericanasDigital;521.01;19;422.02;0.98;Ideal para usuarios exigentes que buscam qualidade
Processador - Xeon Turbo;ExtraDigital;975.39;12;858.34;0.98;Alta durabilidade e garantia estendida
Processador - AMD Ryzen Pro;ExtraDigital;4965.52;22;3873.11;0.93;Oferece excelente custo-beneficio e performance
Processador - Intel Core Ultra;FastShopTech;3819.7;26;2826.58;0.92;Design moderno e otimizacao para melhor experiencia
Processador - Intel Core Ultra;PichauOnline;1219.58;0;1219.58;0.86;Ideal para usuarios exigentes que buscam qualidade
Processador - AMD Ryzen Pro;AmericanasDigital;1324.04;10;1191.64;0.86;Facil instalacao e suporte garantido
Processador - Intel Core Ultra;FastShopTech;2199.39;27;1605.55;0.96;Alta durabilidade e garantia estendida
Processador - AMD Ryzen Pro;ExtraDigital;3539.64;25;2654.73;0.97;Produto com alta compatibilidade e desempenho confiavel
Processador - AMD Ryzen Pro;AmericanasDigital;611.75;6;575.04;0.98;Perfeito para setups profissionais e gamers
Processador - Intel Core Ultra;TerabyteShop;1781.69;2;1746.06;0.97;Tecnologia avancada para maior velocidade e eficiencia
Processador - Intel Core Ultra;AmericanasDigital;4667.65;11;4154.21;0.97;Ideal para usuarios exigentes que buscam qualidade
Processador - Xeon Turbo;SubmarinoPlus;1587.17;4;1523.68;0.93;Tecnologia avancada para maior velocidade e eficiencia
Processador - Intel Core Ultra;SubmarinoPlus;382.49;21;302.17;0.95;Facil instalacao e suporte garantido
Processador - Xeon Turbo;MagazineInfo;1628.31;2;1595.74;0.97;Facil instalacao e suporte garantido
Processador - Intel Core Ultra;KabumStore;1345.49;12;1184.03;0.85;Tecnologia avancada para maior velocidade e eficiencia
Processador - Xeon Turbo;ExtraDigital;2132.19;19;1727.07;0.95;Desempenho superior com baixo consumo de energia
Processador - Intel Core Ultra;MagazineInfo;2595.85;8;2388.18;0.91;Ideal para usuarios exigentes que buscam qualidade
Processador - Intel Core Ultra;MagazineInfo;4015.86;10;3614.27;0.93;Produto com alta compatibilidade e desempenho confiavel
Processador - Xeon Turbo;TerabyteShop;4968.3;22;3875.27;0.94;Alta durabilidade e garantia estendida
Processador - AMD Ryzen Pro;FastShopTech;1990.56;12;1751.69;0.93;Oferece excelente custo-beneficio e performance
Processador - Intel Core Ultra;MercadoTech;3380.74;13;2941.24;0.88;Alta durabilidade e garantia estendida
Processador - Intel Core Ultra;FastShopTech;4883.89;27;3565.24;0.98;Alta durabilidade e garantia estendida
Processador - Intel Core Ultra;AmazonTech;1432.57;18;1174.71;0.93;Perfeito para setups profissionais e gamers
Processador - AMD Ryzen Pro;MercadoTech;1694.35;12;1491.03;0.89;Facil instalacao e suporte garantido
Processador - AMD Ryzen Pro;AmericanasDigital;2557.51;18;2097.16;0.88;Produto com alta compatibilidade e desempenho confiavel
Processador - Xeon Turbo;FastShopTech;4667.29;18;3827.18;0.86;Alta durabilidade e garantia estendida
Processador - Intel Core Ultra;AmazonTech;1827.15;4;1754.06;0.96;Desempenho superior com baixo consumo de energia
Processador - Intel Core Ultra;MercadoTech;4436.1;8;4081.21;0.88;Facil instalacao e suporte garantido
Processador - AMD Ryzen Pro;FastShopTech;1043.15;22;813.66;0.96;Ideal para usuarios exigentes que buscam qualidade
Processador - Xeon Turbo;KabumStore;3988.92;24;3031.58;0.85;Oferece excelente custo-beneficio e performance
Processador - AMD Ryzen Pro;SubmarinoPlus;3924.56;13;3414.37;0.96;Construido com materiais resistentes e duraveis
Processador - AMD Ryzen Pro;MagazineInfo;2422.97;17;2011.07;0.96;Ideal para usuarios exigentes que buscam qualidade
Processador - Intel Core Ultra;MercadoTech;2238.27;1;2215.89;0.97;Perfeito para setups profissionais e gamers
Processador - Intel Core Ultra;MercadoTech;69.28;19;56.12;0.96;Tecnologia avancada para maior velocidade e eficiencia
Processador - Xeon Turbo;MagazineInfo;1543.45;8;1419.97;0.92;Construido com materiais resistentes e duraveis
Processador - AMD Ryzen Pro;ExtraDigital;3608.75;26;2670.47;0.86;Tecnologia avancada para maior velocidade e eficiencia
Processador - Intel Core Ultra;TerabyteShop;3186.08;0;3186.08;0.98;Ideal para usuarios exigentes que buscam qualidade
Processador - AMD Ryzen Pro;KabumStore;597.01;10;537.31;0.9;Ideal para usuarios exigentes que buscam qualidade
Processador - Intel Core Ultra;PichauOnline;4818.2;30;3372.74;0.98;Construido com materiais resistentes e duraveis
Processador - Intel Core Ultra;MagazineInfo;2275.1;3;2206.85;0.91;Ideal para usuarios exigentes que buscam qualidade
Processador - AMD Ryzen Pro;SubmarinoPlus;4970.65;18;4075.93;0.9;Perfeito para setups profissionais e gamers
Processador - Xeon Turbo;FastShopTech;846.36;11;753.26;0.91;Perfeito para setups profissionais e gamers
Processador - Intel Core Ultra;SubmarinoPlus;1649.57;21;1303.16;0.97;Desempenho superior com baixo consumo de energia
Processador - Intel Core Ultra;FastShopTech;3838.36;7;3569.67;0.9;Desempenho superior com baixo consumo de energia
Processador - Intel Core Ultra;FastShopTech;716.03;12;630.11;0.97;Oferece excelente custo-beneficio e performance
Processador - Intel Core Ultra;SubmarinoPlus;1569.12;8;1443.59;0.96;Facil instalacao e suporte garantido
Processador - AMD Ryzen Pro;ExtraDigital;3698.51;27;2699.91;0.92;Ideal para usuarios exigentes que buscam qualidade
Processador - AMD Ryzen Pro;TerabyteShop;758.92;12;667.85;0.93;Produto com alta compatibilidade e desempenho confiavel
Processador - Xeon Turbo;ExtraDigital;2137.57;27;1560.43;0.87;Alta durabilidade e garantia estendida
Processador - AMD Ryzen Pro;ExtraDigital;1937.96;20;1550.37;0.89;Perfeito para setups profissionais e gamers
Processador - Xeon Turbo;AmazonTech;4192.11;13;3647.14;0.9;Tecnologia avancada para maior velocidade e eficiencia
Processador - Xeon Turbo;TerabyteShop;2870.81;12;2526.31;0.95;Alta durabilidade e garantia estendida
Processador - AMD Ryzen Pro;KabumStore;2103.6;18;1724.95;0.92;Facil instalacao e suporte garantido
Processador - Xeon Turbo;FastShopTech;2332.94;12;2052.99;0.94;Produto com alta compatibilidade e desempenho confiavel
Processador - AMD Ryzen Pro;AmazonTech;3013.98;6;2833.14;0.95;Alta durabilidade e garantia estendida
Processador - Xeon Turbo;FastShopTech;3987.35;4;3827.86;0.86;Tecnologia avancada para maior velocidade e eficiencia
Processador - AMD Ryzen Pro;AmericanasDigital;1511.22;30;1057.85;0.93;Facil instalacao e suporte garantido
Processador - AMD Ryzen Pro;SubmarinoPlus;310.0;7;288.3;0.87;Desempenho superior com baixo consumo de energia
Processador - Intel Core Ultra;AmazonTech;2001.85;9;1821.68;0.91;Design moderno e otimizacao para melhor experiencia
Processador - Xeon Turbo;ExtraDigital;2132.33;5;2025.71;0.92;Construido com materiais resistentes e duraveis
Processador - Xeon Turbo;MercadoTech;2287.28;26;1692.59;0.98;Oferece excelente custo-beneficio e performance
Processador - Xeon Turbo;MagazineInfo;4146.31;13;3607.29;0.96;Design moderno e otimizacao para melhor experiencia
Processador - Intel Core Ultra;MercadoTech;1242.75;4;1193.04;0.91;Perfeito para setups profissionais e gamers
Processador - AMD Ryzen Pro;KabumStore;2165.89;12;1905.98;0.97;Design moderno e otimizacao para melhor experiencia
Processador - AMD Ryzen Pro;AmazonTech;3115.16;1;3084.01;0.88;Facil instalacao e suporte garantido
Processador - Xeon Turbo;FastShopTech;554.8;22;432.74;0.96;Tecnologia avancada para maior velocidade e eficiencia
Processador - Intel Core Ultra;AmazonTech;265.31;0;265.31;0.88;Construido com materiais resistentes e duraveis
Processador - AMD Ryzen Pro;MagazineInfo;3541.57;3;3435.32;0.98;Produto com alta compatibilidade e desempenho confiavel
Processador - AMD Ryzen Pro;SubmarinoPlus;3811.29;19;3087.14;0.85;Alta durabilidade e garantia estendida
Processador - Intel Core Ultra;AmericanasDigital;439.2;10;395.28;0.97;Tecnologia avancada para maior velocidade e eficiencia
Processador - Intel Core Ultra;PichauOnline;3487.81;21;2755.37;0.91;Oferece excelente custo-beneficio e performance
Processador - Xeon Turbo;MagazineInfo;4109.39;3;3986.11;0.9;Perfeito para setups profissionais e gamers
Processador - AMD Ryzen Pro;PichauOnline;1374.75;14;1182.29;0.94;Alta durabilidade e garantia estendida
Processador - Intel Core Ultra;FastShopTech;3184.51;9;2897.9;0.9;Design moderno e otimizacao para melhor experiencia
Processador - Xeon Turbo;KabumStore;3665.05;24;2785.44;0.89;Perfeito para setups profissionais e gamers
Processador - Intel Core Ultra;FastShopTech;202.9;15;172.47;0.94;Alta durabilidade e garantia estendida
Processador - AMD Ryzen Pro;AmericanasDigital;4941.42;1;4892.01;0.94;Perfeito para setups profissionais e gamers
Processador - AMD Ryzen Pro;MercadoTech;1686.99;23;1298.98;0.96;Produto com alta compatibilidade e desempenho confiavel
Processador - Intel Core Ultra;SubmarinoPlus;1790.11;26;1324.68;0.86;Facil instalacao e suporte garantido
Processador - Intel Core Ultra;TerabyteShop;1879.07;20;1503.26;0.95;Alta durabilidade e garantia estendida
Processador - Xeon Turbo;FastShopTech;3712.15;8;3415.18;0.91;Alta durabilidade e garantia estendida
Processador - AMD Ryzen Pro;SubmarinoPlus;1760.33;0;1760.33;0.96;Perfeito para setups profissionais e gamers
Processador - Xeon Turbo;PichauOnline;2032.42;3;1971.45;0.89;Alta durabilidade e garantia estendida
Processador - AMD Ryzen Pro;PichauOnline;3123.81;29;2217.91;0.87;Ideal para usuarios exigentes que buscam qualidade
Processador - Intel Core Ultra;PichauOnline;1793.57;6;1685.96;0.98;Ideal para usuarios exigentes que buscam qualidade
Processador - AMD Ryzen Pro;MercadoTech;3081.34;28;2218.56;0.86;Desempenho superior com baixo consumo de energia
Processador - Xeon Turbo;SubmarinoPlus;1259.11;22;982.11;0.9;Tecnologia avancada para maior velocidade e eficiencia
Processador - AMD Ryzen Pro;AmazonTech;2315.31;22;1805.94;0.88;Construido com materiais resistentes e duraveis
Processador - Intel Core Ultra;SubmarinoPlus;1470.19;1;1455.49;0.88;Desempenho superior com baixo consumo de energia
Processador - AMD Ryzen Pro;AmericanasDigital;2125.45;7;1976.67;0.98;Tecnologia avancada para maior velocidade e eficiencia
Processador - Xeon Turbo;ExtraDigital;4229.5;17;3510.48;0.99;Facil instalacao e suporte garantido
Processador - AMD Ryzen Pro;MercadoTech;4374.99;23;3368.74;0.97;Design moderno e otimizacao para melhor experiencia
Processador - Xeon Turbo;SubmarinoPlus;3464.8;5;3291.56;0.85;Ideal para usuarios exigentes que buscam qualidade
Processador - Xeon Turbo;SubmarinoPlus;3235.87;24;2459.26;0.9;Desempenho superior com baixo consumo de energia
Processador - Intel Core Ultra;TerabyteShop;3395.28;0;3395.28;0.93;Alta durabilidade e garantia estendida
Processador - Xeon Turbo;TerabyteShop;3828.79;30;2680.15;0.94;Alta durabilidade e garantia estendida
Processador - Intel Core Ultra;AmazonTech;2135.54;3;2071.47;0.89;Facil instalacao e suporte garantido
Processador - Xeon Turbo;MercadoTech;209.64;19;169.81;0.89;Desempenho superior com baixo consumo de energia
Processador - AMD Ryzen Pro;ExtraDigital;1111.28;26;822.35;0.87;Facil instalacao e suporte garantido
Processador - Intel Core Ultra;PichauOnline;260.59;10;234.53;0.96;Oferece excelente custo-beneficio e performance
Processador - Xeon Turbo;SubmarinoPlus;3965.96;27;2895.15;0.86;Tecnologia avancada para maior velocidade e eficiencia
Processador - Intel Core Ultra;SubmarinoPlus;3649.24;17;3028.87;0.95;Ideal para usuarios exigentes que buscam qualidade
Processador - Xeon Turbo;SubmarinoPlus;4244.54;30;2971.18;0.97;Design moderno e otimizacao para melhor experiencia
Processador - AMD Ryzen Pro;KabumStore;805.18;22;628.04;0.89;Desempenho superior com baixo consumo de energia
Processador - Xeon Turbo;PichauOnline;4781.68;10;4303.51;0.97;Construido com materiais resistentes e duraveis
Processador - Xeon Turbo;MercadoTech;1156.67;26;855.94;0.94;Design moderno e otimizacao para melhor experiencia
Processador - Xeon Turbo;AmericanasDigital;3133.22;2;3070.56;0.94;Design moderno e otimizacao para melhor experiencia
Processador - AMD Ryzen Pro;KabumStore;2902.91;28;2090.1;0.96;Oferece excelente custo-beneficio e performance
Processador - Intel Core Ultra;MagazineInfo;3089.19;30;2162.43;0.87;Alta durabilidade e garantia estendida
Processador - Intel Core Ultra;SubmarinoPlus;1990.76;9;1811.59;0.98;Tecnologia avancada para maior velocidade e eficiencia
Processador - AMD Ryzen Pro;MagazineInfo;444.99;28;320.39;0.88;Perfeito para setups profissionais e gamers
Processador - AMD Ryzen Pro;KabumStore;3495.15;16;2935.93;0.92;Produto com alta compatibilidade e desempenho confiavel
Processador - AMD Ryzen Pro;MercadoTech;3051.98;11;2716.26;0.91;Oferece excelente custo-beneficio e performance
Processador - Intel Core Ultra;SubmarinoPlus;826.54;15;702.56;0.86;Perfeito para setups profissionais e gamers
Processador - Xeon Turbo;SubmarinoPlus;2006.31;24;1524.8;0.96;Construido com materiais resistentes e duraveis
Processador - Xeon Turbo;ExtraDigital;2106.98;6;1980.56;0.85;Desempenho superior com baixo consumo de energia
Processador - Intel Core Ultra;MagazineInfo;2361.76;21;1865.79;0.87;Facil instalacao e suporte garantido
Processador - Intel Core Ultra;AmazonTech;4905.59;13;4267.86;0.87;Alta durabilidade e garantia estendida
Processador - Intel Core Ultra;KabumStore;2356.85;27;1720.5;0.93;Tecnologia avancada para maior velocidade e eficiencia
Processador - Intel Core Ultra;TerabyteShop;3726.13;9;3390.78;0.9;Desempenho superior com baixo consumo de energia
Processador - Intel Core Ultra;MercadoTech;351.95;2;344.91;0.87;Design moderno e otimizacao para melhor experiencia
Processador - Xeon Turbo;MagazineInfo;3694.3;19;2992.38;0.87;Design moderno e otimizacao para melhor experiencia
Processador - Xeon Turbo;KabumStore;4085.39;28;2941.48;0.98;Oferece excelente custo-beneficio e performance
Processador - AMD Ryzen Pro;MercadoTech;1040.89;28;749.44;0.92;Construido com materiais resistentes e duraveis
Processador - AMD Ryzen Pro;ExtraDigital;1052.65;10;947.39;0.98;Oferece excelente custo-beneficio e performance
Processador - AMD Ryzen Pro;FastShopTech;2303.35;6;2165.15;0.85;Perfeito para setups profissionais e gamers
Processador - Xeon Turbo;FastShopTech;673.69;25;505.27;0.92;Oferece excelente custo-beneficio e performance
Processador - Xeon Turbo;MercadoTech;529.2;8;486.86;0.89;Ideal para usuarios exigentes que buscam qualidade
Processador - Xeon Turbo;FastShopTech;4041.18;29;2869.24;0.95;Tecnologia avancada para maior velocidade e eficiencia
Processador - Xeon Turbo;AmericanasDigital;1708.06;21;1349.37;0.93;Desempenho superior com baixo consumo de energia
Processador - AMD Ryzen Pro;AmericanasDigital;2137.16;22;1666.98;0.86;Produto com alta compatibilidade e desempenho confiavel
Processador - Xeon Turbo;SubmarinoPlus;1425.54;5;1354.26;0.93;Perfeito para setups profissionais e gamers
Processador - Intel Core Ultra;TerabyteShop;1425.68;5;1354.4;0.94;Desempenho superior com baixo consumo de energia
Processador - Xeon Turbo;AmericanasDigital;4373.11;9;3979.53;0.89;Facil instalacao e suporte garantido
Processador - AMD Ryzen Pro;TerabyteShop;375.21;7;348.95;0.87;Tecnologia avancada para maior velocidade e eficiencia
Processador - Intel Core Ultra;MercadoTech;4529.06;20;3623.25;0.96;Construido com materiais resistentes e duraveis
Processador - AMD Ryzen Pro;TerabyteShop;651.36;7;605.76;0.9;Produto com alta compatibilidade e desempenho confiavel
Processador - AMD Ryzen Pro;PichauOnline;1543.07;22;1203.59;0.88;Alta durabilidade e garantia estendida
Processador - Intel Core Ultra;TerabyteShop;4138.28;21;3269.24;0.9;Oferece excelente custo-beneficio e performance
Processador - Intel Core Ultra;FastShopTech;4149.44;16;3485.53;0.88;Construido com materiais resistentes e duraveis
Processador - Xeon Turbo;AmericanasDigital;3936.68;12;3464.28;0.98;Design moderno e otimizacao para melhor experiencia
Processador - Xeon Turbo;SubmarinoPlus;1396.03;28;1005.14;0.94;Ideal para usuarios exigentes que buscam qualidade
Processador - Xeon Turbo;ExtraDigital;625.66;2;613.15;0.88;Oferece excelente custo-beneficio e performance
Processador - Xeon Turbo;AmericanasDigital;3495.09;3;3390.24;0.87;Design moderno e otimizacao para melhor experiencia
Processador - AMD Ryzen Pro;AmericanasDigital;3840.68;20;3072.54;0.88;Facil instalacao e suporte garantido
Processador - Intel Core Ultra;AmericanasDigital;1943.03;25;1457.27;0.96;Design moderno e otimizacao para melhor experiencia
Processador - AMD Ryzen Pro;KabumStore;947.34;25;710.5;0.91;Perfeito para setups profissionais e gamers
Processador - Xeon Turbo;MagazineInfo;3620.68;1;3584.47;0.9;Oferece excelente custo-beneficio e performance
Processador - Intel Core Ultra;AmericanasDigital;3259.11;29;2313.97;0.99;Design moderno e otimizacao para melhor experiencia
Processador - Intel Core Ultra;ExtraDigital;305.38;28;219.87;0.95;Produto com alta compatibilidade e desempenho confiavel
Processador - AMD Ryzen Pro;ExtraDigital;1188.84;6;1117.51;0.87;Alta durabilidade e garantia estendida
Processador - Xeon Turbo;SubmarinoPlus;4264.94;16;3582.55;0.98;Ideal para usuarios exigentes que buscam qualidade
Processador - Intel Core Ultra;AmericanasDigital;2819.88;28;2030.31;0.96;Perfeito para setups profissionais e gamers
Processador - Intel Core Ultra;TerabyteShop;4074.63;27;2974.48;0.87;Produto com alta compatibilidade e desempenho confiavel
Processador - Intel Core Ultra;KabumStore;2065.29;24;1569.62;0.87;Design moderno e otimizacao para melhor experiencia
Processador - AMD Ryzen Pro;AmericanasDigital;1344.08;21;1061.82;0.98;Facil instalacao e suporte garantido
Processador - Intel Core Ultra;KabumStore;852.56;7;792.88;0.91;Ideal para usuarios exigentes que buscam qualidade
Processador - Xeon Turbo;PichauOnline;2985.25;11;2656.87;0.92;Design moderno e otimizacao para melhor experiencia
Processador - AMD Ryzen Pro;AmazonTech;2398.65;6;2254.73;0.93;Oferece excelente custo-beneficio e performance
Processador - AMD Ryzen Pro;ExtraDigital;2101.91;12;1849.68;0.85;Tecnologia avancada para maior velocidade e eficiencia
Processador - Xeon Turbo;AmazonTech;2131.27;18;1747.64;0.95;Design moderno e otimizacao para melhor experiencia
Processador - Xeon Turbo;FastShopTech;1028.77;23;792.15;0.89;Produto com alta compatibilidade e desempenho confiavel
Processador - Xeon Turbo;FastShopTech;2662.66;6;2502.9;0.9;Oferece excelente custo-beneficio e performance
Processador - Xeon Turbo;ExtraDigital;1494.31;9;1359.82;0.92;Desempenho superior com baixo consumo de energia
Processador - AMD Ryzen Pro;KabumStore;2238.93;25;1679.2;0.92;Alta durabilidade e garantia estendida
Processador - Intel Core Ultra;AmazonTech;2798.35;14;2406.58;0.87;Tecnologia avancada para maior velocidade e eficiencia
Processador - AMD Ryzen Pro;MercadoTech;704.85;16;592.07;0.86;Tecnologia avancada para maior velocidade e eficiencia
Processador - Intel Core Ultra;AmazonTech;2928.5;6;2752.79;0.94;Perfeito para setups profissionais e gamers
Processador - Intel Core Ultra;TerabyteShop;2958.2;23;2277.81;0.85;Design moderno e otimizacao para melhor experiencia
Processador - Xeon Turbo;PichauOnline;4855.74;30;3399.02;0.9;Desempenho superior com baixo consumo de energia
Processador - Xeon Turbo;MagazineInfo;219.54;0;219.54;0.91;Perfeito para setups profissionais e gamers
Processador - Xeon Turbo;TerabyteShop;599.21;28;431.43;0.9;Ideal para usuarios exigentes que buscam qualidade
Cooler - Corsair Hydro;MercadoTech;1983.53;14;1705.84;0.98;Alta durabilidade e garantia estendida
Cooler - Noctua Silent;AmazonTech;1298.64;28;935.02;0.89;Produto com alta compatibilidade e desempenho confiavel
Cooler - Noctua Silent;MagazineInfo;3433.48;25;2575.11;0.89;Facil instalacao e suporte garantido
Cooler - CoolerMaster Hyper;AmazonTech;381.54;19;309.05;0.93;Perfeito para setups profissionais e gamers
Cooler - Noctua Silent;KabumStore;4628.29;21;3656.35;0.89;Perfeito para setups profissionais e gamers
Cooler - CoolerMaster Hyper;PichauOnline;3724.87;25;2793.65;0.9;Produto com alta compatibilidade e desempenho confiavel
Cooler - Corsair Hydro;AmericanasDigital;1547.22;14;1330.61;0.9;Oferece excelente custo-beneficio e performance
Cooler - CoolerMaster Hyper;FastShopTech;2395.4;10;2155.86;0.99;Alta durabilidade e garantia estendida
Cooler - Corsair Hydro;TerabyteShop;1416.37;15;1203.91;0.95;Design moderno e otimizacao para melhor experiencia
Cooler - CoolerMaster Hyper;KabumStore;4644.35;13;4040.58;0.97;Produto com alta compatibilidade e desempenho confiavel
Cooler - Corsair Hydro;FastShopTech;1626.57;25;1219.93;0.99;Design moderno e otimizacao para melhor experiencia
Cooler - CoolerMaster Hyper;AmazonTech;240.32;4;230.71;0.98;Tecnologia avancada para maior velocidade e eficiencia
Cooler - Noctua Silent;KabumStore;3090.1;18;2533.88;0.97;Oferece excelente custo-beneficio e performance
Cooler - Noctua Silent;FastShopTech;130.7;11;116.32;0.93;Tecnologia avancada para maior velocidade e eficiencia
Cooler - Corsair Hydro;MagazineInfo;162.81;13;141.64;0.94;Facil instalacao e suporte garantido
Cooler - Noctua Silent;ExtraDigital;2623.58;10;2361.22;0.97;Facil instalacao e suporte garantido
Cooler - CoolerMaster Hyper;MagazineInfo;4295.05;24;3264.24;0.96;Facil instalacao e suporte garantido
Cooler - Corsair Hydro;AmazonTech;1821.02;20;1456.82;0.96;Produto com alta compatibilidade e desempenho confiavel
Cooler - Corsair Hydro;KabumStore;3923.12;16;3295.42;0.89;Facil instalacao e suporte garantido
Cooler - Corsair Hydro;PichauOnline;3868.07;0;3868.07;0.95;Design moderno e otimizacao para melhor experiencia
Cooler - CoolerMaster Hyper;AmericanasDigital;961.94;26;711.84;0.99;Facil instalacao e suporte garantido
Cooler - CoolerMaster Hyper;MercadoTech;2298.72;12;2022.87;0.88;Construido com materiais resistentes e duraveis
Cooler - Corsair Hydro;FastShopTech;787.21;16;661.26;0.96;Tecnologia avancada para maior velocidade e eficiencia
Cooler - CoolerMaster Hyper;MagazineInfo;3663.75;30;2564.62;0.96;Desempenho superior com baixo consumo de energia
Cooler - Noctua Silent;KabumStore;1192.45;25;894.34;0.98;Facil instalacao e suporte garantido
Cooler - Corsair Hydro;KabumStore;3687.48;12;3244.98;0.87;Alta durabilidade e garantia estendida
Cooler - Noctua Silent;MercadoTech;3940.32;27;2876.43;0.86;Produto com alta compatibilidade e desempenho confiavel
Cooler - Noctua Silent;PichauOnline;684.38;9;622.79;0.94;Alta durabilidade e garantia estendida
Cooler - Noctua Silent;ExtraDigital;4299.44;12;3783.51;0.97;Facil instalacao e suporte garantido
Cooler - CoolerMaster Hyper;MagazineInfo;1367.95;8;1258.51;0.89;Facil instalacao e suporte garantido
Cooler - Noctua Silent;TerabyteShop;3671.03;14;3157.09;0.96;Facil instalacao e suporte garantido
Cooler - Noctua Silent;ExtraDigital;4066.73;23;3131.38;0.86;Produto com alta compatibilidade e desempenho confiavel
Cooler - Noctua Silent;TerabyteShop;1429.33;29;1014.82;0.86;Tecnologia avancada para maior velocidade e eficiencia
Cooler - CoolerMaster Hyper;FastShopTech;3140.2;30;2198.14;0.89;Oferece excelente custo-beneficio e performance
Cooler - CoolerMaster Hyper;PichauOnline;3458.97;11;3078.48;0.92;Facil instalacao e suporte garantido
Cooler - Noctua Silent;MagazineInfo;3561.74;3;3454.89;0.9;Perfeito para setups profissionais e gamers
Cooler - Noctua Silent;AmazonTech;2639.78;24;2006.23;0.95;Facil instalacao e suporte garantido
Cooler - CoolerMaster Hyper;MagazineInfo;247.03;10;222.33;0.86;Construido com materiais resistentes e duraveis
Cooler - CoolerMaster Hyper;MagazineInfo;4143.1;13;3604.5;0.92;Oferece excelente custo-beneficio e performance
Cooler - Corsair Hydro;MercadoTech;2872.81;15;2441.89;0.91;Ideal para usuarios exigentes que buscam qualidade
Cooler - Corsair Hydro;PichauOnline;646.3;12;568.74;0.86;Alta durabilidade e garantia estendida
Cooler - Noctua Silent;FastShopTech;3642.39;10;3278.15;0.85;Produto com alta compatibilidade e desempenho confiavel
Cooler - CoolerMaster Hyper;ExtraDigital;1736.12;29;1232.65;0.96;Facil instalacao e suporte garantido
Cooler - Corsair Hydro;AmericanasDigital;1869.12;18;1532.68;0.99;Tecnologia avancada para maior velocidade e eficiencia
Cooler - CoolerMaster Hyper;TerabyteShop;1522.4;19;1233.14;0.93;Facil instalacao e suporte garantido
Cooler - Corsair Hydro;SubmarinoPlus;2102.02;18;1723.66;0.87;Alta durabilidade e garantia estendida
Cooler - Corsair Hydro;AmazonTech;2786.82;0;2786.82;0.97;Construido com materiais resistentes e duraveis
Cooler - Corsair Hydro;MagazineInfo;4117.72;17;3417.71;0.98;Ideal para usuarios exigentes que buscam qualidade
Cooler - CoolerMaster Hyper;PichauOnline;911.62;10;820.46;0.9;Alta durabilidade e garantia estendida
Cooler - CoolerMaster Hyper;ExtraDigital;1938.36;30;1356.85;0.94;Desempenho superior com baixo consumo de energia
Cooler - Corsair Hydro;AmazonTech;1293.19;26;956.96;0.89;Design moderno e otimizacao para melhor experiencia
Cooler - Corsair Hydro;SubmarinoPlus;3011.86;2;2951.62;0.92;Design moderno e otimizacao para melhor experiencia
Cooler - Corsair Hydro;AmazonTech;326.82;9;297.41;0.91;Oferece excelente custo-beneficio e performance
Cooler - Corsair Hydro;MagazineInfo;387.84;0;387.84;0.87;Facil instalacao e suporte garantido
Cooler - Corsair Hydro;AmericanasDigital;4554.23;8;4189.89;0.95;Alta durabilidade e garantia estendida
Cooler - CoolerMaster Hyper;AmericanasDigital;4086.1;30;2860.27;0.98;Perfeito para setups profissionais e gamers
Cooler - CoolerMaster Hyper;MagazineInfo;1243.23;21;982.15;0.91;Facil instalacao e suporte garantido
Cooler - Corsair Hydro;FastShopTech;3780.26;23;2910.8;0.93;Construido com materiais resistentes e duraveis
Cooler - CoolerMaster Hyper;MercadoTech;3221.05;3;3124.42;0.87;Perfeito para setups profissionais e gamers
Cooler - Corsair Hydro;ExtraDigital;2211.51;28;1592.29;0.86;Alta durabilidade e garantia estendida
Cooler - Corsair Hydro;SubmarinoPlus;2262.01;5;2148.91;0.96;Produto com alta compatibilidade e desempenho confiavel
Cooler - Corsair Hydro;PichauOnline;1388.9;9;1263.9;0.86;Facil instalacao e suporte garantido
Cooler - CoolerMaster Hyper;AmericanasDigital;98.05;27;71.58;0.86;Alta durabilidade e garantia estendida
Cooler - CoolerMaster Hyper;MercadoTech;2214.4;23;1705.09;0.94;Desempenho superior com baixo consumo de energia
Cooler - Noctua Silent;KabumStore;2494.49;20;1995.59;0.88;Alta durabilidade e garantia estendida
Cooler - Noctua Silent;AmericanasDigital;710.86;27;518.93;0.97;Construido com materiais resistentes e duraveis
Cooler - CoolerMaster Hyper;SubmarinoPlus;4973.67;7;4625.51;0.87;Facil instalacao e suporte garantido
Cooler - Noctua Silent;AmericanasDigital;2006.42;17;1665.33;0.86;Produto com alta compatibilidade e desempenho confiavel
Cooler - CoolerMaster Hyper;ExtraDigital;3479.52;14;2992.39;0.88;Ideal para usuarios exigentes que buscam qualidade
Cooler - Noctua Silent;PichauOnline;1663.68;15;1414.13;0.98;Produto com alta compatibilidade e desempenho confiavel
Cooler - CoolerMaster Hyper;ExtraDigital;4941.32;21;3903.64;0.89;Perfeito para setups profissionais e gamers
Cooler - CoolerMaster Hyper;FastShopTech;84.77;30;59.34;0.93;Perfeito para setups profissionais e gamers
Cooler - Corsair Hydro;MercadoTech;4953.13;13;4309.22;0.9;Design moderno e otimizacao para melhor experiencia
Cooler - CoolerMaster Hyper;MagazineInfo;3958.78;21;3127.44;0.97;Design moderno e otimizacao para melhor experiencia
Cooler - Corsair Hydro;PichauOnline;4343.37;4;4169.64;0.95;Perfeito para setups profissionais e gamers
Cooler - Noctua Silent;AmericanasDigital;2305.22;12;2028.59;0.97;Facil instalacao e suporte garantido
Cooler - Noctua Silent;PichauOnline;4828.02;10;4345.22;0.91;Produto com alta compatibilidade e desempenho confiavel
Cooler - Noctua Silent;FastShopTech;3234.52;21;2555.27;0.91;Alta durabilidade e garantia estendida
Cooler - Noctua Silent;FastShopTech;892.06;17;740.41;0.96;Alta durabilidade e garantia estendida
Cooler - CoolerMaster Hyper;KabumStore;2713.11;7;2523.19;0.9;Desempenho superior com baixo consumo de energia
Cooler - CoolerMaster Hyper;TerabyteShop;3543.74;7;3295.68;0.92;Tecnologia avancada para maior velocidade e eficiencia
Cooler - Corsair Hydro;MagazineInfo;2238.75;23;1723.84;0.99;Desempenho superior com baixo consumo de energia
Cooler - CoolerMaster Hyper;FastShopTech;935.15;7;869.69;0.95;Alta durabilidade e garantia estendida
Cooler - Corsair Hydro;PichauOnline;2775.81;25;2081.86;0.98;Tecnologia avancada para maior velocidade e eficiencia
Cooler - CoolerMaster Hyper;MagazineInfo;4197.8;12;3694.06;0.98;Facil instalacao e suporte garantido
Cooler - Noctua Silent;MercadoTech;3224.63;26;2386.23;0.93;Tecnologia avancada para maior velocidade e eficiencia
Cooler - Noctua Silent;SubmarinoPlus;951.79;19;770.95;0.96;Construido com materiais resistentes e duraveis
Cooler - CoolerMaster Hyper;ExtraDigital;3381.15;18;2772.54;0.95;Oferece excelente custo-beneficio e performance
Cooler - Corsair Hydro;MercadoTech;2736.41;29;1942.85;0.88;Facil instalacao e suporte garantido
Cooler - CoolerMaster Hyper;AmazonTech;2861.62;26;2117.6;0.96;Tecnologia avancada para maior velocidade e eficiencia
Cooler - Corsair Hydro;TerabyteShop;3702.65;28;2665.91;0.86;Produto com alta compatibilidade e desempenho confiavel
Cooler - CoolerMaster Hyper;MagazineInfo;4356.58;0;4356.58;0.89;Construido com materiais resistentes e duraveis
Cooler - Noctua Silent;MagazineInfo;1058.3;0;1058.3;0.93;Desempenho superior com baixo consumo de energia
Cooler - CoolerMaster Hyper;MercadoTech;4607.44;13;4008.47;0.89;Design moderno e otimizacao para melhor experiencia
Cooler - Noctua Silent;SubmarinoPlus;1135.37;23;874.23;0.91;Facil instalacao e suporte garantido
Cooler - CoolerMaster Hyper;AmazonTech;439.79;9;400.21;0.89;Oferece excelente custo-beneficio e performance
Cooler - Corsair Hydro;AmazonTech;2207.54;9;2008.86;0.98;Design moderno e otimizacao para melhor experiencia
Cooler - CoolerMaster Hyper;SubmarinoPlus;998.47;25;748.85;0.87;Design moderno e otimizacao para melhor experiencia
Cooler - CoolerMaster Hyper;AmazonTech;242.47;14;208.52;0.91;Design moderno e otimizacao para melhor experiencia
Cooler - CoolerMaster Hyper;SubmarinoPlus;340.17;28;244.92;0.89;Facil instalacao e suporte garantido
Cooler - Noctua Silent;MagazineInfo;2821.25;23;2172.36;0.88;Alta durabilidade e garantia estendida
Cooler - Corsair Hydro;AmericanasDigital;4599.39;10;4139.45;0.89;Design moderno e otimizacao para melhor experiencia
Cooler - Corsair Hydro;MercadoTech;3116.2;10;2804.58;0.97;Tecnologia avancada para maior velocidade e eficiencia
Cooler - CoolerMaster Hyper;AmazonTech;2351.51;0;2351.51;0.95;Construido com materiais resistentes e duraveis
Cooler - CoolerMaster Hyper;AmazonTech;544.67;6;511.99;0.94;Perfeito para setups profissionais e gamers
Cooler - CoolerMaster Hyper;TerabyteShop;855.1;23;658.43;0.91;Oferece excelente custo-beneficio e performance
Cooler - Noctua Silent;KabumStore;1885.94;8;1735.06;0.95;Perfeito para setups profissionais e gamers
Cooler - CoolerMaster Hyper;TerabyteShop;3780.45;4;3629.23;0.92;Perfeito para setups profissionais e gamers
Cooler - Noctua Silent;MercadoTech;3221.93;22;2513.11;0.94;Alta durabilidade e garantia estendida
Cooler - Noctua Silent;ExtraDigital;1909.86;15;1623.38;0.88;Design moderno e otimizacao para melhor experiencia
Cooler - CoolerMaster Hyper;FastShopTech;2985.81;2;2926.09;0.88;Desempenho superior com baixo consumo de energia
Cooler - Corsair Hydro;MercadoTech;2552.79;12;2246.46;0.98;Produto com alta compatibilidade e desempenho confiavel
Cooler - Corsair Hydro;MagazineInfo;1902.76;15;1617.35;0.99;Perfeito para setups profissionais e gamers
Cooler - CoolerMaster Hyper;ExtraDigital;1192.53;23;918.25;0.93;Facil instalacao e suporte garantido
Cooler - CoolerMaster Hyper;AmazonTech;708.86;29;503.29;0.98;Facil instalacao e suporte garantido
Cooler - Corsair Hydro;FastShopTech;2219.33;7;2063.98;0.86;Ideal para usuarios exigentes que buscam qualidade
Cooler - CoolerMaster Hyper;AmericanasDigital;2738.03;7;2546.37;0.92;Facil instalacao e suporte garantido
Cooler - Corsair Hydro;PichauOnline;869.38;6;817.22;0.86;Facil instalacao e suporte garantido
Cooler - Noctua Silent;AmericanasDigital;3520.56;12;3098.09;0.99;Tecnologia avancada para maior velocidade e eficiencia
Cooler - Corsair Hydro;MagazineInfo;2140.61;15;1819.52;0.92;Tecnologia avancada para maior velocidade e eficiencia
Cooler - CoolerMaster Hyper;AmazonTech;2644.31;17;2194.78;0.94;Construido com materiais resistentes e duraveis
Cooler - CoolerMaster Hyper;MagazineInfo;4654.94;9;4236.0;0.97;Desempenho superior com baixo consumo de energia
Cooler - Corsair Hydro;ExtraDigital;2746.15;23;2114.54;0.91;Produto com alta compatibilidade e desempenho confiavel
Cooler - Noctua Silent;KabumStore;1304.13;28;938.97;0.97;Produto com alta compatibilidade e desempenho confiavel
Cooler - Noctua Silent;MercadoTech;1080.29;8;993.87;0.95;Construido com materiais resistentes e duraveis
Cooler - Noctua Silent;PichauOnline;4832.29;14;4155.77;0.97;Ideal para usuarios exigentes que buscam qualidade
Cooler - Corsair Hydro;SubmarinoPlus;1110.55;24;844.02;0.96;Perfeito para setups profissionais e gamers
Cooler - Noctua Silent;AmericanasDigital;96.85;3;93.94;0.92;Facil instalacao e suporte garantido
Cooler - CoolerMaster Hyper;SubmarinoPlus;1416.25;24;1076.35;0.97;Alta durabilidade e garantia estendida
Cooler - Noctua Silent;ExtraDigital;2646.57;18;2170.19;0.86;Desempenho superior com baixo consumo de energia
Cooler - Corsair Hydro;AmericanasDigital;2747.95;5;2610.55;0.97;Alta durabilidade e garantia estendida
Cooler - Noctua Silent;ExtraDigital;3013.87;17;2501.51;0.94;Perfeito para setups profissionais e gamers
Cooler - CoolerMaster Hyper;AmericanasDigital;1623.85;9;1477.7;0.86;Construido com materiais resistentes e duraveis
Cooler - Corsair Hydro;ExtraDigital;349.6;24;265.7;0.99;Perfeito para setups profissionais e gamers
Cooler - Corsair Hydro;KabumStore;1318.98;29;936.48;0.99;Tecnologia avancada para maior velocidade e eficiencia
Cooler - CoolerMaster Hyper;ExtraDigital;197.14;10;177.43;0.95;Desempenho superior com baixo consumo de energia
Cooler - CoolerMaster Hyper;KabumStore;50.83;23;39.14;0.94;Design moderno e otimizacao para melhor experiencia
Cooler - Corsair Hydro;AmericanasDigital;302.23;27;220.63;0.89;Produto com alta compatibilidade e desempenho confiavel
Cooler - Noctua Silent;PichauOnline;4098.0;5;3893.1;0.99;Ideal para usuarios exigentes que buscam qualidade
Cooler - Noctua Silent;ExtraDigital;749.09;26;554.33;0.94;Alta durabilidade e garantia estendida
Cooler - Noctua Silent;FastShopTech;4327.87;12;3808.53;0.98;Desempenho superior com baixo consumo de energia
Cooler - Noctua Silent;AmericanasDigital;459.53;21;363.03;0.87;Oferece excelente custo-beneficio e performance
Cooler - Corsair Hydro;SubmarinoPlus;1665.84;15;1415.96;0.93;Construido com materiais resistentes e duraveis
Cooler - Noctua Silent;SubmarinoPlus;89.35;13;77.73;0.97;Perfeito para setups profissionais e gamers
Cooler - Corsair Hydro;AmericanasDigital;3791.21;27;2767.58;0.98;Facil instalacao e suporte garantido
Cooler - CoolerMaster Hyper;TerabyteShop;4934.91;19;3997.28;0.86;Oferece excelente custo-beneficio e performance
Cooler - CoolerMaster Hyper;KabumStore;507.23;28;365.21;0.97;Produto com alta compatibilidade e desempenho confiavel
Cooler - CoolerMaster Hyper;TerabyteShop;3045.22;23;2344.82;0.92;Desempenho superior com baixo consumo de energia
Cooler - Noctua Silent;MagazineInfo;3413.98;29;2423.93;0.88;Desempenho superior com baixo consumo de energia
Cooler - Corsair Hydro;MercadoTech;4934.5;0;4934.5;0.91;Facil instalacao e suporte garantido
Cooler - CoolerMaster Hyper;SubmarinoPlus;249.37;3;241.89;0.89;Oferece excelente custo-beneficio e performance
Cooler - Noctua Silent;ExtraDigital;313.42;25;235.06;0.9;Design moderno e otimizacao para melhor experiencia
Cooler - Corsair Hydro;TerabyteShop;62.03;13;53.97;0.93;Tecnologia avancada para maior velocidade e eficiencia
Cooler - CoolerMaster Hyper;MagazineInfo;4661.34;30;3262.94;0.88;Oferece excelente custo-beneficio e performance
Cooler - Corsair Hydro;TerabyteShop;4891.25;7;4548.86;0.9;Desempenho superior com baixo consumo de energia
Cooler - Corsair Hydro;MagazineInfo;187.48;23;144.36;0.91;Tecnologia avancada para maior velocidade e eficiencia
Cooler - Corsair Hydro;KabumStore;1814.98;14;1560.88;0.95;Ideal para usuarios exigentes que buscam qualidade
Cooler - CoolerMaster Hyper;AmazonTech;2752.55;4;2642.45;0.9;Facil instalacao e suporte garantido
Cooler - CoolerMaster Hyper;KabumStore;1049.83;9;955.35;0.91;Tecnologia avancada para maior velocidade e eficiencia
Cooler - Noctua Silent;MercadoTech;2374.29;8;2184.35;0.9;Tecnologia avancada para maior velocidade e eficiencia
Cooler - Noctua Silent;PichauOnline;2689.37;17;2232.18;0.92;Perfeito para setups profissionais e gamers
Cooler - Noctua Silent;TerabyteShop;4900.37;13;4263.32;0.87;Design moderno e otimizacao para melhor experiencia
Cooler - Noctua Silent;TerabyteShop;495.86;9;451.23;0.97;Oferece excelente custo-beneficio e performance
Cooler - Corsair Hydro;MercadoTech;717.67;29;509.55;0.9;Perfeito para setups profissionais e gamers
Cooler - Noctua Silent;AmazonTech;2725.94;24;2071.71;0.96;Tecnologia avancada para maior velocidade e eficiencia
Cooler - CoolerMaster Hyper;SubmarinoPlus;3878.19;19;3141.33;0.86;Construido com materiais resistentes e duraveis
Cooler - CoolerMaster Hyper;AmericanasDigital;4786.18;5;4546.87;0.91;Design moderno e otimizacao para melhor experiencia
Cooler - CoolerMaster Hyper;TerabyteShop;2186.09;26;1617.71;0.92;Perfeito para setups profissionais e gamers
Cooler - CoolerMaster Hyper;MercadoTech;2766.29;16;2323.68;0.95;Oferece excelente custo-beneficio e performance
Cooler - CoolerMaster Hyper;KabumStore;986.08;20;788.86;0.92;Alta durabilidade e garantia estendida
Cooler - Corsair Hydro;SubmarinoPlus;1935.44;2;1896.73;0.96;Facil instalacao e suporte garantido
Cooler - CoolerMaster Hyper;ExtraDigital;604.34;28;435.12;0.9;Tecnologia avancada para maior velocidade e eficiencia
Cooler - Corsair Hydro;KabumStore;154.75;24;117.61;0.9;Perfeito para setups profissionais e gamers
Cooler - Corsair Hydro;AmericanasDigital;375.6;9;341.8;0.96;Tecnologia avancada para maior velocidade e eficiencia
Cooler - Noctua Silent;ExtraDigital;942.96;13;820.38;0.88;Alta durabilidade e garantia estendida
Cooler - Corsair Hydro;FastShopTech;219.82;20;175.86;0.88;Produto com alta compatibilidade e desempenho confiavel
Cooler - CoolerMaster Hyper;KabumStore;1532.33;16;1287.16;0.88;Perfeito para setups profissionais e gamers
Cooler - Noctua Silent;TerabyteShop;4600.04;26;3404.03;0.85;Oferece excelente custo-beneficio e performance
Cooler - Corsair Hydro;SubmarinoPlus;2920.14;1;2890.94;0.99;Tecnologia avancada para maior velocidade e eficiencia
Cooler - Noctua Silent;FastShopTech;2031.39;23;1564.17;0.93;Facil instalacao e suporte garantido
Cooler - Corsair Hydro;AmazonTech;2557.27;23;1969.1;0.86;Construido com materiais resistentes e duraveis
Cooler - Noctua Silent;PichauOnline;2708.1;2;2653.94;0.98;Tecnologia avancada para maior velocidade e eficiencia
Cooler - Corsair Hydro;AmazonTech;2247.76;19;1820.69;0.92;Desempenho superior com baixo consumo de energia
Cooler - Corsair Hydro;TerabyteShop;4416.14;1;4371.98;0.99;Alta durabilidade e garantia estendida
Cooler - CoolerMaster Hyper;PichauOnline;2479.88;23;1909.51;0.95;Perfeito para setups profissionais e gamers
Cooler - Corsair Hydro;TerabyteShop;3122.52;18;2560.47;0.88;Design moderno e otimizacao para melhor experiencia
Cooler - Corsair Hydro;FastShopTech;2943.99;20;2355.19;0.9;Alta durabilidade e garantia estendida
Cooler - Noctua Silent;PichauOnline;835.58;19;676.82;0.96;Ideal para usuarios exigentes que buscam qualidade
Cooler - CoolerMaster Hyper;ExtraDigital;2766.68;8;2545.35;0.89;Construido com materiais resistentes e duraveis
Cooler - CoolerMaster Hyper;PichauOnline;3952.99;23;3043.8;0.99;Produto com alta compatibilidade e desempenho confiavel
Cooler - CoolerMaster Hyper;MercadoTech;4865.37;8;4476.14;0.96;Design moderno e otimizacao para melhor experiencia
Cooler - CoolerMaster Hyper;KabumStore;2784.62;30;1949.23;0.98;Alta durabilidade e garantia estendida
Cooler - CoolerMaster Hyper;TerabyteShop;4854.18;26;3592.09;0.87;Ideal para usuarios exigentes que buscam qualidade
Cooler - CoolerMaster Hyper;TerabyteShop;1516.07;15;1288.66;0.91;Design moderno e otimizacao para melhor experiencia
Cooler - Corsair Hydro;FastShopTech;2912.09;22;2271.43;0.97;Ideal para usuarios exigentes que buscam qualidade
Cooler - CoolerMaster Hyper;MagazineInfo;4473.21;12;3936.42;0.95;Oferece excelente custo-beneficio e performance
Cooler - Noctua Silent;AmericanasDigital;3238.45;1;3206.07;0.93;Design moderno e otimizacao para melhor experiencia
Cooler - Corsair Hydro;AmericanasDigital;793.79;6;746.16;0.92;Perfeito para setups profissionais e gamers
Cooler - Corsair Hydro;AmazonTech;3602.9;18;2954.38;0.91;Produto com alta compatibilidade e desempenho confiavel
Cooler - Corsair Hydro;SubmarinoPlus;4719.51;23;3634.02;0.99;Facil instalacao e suporte garantido
Mouse - Razer DeathAdder;SubmarinoPlus;2529.49;2;2478.9;0.97;Desempenho superior com baixo consumo de energia
Mouse - Logitech G Pro;MagazineInfo;2656.32;28;1912.55;0.93;Construido com materiais resistentes e duraveis
Mouse - Corsair Harpoon;MercadoTech;3094.87;28;2228.31;0.87;Tecnologia avancada para maior velocidade e eficiencia
Mouse - Logitech G Pro;AmericanasDigital;1139.34;21;900.08;0.9;Design moderno e otimizacao para melhor experiencia
Mouse - Logitech G Pro;SubmarinoPlus;4334.46;11;3857.67;0.92;Design moderno e otimizacao para melhor experiencia
Mouse - Razer DeathAdder;ExtraDigital;1510.62;21;1193.39;0.91;Tecnologia avancada para maior velocidade e eficiencia
Mouse - Corsair Harpoon;MercadoTech;219.01;11;194.92;0.94;Produto com alta compatibilidade e desempenho confiavel
Mouse - Corsair Harpoon;MagazineInfo;2828.64;27;2064.91;0.85;Tecnologia avancada para maior velocidade e eficiencia
Mouse - Logitech G Pro;SubmarinoPlus;2126.21;20;1700.97;0.87;Ideal para usuarios exigentes que buscam qualidade
Mouse - Corsair Harpoon;MagazineInfo;2909.0;21;2298.11;0.95;Perfeito para setups profissionais e gamers
Mouse - Razer DeathAdder;PichauOnline;3872.25;2;3794.8;0.85;Alta durabilidade e garantia estendida
Mouse - Razer DeathAdder;TerabyteShop;4445.21;5;4222.95;0.91;Perfeito para setups profissionais e gamers
Mouse - Logitech G Pro;AmazonTech;4525.61;21;3575.23;0.88;Perfeito para setups profissionais e gamers
Mouse - Razer DeathAdder;MercadoTech;4961.65;28;3572.39;0.91;Construido com materiais resistentes e duraveis
Mouse - Logitech G Pro;FastShopTech;1473.61;29;1046.26;0.91;Oferece excelente custo-beneficio e performance
Mouse - Corsair Harpoon;SubmarinoPlus;4516.99;27;3297.4;0.9;Design moderno e otimizacao para melhor experiencia
Mouse - Razer DeathAdder;SubmarinoPlus;2233.27;17;1853.61;0.96;Alta durabilidade e garantia estendida
Mouse - Corsair Harpoon;ExtraDigital;827.48;21;653.71;0.85;Perfeito para setups profissionais e gamers
Mouse - Razer DeathAdder;TerabyteShop;3333.58;22;2600.19;0.9;Facil instalacao e suporte garantido
Mouse - Logitech G Pro;MercadoTech;3244.91;9;2952.87;0.95;Oferece excelente custo-beneficio e performance
Mouse - Corsair Harpoon;FastShopTech;3358.67;17;2787.7;0.9;Construido com materiais resistentes e duraveis
Mouse - Logitech G Pro;PichauOnline;3343.13;23;2574.21;0.93;Construido com materiais resistentes e duraveis
Mouse - Corsair Harpoon;FastShopTech;2943.33;28;2119.2;0.93;Perfeito para setups profissionais e gamers
Mouse - Logitech G Pro;MagazineInfo;3207.51;18;2630.16;0.94;Perfeito para setups profissionais e gamers
Mouse - Razer DeathAdder;PichauOnline;4750.83;23;3658.14;0.91;Perfeito para setups profissionais e gamers
Mouse - Corsair Harpoon;AmericanasDigital;571.82;29;405.99;0.92;Oferece excelente custo-beneficio e performance
Mouse - Corsair Harpoon;AmericanasDigital;556.22;25;417.17;0.93;Design moderno e otimizacao para melhor experiencia
Mouse - Logitech G Pro;MercadoTech;4058.64;13;3531.02;0.94;Oferece excelente custo-beneficio e performance
Mouse - Razer DeathAdder;FastShopTech;3219.02;20;2575.22;0.98;Ideal para usuarios exigentes que buscam qualidade
Mouse - Corsair Harpoon;AmazonTech;1343.39;29;953.81;0.97;Ideal para usuarios exigentes que buscam qualidade
Mouse - Corsair Harpoon;ExtraDigital;1010.9;23;778.39;0.86;Construido com materiais resistentes e duraveis
Mouse - Corsair Harpoon;AmericanasDigital;4131.4;15;3511.69;0.89;Produto com alta compatibilidade e desempenho confiavel
Mouse - Logitech G Pro;AmericanasDigital;843.05;26;623.86;0.89;Oferece excelente custo-beneficio e performance
Mouse - Logitech G Pro;TerabyteShop;806.92;23;621.33;0.91;Perfeito para setups profissionais e gamers
Mouse - Razer DeathAdder;ExtraDigital;1852.98;11;1649.15;0.98;Facil instalacao e suporte garantido
Mouse - Logitech G Pro;KabumStore;2877.48;11;2560.96;0.96;Construido com materiais resistentes e duraveis
Mouse - Logitech G Pro;ExtraDigital;3205.45;7;2981.07;0.92;Construido com materiais resistentes e duraveis
Mouse - Logitech G Pro;AmericanasDigital;2383.83;10;2145.45;0.95;Alta durabilidade e garantia estendida
Mouse - Corsair Harpoon;ExtraDigital;824.72;13;717.51;0.86;Ideal para usuarios exigentes que buscam qualidade
Mouse - Logitech G Pro;MagazineInfo;3841.14;3;3725.91;0.91;Ideal para usuarios exigentes que buscam qualidade
Mouse - Razer DeathAdder;MagazineInfo;3966.51;27;2895.55;0.98;Tecnologia avancada para maior velocidade e eficiencia
Mouse - Corsair Harpoon;SubmarinoPlus;1347.96;10;1213.16;0.88;Tecnologia avancada para maior velocidade e eficiencia
Mouse - Razer DeathAdder;MercadoTech;139.82;16;117.45;0.96;Perfeito para setups profissionais e gamers
Mouse - Razer DeathAdder;MagazineInfo;1237.81;9;1126.41;0.96;Desempenho superior com baixo consumo de energia
Mouse - Logitech G Pro;MercadoTech;809.95;12;712.76;0.94;Facil instalacao e suporte garantido
Mouse - Razer DeathAdder;MagazineInfo;4830.66;3;4685.74;0.92;Ideal para usuarios exigentes que buscam qualidade
Mouse - Logitech G Pro;AmericanasDigital;2450.11;2;2401.11;0.87;Tecnologia avancada para maior velocidade e eficiencia
Mouse - Corsair Harpoon;AmericanasDigital;4807.96;26;3557.89;0.91;Facil instalacao e suporte garantido
Mouse - Razer DeathAdder;ExtraDigital;2428.7;2;2380.13;0.97;Ideal para usuarios exigentes que buscam qualidade
Mouse - Logitech G Pro;FastShopTech;182.96;18;150.03;0.92;Desempenho superior com baixo consumo de energia
Mouse - Corsair Harpoon;ExtraDigital;3365.7;28;2423.3;0.89;Alta durabilidade e garantia estendida
Mouse - Corsair Harpoon;MagazineInfo;2256.44;10;2030.8;0.97;Perfeito para setups profissionais e gamers
Mouse - Corsair Harpoon;MercadoTech;1931.79;21;1526.11;0.98;Desempenho superior com baixo consumo de energia
Mouse - Corsair Harpoon;SubmarinoPlus;465.38;12;409.53;0.96;Construido com materiais resistentes e duraveis
Mouse - Razer DeathAdder;ExtraDigital;816.96;10;735.26;0.87;Facil instalacao e suporte garantido
Mouse - Razer DeathAdder;PichauOnline;3401.24;20;2720.99;0.98;Facil instalacao e suporte garantido
Mouse - Logitech G Pro;KabumStore;4738.98;19;3838.57;0.88;Produto com alta compatibilidade e desempenho confiavel
Mouse - Logitech G Pro;PichauOnline;3075.71;11;2737.38;0.97;Alta durabilidade e garantia estendida
Mouse - Razer DeathAdder;ExtraDigital;3412.49;29;2422.87;0.92;Desempenho superior com baixo consumo de energia
Mouse - Corsair Harpoon;AmazonTech;1574.32;21;1243.71;0.85;Oferece excelente custo-beneficio e performance
Mouse - Logitech G Pro;AmazonTech;3217.97;16;2703.09;0.88;Produto com alta compatibilidade e desempenho confiavel
Mouse - Corsair Harpoon;TerabyteShop;4614.39;18;3783.8;0.94;Perfeito para setups profissionais e gamers
Mouse - Logitech G Pro;PichauOnline;2463.17;26;1822.75;0.97;Construido com materiais resistentes e duraveis
Mouse - Razer DeathAdder;KabumStore;2294.69;0;2294.69;0.87;Ideal para usuarios exigentes que buscam qualidade
Mouse - Logitech G Pro;MercadoTech;2930.61;14;2520.32;0.95;Ideal para usuarios exigentes que buscam qualidade
Mouse - Corsair Harpoon;PichauOnline;147.9;3;143.46;0.96;Ideal para usuarios exigentes que buscam qualidade
Mouse - Corsair Harpoon;KabumStore;3711.05;25;2783.29;0.88;Tecnologia avancada para maior velocidade e eficiencia
Mouse - Logitech G Pro;KabumStore;1558.73;24;1184.63;0.95;Alta durabilidade e garantia estendida
Mouse - Corsair Harpoon;SubmarinoPlus;1453.55;28;1046.56;0.96;Design moderno e otimizacao para melhor experiencia
Mouse - Corsair Harpoon;MagazineInfo;3289.32;3;3190.64;0.87;Oferece excelente custo-beneficio e performance
Mouse - Logitech G Pro;AmericanasDigital;2197.9;22;1714.36;0.89;Tecnologia avancada para maior velocidade e eficiencia
Mouse - Corsair Harpoon;AmazonTech;1198.33;19;970.65;0.96;Produto com alta compatibilidade e desempenho confiavel
Mouse - Logitech G Pro;SubmarinoPlus;84.34;7;78.44;0.89;Construido com materiais resistentes e duraveis
Mouse - Corsair Harpoon;SubmarinoPlus;3409.84;23;2625.58;0.9;Construido com materiais resistentes e duraveis
Mouse - Razer DeathAdder;MercadoTech;3361.43;4;3226.97;0.89;Produto com alta compatibilidade e desempenho confiavel
Mouse - Razer DeathAdder;AmericanasDigital;2071.69;27;1512.33;0.96;Produto com alta compatibilidade e desempenho confiavel
Mouse - Corsair Harpoon;MagazineInfo;1449.44;10;1304.5;0.9;Design moderno e otimizacao para melhor experiencia
Mouse - Razer DeathAdder;FastShopTech;1293.28;1;1280.35;0.99;Produto com alta compatibilidade e desempenho confiavel
Mouse - Logitech G Pro;ExtraDigital;1278.1;11;1137.51;0.95;Produto com alta compatibilidade e desempenho confiavel
Mouse - Corsair Harpoon;MagazineInfo;853.88;10;768.49;0.9;Facil instalacao e suporte garantido
Mouse - Logitech G Pro;TerabyteShop;1465.27;21;1157.56;0.93;Design moderno e otimizacao para melhor experiencia
Mouse - Corsair Harpoon;MagazineInfo;1496.02;5;1421.22;0.87;Construido com materiais resistentes e duraveis
Mouse - Razer DeathAdder;FastShopTech;3674.31;29;2608.76;0.91;Ideal para usuarios exigentes que buscam qualidade
Mouse - Logitech G Pro;AmericanasDigital;3907.4;10;3516.66;0.97;Ideal para usuarios exigentes que buscam qualidade
Mouse - Logitech G Pro;MagazineInfo;3076.1;21;2430.12;0.97;Desempenho superior com baixo consumo de energia
Mouse - Logitech G Pro;AmericanasDigital;1945.84;11;1731.8;0.95;Desempenho superior com baixo consumo de energia
Mouse - Logitech G Pro;ExtraDigital;76.62;8;70.49;0.94;Construido com materiais resistentes e duraveis
Mouse - Corsair Harpoon;AmericanasDigital;254.57;22;198.56;0.9;Oferece excelente custo-beneficio e performance
Mouse - Logitech G Pro;PichauOnline;1906.93;0;1906.93;0.9;Construido com materiais resistentes e duraveis
Mouse - Corsair Harpoon;AmericanasDigital;1938.47;2;1899.7;0.89;Tecnologia avancada para maior velocidade e eficiencia
Mouse - Razer DeathAdder;FastShopTech;503.74;13;438.25;0.91;Alta durabilidade e garantia estendida
Mouse - Logitech G Pro;KabumStore;4342.39;9;3951.57;0.96;Construido com materiais resistentes e duraveis
Mouse - Logitech G Pro;KabumStore;3816.86;16;3206.16;0.96;Perfeito para setups profissionais e gamers
Mouse - Logitech G Pro;AmericanasDigital;2051.09;18;1681.89;0.87;Construido com materiais resistentes e duraveis
Mouse - Logitech G Pro;MagazineInfo;3176.82;7;2954.44;0.95;Facil instalacao e suporte garantido
Mouse - Logitech G Pro;KabumStore;3256.59;15;2768.1;0.91;Tecnologia avancada para maior velocidade e eficiencia
Mouse - Corsair Harpoon;AmericanasDigital;333.8;12;293.74;0.91;Alta durabilidade e garantia estendida
Mouse - Corsair Harpoon;MagazineInfo;4155.02;17;3448.67;0.93;Design moderno e otimizacao para melhor experiencia
Mouse - Corsair Harpoon;PichauOnline;2726.98;4;2617.9;0.93;Ideal para usuarios exigentes que buscam qualidade
Mouse - Logitech G Pro;SubmarinoPlus;3303.95;1;3270.91;0.94;Construido com materiais resistentes e duraveis
Mouse - Razer DeathAdder;MagazineInfo;2884.91;21;2279.08;0.86;Tecnologia avancada para maior velocidade e eficiencia
Mouse - Corsair Harpoon;MagazineInfo;2554.64;4;2452.45;0.88;Ideal para usuarios exigentes que buscam qualidade
Mouse - Razer DeathAdder;FastShopTech;3771.48;13;3281.19;0.87;Design moderno e otimizacao para melhor experiencia
Mouse - Corsair Harpoon;MagazineInfo;3045.15;8;2801.54;0.88;Produto com alta compatibilidade e desempenho confiavel
Mouse - Logitech G Pro;TerabyteShop;3310.58;30;2317.41;0.88;Design moderno e otimizacao para melhor experiencia
Mouse - Corsair Harpoon;PichauOnline;2470.42;18;2025.74;0.93;Tecnologia avancada para maior velocidade e eficiencia
Mouse - Razer DeathAdder;FastShopTech;2764.16;20;2211.33;0.86;Facil instalacao e suporte garantido
Mouse - Razer DeathAdder;SubmarinoPlus;1797.91;22;1402.37;0.93;Ideal para usuarios exigentes que buscam qualidade
Mouse - Corsair Harpoon;MagazineInfo;1999.58;21;1579.67;0.94;Desempenho superior com baixo consumo de energia
Mouse - Logitech G Pro;AmericanasDigital;2682.41;14;2306.87;0.98;Alta durabilidade e garantia estendida
Mouse - Corsair Harpoon;SubmarinoPlus;3460.08;21;2733.46;0.92;Perfeito para setups profissionais e gamers
Mouse - Razer DeathAdder;PichauOnline;1502.82;1;1487.79;0.96;Produto com alta compatibilidade e desempenho confiavel
Mouse - Razer DeathAdder;ExtraDigital;3173.91;20;2539.13;0.97;Alta durabilidade e garantia estendida
Mouse - Razer DeathAdder;MercadoTech;1012.75;23;779.82;0.98;Facil instalacao e suporte garantido
Mouse - Corsair Harpoon;MercadoTech;1643.79;15;1397.22;0.98;Perfeito para setups profissionais e gamers
Mouse - Corsair Harpoon;PichauOnline;4941.1;14;4249.35;0.88;Construido com materiais resistentes e duraveis
Mouse - Corsair Harpoon;MagazineInfo;2649.39;10;2384.45;0.87;Produto com alta compatibilidade e desempenho confiavel
Mouse - Razer DeathAdder;FastShopTech;2696.66;23;2076.43;0.89;Perfeito para setups profissionais e gamers
Mouse - Corsair Harpoon;SubmarinoPlus;3955.87;4;3797.64;0.94;Tecnologia avancada para maior velocidade e eficiencia
Mouse - Corsair Harpoon;ExtraDigital;619.59;1;613.39;0.93;Oferece excelente custo-beneficio e performance
Mouse - Razer DeathAdder;AmazonTech;2168.8;8;1995.3;0.96;Ideal para usuarios exigentes que buscam qualidade
Mouse - Razer DeathAdder;TerabyteShop;3292.64;10;2963.38;0.94;Design moderno e otimizacao para melhor experiencia
Mouse - Corsair Harpoon;PichauOnline;3495.3;30;2446.71;0.96;Design moderno e otimizacao para melhor experiencia
Mouse - Razer DeathAdder;MagazineInfo;2121.9;23;1633.86;0.93;Produto com alta compatibilidade e desempenho confiavel
Mouse - Corsair Harpoon;FastShopTech;573.61;25;430.21;0.88;Perfeito para setups profissionais e gamers
Mouse - Logitech G Pro;MagazineInfo;4226.28;11;3761.39;0.85;Perfeito para setups profissionais e gamers
Mouse - Corsair Harpoon;MercadoTech;988.5;4;948.96;0.91;Design moderno e otimizacao para melhor experiencia
Mouse - Corsair Harpoon;MagazineInfo;2124.61;24;1614.7;0.9;Ideal para usuarios exigentes que buscam qualidade
Mouse - Razer DeathAdder;MagazineInfo;3048.83;13;2652.48;0.98;Tecnologia avancada para maior velocidade e eficiencia
Mouse - Razer DeathAdder;PichauOnline;3672.3;26;2717.5;0.98;Tecnologia avancada para maior velocidade e eficiencia
Mouse - Corsair Harpoon;AmericanasDigital;4489.13;28;3232.17;0.92;Desempenho superior com baixo consumo de energia
Mouse - Razer DeathAdder;PichauOnline;2670.43;20;2136.34;0.92;Tecnologia avancada para maior velocidade e eficiencia
Mouse - Razer DeathAdder;AmazonTech;3914.85;7;3640.81;0.92;Construido com materiais resistentes e duraveis
Mouse - Logitech G Pro;ExtraDigital;3314.18;21;2618.2;0.95;Produto com alta compatibilidade e desempenho confiavel
Mouse - Logitech G Pro;TerabyteShop;1214.52;29;862.31;0.92;Tecnologia avancada para maior velocidade e eficiencia
Mouse - Razer DeathAdder;MagazineInfo;1638.62;18;1343.67;0.97;Desempenho superior com baixo consumo de energia
Mouse - Razer DeathAdder;AmericanasDigital;2319.49;17;1925.18;0.97;Ideal para usuarios exigentes que buscam qualidade
Mouse - Corsair Harpoon;AmericanasDigital;1871.52;27;1366.21;0.87;Alta durabilidade e garantia estendida
Mouse - Razer DeathAdder;TerabyteShop;2354.52;8;2166.16;0.96;Perfeito para setups profissionais e gamers
Mouse - Razer DeathAdder;TerabyteShop;3485.21;24;2648.76;0.89;Construido com materiais resistentes e duraveis
Mouse - Logitech G Pro;TerabyteShop;1963.46;0;1963.46;0.99;Facil instalacao e suporte garantido
Mouse - Razer DeathAdder;TerabyteShop;952.01;20;761.61;0.98;Desempenho superior com baixo consumo de energia
Mouse - Logitech G Pro;PichauOnline;1419.36;21;1121.29;0.9;Produto com alta compatibilidade e desempenho confiavel
Mouse - Razer DeathAdder;FastShopTech;3904.17;8;3591.84;0.95;Desempenho superior com baixo consumo de energia
Mouse - Corsair Harpoon;MercadoTech;3159.49;22;2464.4;0.86;Produto com alta compatibilidade e desempenho confiavel
Mouse - Razer DeathAdder;AmericanasDigital;1990.5;13;1731.73;0.9;Ideal para usuarios exigentes que buscam qualidade
Mouse - Razer DeathAdder;KabumStore;3976.45;16;3340.22;0.98;Perfeito para setups profissionais e gamers
Mouse - Logitech G Pro;AmericanasDigital;2133.86;17;1771.1;0.87;Tecnologia avancada para maior velocidade e eficiencia
Mouse - Corsair Harpoon;KabumStore;2832.91;12;2492.96;0.9;Ideal para usuarios exigentes que buscam qualidade
Mouse - Logitech G Pro;ExtraDigital;126.66;4;121.59;0.98;Construido com materiais resistentes e duraveis
Mouse - Razer DeathAdder;MagazineInfo;3296.61;27;2406.53;0.92;Alta durabilidade e garantia estendida
Mouse - Logitech G Pro;MagazineInfo;250.35;29;177.75;0.89;Tecnologia avancada para maior velocidade e eficiencia
Mouse - Razer DeathAdder;SubmarinoPlus;3548.07;11;3157.78;0.86;Perfeito para setups profissionais e gamers
Mouse - Corsair Harpoon;FastShopTech;428.84;25;321.63;0.88;Alta durabilidade e garantia estendida
Mouse - Razer DeathAdder;KabumStore;1159.09;0;1159.09;0.92;Construido com materiais resistentes e duraveis
Mouse - Logitech G Pro;ExtraDigital;328.6;19;266.17;0.86;Alta durabilidade e garantia estendida
Mouse - Logitech G Pro;AmericanasDigital;58.34;15;49.59;0.86;Produto com alta compatibilidade e desempenho confiavel
Mouse - Razer DeathAdder;KabumStore;4627.27;16;3886.91;0.95;Ideal para usuarios exigentes que buscam qualidade
Mouse - Razer DeathAdder;TerabyteShop;1903.95;14;1637.4;0.96;Construido com materiais resistentes e duraveis
Mouse - Razer DeathAdder;TerabyteShop;2019.62;20;1615.7;0.91;Tecnologia avancada para maior velocidade e eficiencia
Mouse - Corsair Harpoon;KabumStore;4480.3;11;3987.47;0.88;Construido com materiais resistentes e duraveis
Mouse - Logitech G Pro;MercadoTech;1007.58;12;886.67;0.94;Construido com materiais resistentes e duraveis
Mouse - Razer DeathAdder;SubmarinoPlus;565.2;17;469.12;0.9;Construido com materiais resistentes e duraveis
Mouse - Razer DeathAdder;AmazonTech;1550.24;16;1302.2;0.92;Construido com materiais resistentes e duraveis
Mouse - Logitech G Pro;MagazineInfo;3653.77;11;3251.86;0.95;Tecnologia avancada para maior velocidade e eficiencia
Mouse - Logitech G Pro;KabumStore;900.36;5;855.34;0.88;Construido com materiais resistentes e duraveis
Mouse - Logitech G Pro;AmazonTech;3655.98;28;2632.31;0.88;Perfeito para setups profissionais e gamers
Mouse - Corsair Harpoon;MagazineInfo;1044.43;25;783.32;0.93;Tecnologia avancada para maior velocidade e eficiencia
Mouse - Corsair Harpoon;ExtraDigital;1006.09;9;915.54;0.94;Perfeito para setups profissionais e gamers
Mouse - Razer DeathAdder;ExtraDigital;2568.98;17;2132.25;0.98;Alta durabilidade e garantia estendida
Mouse - Razer DeathAdder;AmericanasDigital;2217.65;21;1751.94;0.96;Facil instalacao e suporte garantido
Mouse - Corsair Harpoon;KabumStore;2863.93;2;2806.65;0.94;Alta durabilidade e garantia estendida
Mouse - Logitech G Pro;KabumStore;1615.12;18;1324.4;0.9;Tecnologia avancada para maior velocidade e eficiencia
Mouse - Logitech G Pro;AmazonTech;1114.1;23;857.86;0.97;Facil instalacao e suporte garantido
Mouse - Razer DeathAdder;AmazonTech;65.36;28;47.06;0.99;Produto com alta compatibilidade e desempenho confiavel
Mouse - Corsair Harpoon;TerabyteShop;184.98;30;129.49;0.93;Tecnologia avancada para maior velocidade e eficiencia
Mouse - Razer DeathAdder;ExtraDigital;1016.8;4;976.13;0.96;Design moderno e otimizacao para melhor experiencia
Mouse - Logitech G Pro;SubmarinoPlus;130.96;28;94.29;0.9;Facil instalacao e suporte garantido
Mouse - Logitech G Pro;KabumStore;1034.39;2;1013.7;0.89;Facil instalacao e suporte garantido
Mouse - Corsair Harpoon;ExtraDigital;4447.11;1;4402.64;0.89;Perfeito para setups profissionais e gamers
Mouse - Corsair Harpoon;TerabyteShop;3308.19;12;2911.21;0.88;Facil instalacao e suporte garantido
Mouse - Razer DeathAdder;AmazonTech;291.76;11;259.67;0.98;Tecnologia avancada para maior velocidade e eficiencia
Mouse - Corsair Harpoon;MagazineInfo;4606.78;19;3731.49;0.88;Facil instalacao e suporte garantido
Mouse - Logitech G Pro;ExtraDigital;2703.29;23;2081.53;0.88;Produto com alta compatibilidade e desempenho confiavel
Mouse - Logitech G Pro;MercadoTech;435.37;28;313.47;0.94;Perfeito para setups profissionais e gamers
Mouse - Razer DeathAdder;PichauOnline;2790.29;5;2650.78;0.95;Oferece excelente custo-beneficio e performance
Mouse - Razer DeathAdder;MagazineInfo;4947.21;4;4749.32;0.92;Perfeito para setups profissionais e gamers
Mouse - Razer DeathAdder;TerabyteShop;4550.74;26;3367.55;0.86;Oferece excelente custo-beneficio e performance
Mouse - Razer DeathAdder;SubmarinoPlus;4516.01;25;3387.01;0.97;Facil instalacao e suporte garantido
Mouse - Razer DeathAdder;KabumStore;1628.51;12;1433.09;0.9;Perfeito para setups profissionais e gamers
Mouse - Logitech G Pro;MagazineInfo;2072.69;17;1720.33;0.87;Facil instalacao e suporte garantido
Mouse - Corsair Harpoon;PichauOnline;246.37;18;202.02;0.95;Design moderno e otimizacao para melhor experiencia
Mouse - Logitech G Pro;FastShopTech;4947.65;7;4601.31;0.98;Perfeito para setups profissionais e gamers
Mouse - Corsair Harpoon;FastShopTech;4295.5;13;3737.09;0.91;Produto com alta compatibilidade e desempenho confiavel
Mouse - Logitech G Pro;AmazonTech;3771.4;7;3507.4;0.98;Tecnologia avancada para maior velocidade e eficiencia
Mouse - Corsair Harpoon;ExtraDigital;4420.46;25;3315.35;0.93;Construido com materiais resistentes e duraveis
Mouse - Razer DeathAdder;PichauOnline;2644.24;22;2062.51;0.98;Facil instalacao e suporte garantido
Mouse - Logitech G Pro;MercadoTech;4002.29;15;3401.95;0.93;Alta durabilidade e garantia estendida
Mouse - Logitech G Pro;SubmarinoPlus;4980.98;4;4781.74;0.89;Facil instalacao e suporte garantido
Mouse - Corsair Harpoon;SubmarinoPlus;4328.95;22;3376.58;0.95;Tecnologia avancada para maior velocidade e eficiencia
Teclado - HyperX Alloy;ExtraDigital;1594.73;20;1275.78;0.86;Tecnologia avancada para maior velocidade e eficiencia
Teclado - Razer BlackWidow;TerabyteShop;2010.14;11;1789.02;0.88;Alta durabilidade e garantia estendida
Teclado - HyperX Alloy;PichauOnline;4055.76;10;3650.18;0.85;Ideal para usuarios exigentes que buscam qualidade
Teclado - Razer BlackWidow;AmazonTech;1674.42;16;1406.51;0.94;Produto com alta compatibilidade e desempenho confiavel
Teclado - Logitech MX Keys;PichauOnline;2570.42;4;2467.6;0.95;Perfeito para setups profissionais e gamers
Teclado - HyperX Alloy;ExtraDigital;689.69;10;620.72;0.96;Construido com materiais resistentes e duraveis
Teclado - Razer BlackWidow;TerabyteShop;2753.05;22;2147.38;0.93;Tecnologia avancada para maior velocidade e eficiencia
Teclado - Logitech MX Keys;ExtraDigital;1983.93;1;1964.09;0.88;Perfeito para setups profissionais e gamers
Teclado - Razer BlackWidow;AmericanasDigital;703.29;10;632.96;0.94;Desempenho superior com baixo consumo de energia
Teclado - Logitech MX Keys;AmazonTech;1414.16;3;1371.74;0.89;Desempenho superior com baixo consumo de energia
Teclado - Logitech MX Keys;PichauOnline;4226.71;5;4015.37;0.9;Perfeito para setups profissionais e gamers
Teclado - Razer BlackWidow;AmericanasDigital;2632.31;8;2421.73;0.96;Ideal para usuarios exigentes que buscam qualidade
Teclado - Logitech MX Keys;MagazineInfo;732.5;28;527.4;0.89;Construido com materiais resistentes e duraveis
Teclado - Logitech MX Keys;TerabyteShop;3385.38;27;2471.33;0.92;Tecnologia avancada para maior velocidade e eficiencia
Teclado - Razer BlackWidow;AmazonTech;3435.14;19;2782.46;0.95;Oferece excelente custo-beneficio e performance
Teclado - Logitech MX Keys;FastShopTech;303.61;16;255.03;0.91;Construido com materiais resistentes e duraveis
Teclado - Razer BlackWidow;FastShopTech;1915.84;26;1417.72;0.87;Oferece excelente custo-beneficio e performance
Teclado - Razer BlackWidow;SubmarinoPlus;3506.27;17;2910.2;0.86;Oferece excelente custo-beneficio e performance
Teclado - Logitech MX Keys;AmazonTech;4460.21;16;3746.58;0.98;Design moderno e otimizacao para melhor experiencia
Teclado - Razer BlackWidow;AmazonTech;4824.5;28;3473.64;0.99;Alta durabilidade e garantia estendida
Teclado - HyperX Alloy;AmericanasDigital;4966.22;15;4221.29;0.95;Tecnologia avancada para maior velocidade e eficiencia
Teclado - Razer BlackWidow;KabumStore;2022.52;20;1618.02;0.87;Produto com alta compatibilidade e desempenho confiavel
Teclado - Logitech MX Keys;PichauOnline;3583.24;30;2508.27;0.86;Tecnologia avancada para maior velocidade e eficiencia
Teclado - Logitech MX Keys;MagazineInfo;671.79;30;470.25;0.95;Alta durabilidade e garantia estendida
Teclado - Logitech MX Keys;SubmarinoPlus;3986.85;7;3707.77;0.96;Alta durabilidade e garantia estendida
Teclado - Logitech MX Keys;AmazonTech;3823.33;24;2905.73;0.88;Desempenho superior com baixo consumo de energia
Teclado - Razer BlackWidow;MagazineInfo;4056.25;1;4015.69;0.94;Alta durabilidade e garantia estendida
Teclado - Logitech MX Keys;KabumStore;1818.73;10;1636.86;0.92;Desempenho superior com baixo consumo de energia
Teclado - Logitech MX Keys;ExtraDigital;1667.61;22;1300.74;0.87;Ideal para usuarios exigentes que buscam qualidade
Teclado - Razer BlackWidow;ExtraDigital;1984.16;27;1448.44;0.95;Alta durabilidade e garantia estendida
Teclado - Razer BlackWidow;MercadoTech;1192.93;21;942.41;0.95;Facil instalacao e suporte garantido
Teclado - Razer BlackWidow;SubmarinoPlus;2492.13;23;1918.94;0.85;Ideal para usuarios exigentes que buscam qualidade
Teclado - HyperX Alloy;ExtraDigital;2042.07;28;1470.29;0.99;Ideal para usuarios exigentes que buscam qualidade
Teclado - HyperX Alloy;MercadoTech;656.67;10;591.0;0.87;Perfeito para setups profissionais e gamers
Teclado - Logitech MX Keys;MagazineInfo;2785.25;21;2200.35;0.93;Alta durabilidade e garantia estendida
Teclado - Razer BlackWidow;MercadoTech;393.55;30;275.49;0.98;Alta durabilidade e garantia estendida
Teclado - Razer BlackWidow;MercadoTech;3769.43;2;3694.04;0.96;Facil instalacao e suporte garantido
Teclado - Logitech MX Keys;TerabyteShop;1779.07;17;1476.63;0.9;Oferece excelente custo-beneficio e performance
Teclado - Razer BlackWidow;AmericanasDigital;4065.73;19;3293.24;0.9;Construido com materiais resistentes e duraveis
Teclado - HyperX Alloy;AmazonTech;494.92;1;489.97;0.86;Construido com materiais resistentes e duraveis
Teclado - HyperX Alloy;SubmarinoPlus;4607.92;22;3594.18;0.99;Perfeito para setups profissionais e gamers
Teclado - Logitech MX Keys;MagazineInfo;3075.98;9;2799.14;0.89;Alta durabilidade e garantia estendida
Teclado - HyperX Alloy;AmazonTech;2117.51;26;1566.96;0.99;Facil instalacao e suporte garantido
Teclado - Razer BlackWidow;FastShopTech;2429.02;28;1748.89;0.97;Desempenho superior com baixo consumo de energia
Teclado - HyperX Alloy;AmazonTech;3077.07;10;2769.36;0.94;Produto com alta compatibilidade e desempenho confiavel
Teclado - Razer BlackWidow;MercadoTech;3059.68;21;2417.15;0.96;Perfeito para setups profissionais e gamers
Teclado - HyperX Alloy;AmericanasDigital;1998.36;15;1698.61;0.97;Perfeito para setups profissionais e gamers
Teclado - Logitech MX Keys;MercadoTech;4729.94;5;4493.44;0.99;Oferece excelente custo-beneficio e performance
Teclado - Logitech MX Keys;ExtraDigital;1043.68;17;866.25;0.9;Produto com alta compatibilidade e desempenho confiavel
Teclado - Razer BlackWidow;FastShopTech;3956.84;0;3956.84;0.93;Construido com materiais resistentes e duraveis
Teclado - Logitech MX Keys;PichauOnline;483.95;5;459.75;0.86;Design moderno e otimizacao para melhor experiencia
Teclado - Logitech MX Keys;MagazineInfo;1923.23;26;1423.19;0.93;Perfeito para setups profissionais e gamers
Teclado - HyperX Alloy;MagazineInfo;2406.74;1;2382.67;0.96;Alta durabilidade e garantia estendida
Teclado - Logitech MX Keys;AmericanasDigital;344.06;28;247.72;0.87;Design moderno e otimizacao para melhor experiencia
Teclado - Logitech MX Keys;FastShopTech;3019.54;16;2536.41;0.98;Oferece excelente custo-beneficio e performance
Teclado - HyperX Alloy;MagazineInfo;484.43;3;469.9;0.97;Alta durabilidade e garantia estendida
Teclado - Logitech MX Keys;ExtraDigital;1453.12;2;1424.06;0.9;Construido com materiais resistentes e duraveis
Teclado - Razer BlackWidow;AmericanasDigital;3377.03;22;2634.08;0.89;Oferece excelente custo-beneficio e performance
Teclado - Logitech MX Keys;TerabyteShop;3051.18;3;2959.64;0.94;Alta durabilidade e garantia estendida
Teclado - HyperX Alloy;FastShopTech;1159.05;23;892.47;0.86;Facil instalacao e suporte garantido
Teclado - Logitech MX Keys;MagazineInfo;4477.45;17;3716.28;0.98;Alta durabilidade e garantia estendida
Teclado - HyperX Alloy;MercadoTech;3976.8;27;2903.06;0.87;Oferece excelente custo-beneficio e performance
Teclado - Logitech MX Keys;AmericanasDigital;1191.87;22;929.66;0.98;Produto com alta compatibilidade e desempenho confiavel
Teclado - Logitech MX Keys;MagazineInfo;4822.78;19;3906.45;0.94;Desempenho superior com baixo consumo de energia
Teclado - Razer BlackWidow;AmazonTech;4455.5;21;3519.85;0.98;Oferece excelente custo-beneficio e performance
Teclado - Razer BlackWidow;MagazineInfo;4161.71;22;3246.13;0.95;Facil instalacao e suporte garantido
Teclado - Razer BlackWidow;AmazonTech;1066.51;14;917.2;0.92;Produto com alta compatibilidade e desempenho confiavel
Teclado - Razer BlackWidow;TerabyteShop;3937.63;22;3071.35;0.93;Design moderno e otimizacao para melhor experiencia
Teclado - Razer BlackWidow;ExtraDigital;4971.39;5;4722.82;0.96;Design moderno e otimizacao para melhor experiencia
Teclado - HyperX Alloy;TerabyteShop;1138.2;28;819.5;0.95;Ideal para usuarios exigentes que buscam qualidade
Teclado - HyperX Alloy;AmericanasDigital;3108.53;21;2455.74;0.88;Alta durabilidade e garantia estendida
Teclado - HyperX Alloy;MercadoTech;3393.04;15;2884.08;0.88;Facil instalacao e suporte garantido
Teclado - HyperX Alloy;SubmarinoPlus;687.0;26;508.38;0.91;Alta durabilidade e garantia estendida
Teclado - Razer BlackWidow;AmericanasDigital;2666.45;24;2026.5;0.96;Construido com materiais resistentes e duraveis
Teclado - HyperX Alloy;KabumStore;105.34;3;102.18;0.93;Oferece excelente custo-beneficio e performance
Teclado - Logitech MX Keys;KabumStore;3153.39;21;2491.18;0.91;Desempenho superior com baixo consumo de energia
Teclado - Logitech MX Keys;MercadoTech;240.88;12;211.97;0.85;Tecnologia avancada para maior velocidade e eficiencia
Teclado - Razer BlackWidow;TerabyteShop;3317.34;20;2653.87;0.99;Perfeito para setups profissionais e gamers
Teclado - Logitech MX Keys;TerabyteShop;4771.97;13;4151.61;0.96;Facil instalacao e suporte garantido
Teclado - Razer BlackWidow;ExtraDigital;1277.59;10;1149.83;0.87;Desempenho superior com baixo consumo de energia
Teclado - Logitech MX Keys;TerabyteShop;1409.44;7;1310.78;0.97;Design moderno e otimizacao para melhor experiencia
Teclado - Razer BlackWidow;TerabyteShop;1075.96;10;968.36;0.85;Produto com alta compatibilidade e desempenho confiavel
Teclado - Razer BlackWidow;MagazineInfo;611.05;14;525.5;0.93;Tecnologia avancada para maior velocidade e eficiencia
Teclado - Logitech MX Keys;AmazonTech;3726.31;5;3539.99;0.98;Alta durabilidade e garantia estendida
Teclado - Logitech MX Keys;SubmarinoPlus;2603.48;9;2369.17;0.92;Design moderno e otimizacao para melhor experiencia
Teclado - Razer BlackWidow;PichauOnline;864.32;23;665.53;0.93;Design moderno e otimizacao para melhor experiencia
Teclado - Logitech MX Keys;AmazonTech;2818.54;10;2536.69;0.86;Produto com alta compatibilidade e desempenho confiavel
Teclado - HyperX Alloy;MagazineInfo;3062.22;23;2357.91;0.93;Tecnologia avancada para maior velocidade e eficiencia
Teclado - Logitech MX Keys;MercadoTech;4720.46;23;3634.75;0.98;Oferece excelente custo-beneficio e performance
Teclado - Razer BlackWidow;MagazineInfo;328.04;27;239.47;0.95;Oferece excelente custo-beneficio e performance
Teclado - Razer BlackWidow;MagazineInfo;691.91;2;678.07;0.97;Facil instalacao e suporte garantido
Teclado - Logitech MX Keys;TerabyteShop;315.77;12;277.88;0.97;Alta durabilidade e garantia estendida
Teclado - Logitech MX Keys;KabumStore;3610.32;10;3249.29;0.92;Oferece excelente custo-beneficio e performance
Teclado - HyperX Alloy;SubmarinoPlus;2399.48;11;2135.54;0.95;Oferece excelente custo-beneficio e performance
Teclado - Logitech MX Keys;AmazonTech;283.98;28;204.47;0.94;Desempenho superior com baixo consumo de energia
Teclado - Razer BlackWidow;ExtraDigital;191.4;22;149.29;0.92;Alta durabilidade e garantia estendida
Teclado - Razer BlackWidow;MagazineInfo;933.9;1;924.56;0.9;Facil instalacao e suporte garantido
Teclado - Razer BlackWidow;MagazineInfo;429.95;29;305.26;0.98;Perfeito para setups profissionais e gamers
Teclado - Razer BlackWidow;ExtraDigital;2742.89;21;2166.88;0.99;Desempenho superior com baixo consumo de energia
Teclado - Logitech MX Keys;MagazineInfo;3348.6;1;3315.11;0.94;Oferece excelente custo-beneficio e performance
Teclado - Logitech MX Keys;FastShopTech;1680.83;22;1311.05;0.92;Construido com materiais resistentes e duraveis
Teclado - Razer BlackWidow;MagazineInfo;4810.16;3;4665.86;0.98;Oferece excelente custo-beneficio e performance
Teclado - Logitech MX Keys;ExtraDigital;2862.86;10;2576.57;0.97;Design moderno e otimizacao para melhor experiencia
Teclado - Razer BlackWidow;AmazonTech;1461.12;10;1315.01;0.88;Construido com materiais resistentes e duraveis
Teclado - Logitech MX Keys;SubmarinoPlus;3268.61;5;3105.18;0.87;Tecnologia avancada para maior velocidade e eficiencia
Teclado - HyperX Alloy;MagazineInfo;2002.51;17;1662.08;0.89;Oferece excelente custo-beneficio e performance
Teclado - Logitech MX Keys;FastShopTech;4661.43;30;3263.0;0.99;Produto com alta compatibilidade e desempenho confiavel
Teclado - Logitech MX Keys;PichauOnline;3676.78;22;2867.89;0.92;Alta durabilidade e garantia estendida
Teclado - HyperX Alloy;TerabyteShop;2555.88;25;1916.91;0.93;Construido com materiais resistentes e duraveis
Teclado - Logitech MX Keys;FastShopTech;4611.09;24;3504.43;0.99;Tecnologia avancada para maior velocidade e eficiencia
Teclado - Razer BlackWidow;FastShopTech;2377.91;23;1830.99;0.98;Produto com alta compatibilidade e desempenho confiavel
Teclado - HyperX Alloy;FastShopTech;3736.35;30;2615.44;0.94;Perfeito para setups profissionais e gamers
Teclado - Razer BlackWidow;KabumStore;2852.43;15;2424.57;0.97;Ideal para usuarios exigentes que buscam qualidade
Teclado - Razer BlackWidow;ExtraDigital;2470.97;0;2470.97;0.92;Perfeito para setups profissionais e gamers
Teclado - Logitech MX Keys;MercadoTech;970.37;5;921.85;0.97;Ideal para usuarios exigentes que buscam qualidade
Teclado - Logitech MX Keys;AmazonTech;4286.67;2;4200.94;0.99;Alta durabilidade e garantia estendida
Teclado - Razer BlackWidow;SubmarinoPlus;4036.16;6;3793.99;0.92;Desempenho superior com baixo consumo de energia
Teclado - Razer BlackWidow;SubmarinoPlus;2694.47;27;1966.96;0.89;Design moderno e otimizacao para melhor experiencia
Teclado - Logitech MX Keys;PichauOnline;355.73;8;327.27;0.94;Tecnologia avancada para maior velocidade e eficiencia
Teclado - HyperX Alloy;AmericanasDigital;133.8;12;117.74;0.91;Desempenho superior com baixo consumo de energia
Teclado - Razer BlackWidow;ExtraDigital;1136.2;21;897.6;0.94;Perfeito para setups profissionais e gamers
Teclado - Razer BlackWidow;MagazineInfo;4143.12;17;3438.79;0.98;Construido com materiais resistentes e duraveis
Teclado - HyperX Alloy;SubmarinoPlus;1684.3;24;1280.07;0.9;Ideal para usuarios exigentes que buscam qualidade
Teclado - HyperX Alloy;PichauOnline;3318.09;11;2953.1;0.9;Oferece excelente custo-beneficio e performance
Teclado - HyperX Alloy;SubmarinoPlus;1307.05;0;1307.05;0.99;Design moderno e otimizacao para melhor experiencia
Teclado - HyperX Alloy;SubmarinoPlus;659.91;6;620.32;0.92;Perfeito para setups profissionais e gamers
Teclado - Logitech MX Keys;FastShopTech;4141.61;14;3561.78;0.95;Desempenho superior com baixo consumo de energia
Teclado - Razer BlackWidow;MagazineInfo;918.96;14;790.31;0.85;Oferece excelente custo-beneficio e performance
Teclado - Logitech MX Keys;AmazonTech;4726.19;4;4537.14;0.94;Produto com alta compatibilidade e desempenho confiavel
Teclado - HyperX Alloy;KabumStore;909.61;3;882.32;0.96;Facil instalacao e suporte garantido
Teclado - HyperX Alloy;MercadoTech;4470.09;13;3888.98;0.88;Construido com materiais resistentes e duraveis
Teclado - Logitech MX Keys;SubmarinoPlus;2286.29;9;2080.52;0.89;Oferece excelente custo-beneficio e performance
Teclado - HyperX Alloy;AmericanasDigital;2180.79;25;1635.59;0.86;Facil instalacao e suporte garantido
Teclado - HyperX Alloy;MagazineInfo;2655.06;6;2495.76;0.99;Facil instalacao e suporte garantido
Teclado - Razer BlackWidow;FastShopTech;2727.27;18;2236.36;0.93;Produto com alta compatibilidade e desempenho confiavel
Teclado - HyperX Alloy;FastShopTech;1436.76;15;1221.25;0.89;Desempenho superior com baixo consumo de energia
Teclado - Razer BlackWidow;AmericanasDigital;2238.48;20;1790.78;0.94;Alta durabilidade e garantia estendida
Teclado - Razer BlackWidow;FastShopTech;3127.69;9;2846.2;0.91;Ideal para usuarios exigentes que buscam qualidade
Teclado - Logitech MX Keys;MagazineInfo;3432.91;4;3295.59;0.94;Ideal para usuarios exigentes que buscam qualidade
Teclado - HyperX Alloy;ExtraDigital;1492.19;29;1059.45;0.93;Construido com materiais resistentes e duraveis
Teclado - Logitech MX Keys;SubmarinoPlus;2668.49;27;1948.0;0.87;Tecnologia avancada para maior velocidade e eficiencia
Teclado - HyperX Alloy;FastShopTech;4211.17;22;3284.71;0.91;Alta durabilidade e garantia estendida
Teclado - Logitech MX Keys;AmericanasDigital;2685.64;12;2363.36;0.93;Produto com alta compatibilidade e desempenho confiavel
Teclado - Logitech MX Keys;MagazineInfo;1848.46;30;1293.92;0.96;Perfeito para setups profissionais e gamers
Teclado - Logitech MX Keys;AmazonTech;2294.81;3;2225.97;0.85;Facil instalacao e suporte garantido
Teclado - Logitech MX Keys;KabumStore;3202.41;19;2593.95;0.86;Produto com alta compatibilidade e desempenho confiavel
Teclado - HyperX Alloy;FastShopTech;211.73;0;211.73;0.96;Design moderno e otimizacao para melhor experiencia
Teclado - Razer BlackWidow;PichauOnline;4029.42;26;2981.77;0.9;Design moderno e otimizacao para melhor experiencia
Teclado - Logitech MX Keys;PichauOnline;2103.7;1;2082.66;0.97;Facil instalacao e suporte garantido
Teclado - Razer BlackWidow;PichauOnline;1915.77;16;1609.25;0.94;Alta durabilidade e garantia estendida
Teclado - HyperX Alloy;ExtraDigital;2147.62;23;1653.67;0.86;Perfeito para setups profissionais e gamers
Teclado - Logitech MX Keys;TerabyteShop;50.26;12;44.23;0.93;Design moderno e otimizacao para melhor experiencia
Teclado - HyperX Alloy;TerabyteShop;1682.07;1;1665.25;0.99;Alta durabilidade e garantia estendida
Teclado - Razer BlackWidow;AmericanasDigital;165.05;24;125.44;0.96;Ideal para usuarios exigentes que buscam qualidade
Teclado - Logitech MX Keys;AmazonTech;714.7;13;621.79;0.97;Design moderno e otimizacao para melhor experiencia
Teclado - Logitech MX Keys;AmericanasDigital;2398.92;2;2350.94;0.89;Tecnologia avancada para maior velocidade e eficiencia
Teclado - HyperX Alloy;KabumStore;1354.64;10;1219.18;0.91;Design moderno e otimizacao para melhor experiencia
Teclado - Razer BlackWidow;TerabyteShop;769.01;23;592.14;0.9;Ideal para usuarios exigentes que buscam qualidade
Teclado - HyperX Alloy;MercadoTech;1067.46;21;843.29;0.93;Perfeito para setups profissionais e gamers
Teclado - Razer BlackWidow;MercadoTech;567.68;6;533.62;0.91;Tecnologia avancada para maior velocidade e eficiencia
Teclado - Logitech MX Keys;KabumStore;838.96;5;797.01;0.94;Perfeito para setups profissionais e gamers
Teclado - HyperX Alloy;ExtraDigital;3911.76;17;3246.76;0.91;Oferece excelente custo-beneficio e performance
Teclado - HyperX Alloy;FastShopTech;3714.43;25;2785.82;0.89;Alta durabilidade e garantia estendida
Teclado - HyperX Alloy;ExtraDigital;2342.07;27;1709.71;0.96;Construido com materiais resistentes e duraveis
Teclado - Razer BlackWidow;AmazonTech;1703.63;6;1601.41;0.89;Perfeito para setups profissionais e gamers
Teclado - Logitech MX Keys;TerabyteShop;826.1;18;677.4;0.91;Ideal para usuarios exigentes que buscam qualidade
Teclado - Logitech MX Keys;AmericanasDigital;252.68;15;214.78;0.94;Design moderno e otimizacao para melhor experiencia
Teclado - HyperX Alloy;PichauOnline;2576.83;16;2164.54;0.9;Produto com alta compatibilidade e desempenho confiavel
Teclado - HyperX Alloy;AmericanasDigital;2377.64;29;1688.12;0.9;Produto com alta compatibilidade e desempenho confiavel
Teclado - HyperX Alloy;KabumStore;733.59;28;528.18;0.93;Desempenho superior com baixo consumo de energia
Teclado - HyperX Alloy;TerabyteShop;75.33;7;70.06;0.96;Produto com alta compatibilidade e desempenho confiavel
Teclado - Razer BlackWidow;ExtraDigital;1724.13;2;1689.65;0.91;Oferece excelente custo-beneficio e performance
Teclado - HyperX Alloy;TerabyteShop;3089.3;20;2471.44;0.98;Construido com materiais resistentes e duraveis
Teclado - Logitech MX Keys;PichauOnline;4302.87;29;3055.04;0.93;Produto com alta compatibilidade e desempenho confiavel
Teclado - Razer BlackWidow;MercadoTech;1411.45;29;1002.13;0.97;Tecnologia avancada para maior velocidade e eficiencia
Teclado - Razer BlackWidow;MercadoTech;3776.75;7;3512.38;0.85;Desempenho superior com baixo consumo de energia
Teclado - HyperX Alloy;AmericanasDigital;2307.67;14;1984.6;0.9;Tecnologia avancada para maior velocidade e eficiencia
Teclado - HyperX Alloy;FastShopTech;4724.79;0;4724.79;0.95;Desempenho superior com baixo consumo de energia
Teclado - Logitech MX Keys;AmericanasDigital;1651.66;26;1222.23;0.94;Facil instalacao e suporte garantido
Teclado - Logitech MX Keys;FastShopTech;3313.41;5;3147.74;0.88;Ideal para usuarios exigentes que buscam qualidade
Teclado - HyperX Alloy;PichauOnline;2570.93;6;2416.67;0.94;Tecnologia avancada para maior velocidade e eficiencia
Teclado - Logitech MX Keys;AmazonTech;4474.01;27;3266.03;0.87;Alta durabilidade e garantia estendida
Teclado - HyperX Alloy;PichauOnline;3552.83;16;2984.38;0.98;Facil instalacao e suporte garantido
Teclado - Logitech MX Keys;AmazonTech;295.68;12;260.2;0.9;Ideal para usuarios exigentes que buscam qualidade
Teclado - HyperX Alloy;MercadoTech;1339.58;22;1044.87;0.92;Tecnologia avancada para maior velocidade e eficiencia
Teclado - Logitech MX Keys;MercadoTech;506.39;11;450.69;0.98;Construido com materiais resistentes e duraveis
Teclado - Logitech MX Keys;AmericanasDigital;998.87;1;988.88;0.86;Perfeito para setups profissionais e gamers
Teclado - HyperX Alloy;TerabyteShop;3806.35;20;3045.08;0.92;Tecnologia avancada para maior velocidade e eficiencia
Teclado - Logitech MX Keys;MagazineInfo;56.57;0;56.57;0.94;Design moderno e otimizacao para melhor experiencia
Teclado - HyperX Alloy;SubmarinoPlus;733.41;12;645.4;0.89;Desempenho superior com baixo consumo de energia
Teclado - Razer BlackWidow;MagazineInfo;748.38;18;613.67;0.92;Oferece excelente custo-beneficio e performance
Teclado - Logitech MX Keys;MercadoTech;2891.66;23;2226.58;0.86;Facil instalacao e suporte garantido
Teclado - Logitech MX Keys;TerabyteShop;3673.29;17;3048.83;0.91;Tecnologia avancada para maior velocidade e eficiencia
Teclado - HyperX Alloy;AmericanasDigital;3436.66;19;2783.69;0.88;Produto com alta compatibilidade e desempenho confiavel
Teclado - Logitech MX Keys;KabumStore;3424.77;11;3048.05;0.9;Construido com materiais resistentes e duraveis
Teclado - HyperX Alloy;MagazineInfo;522.4;9;475.38;0.93;Produto com alta compatibilidade e desempenho confiavel
Teclado - HyperX Alloy;AmericanasDigital;3198.54;4;3070.6;0.9;Construido com materiais resistentes e duraveis
Teclado - Logitech MX Keys;MercadoTech;2363.68;9;2150.95;0.87;Produto com alta compatibilidade e desempenho confiavel
Teclado - HyperX Alloy;MercadoTech;295.61;0;295.61;0.96;Produto com alta compatibilidade e desempenho confiavel
Teclado - Razer BlackWidow;AmericanasDigital;2878.54;13;2504.33;0.86;Desempenho superior com baixo consumo de energia
Monitor - AOC Hero;MercadoTech;2875.65;7;2674.35;0.95;Tecnologia avancada para maior velocidade e eficiencia
Monitor - LG UltraGear;MagazineInfo;115.43;30;80.8;0.93;Oferece excelente custo-beneficio e performance
Monitor - LG UltraGear;MagazineInfo;199.87;15;169.89;0.98;Desempenho superior com baixo consumo de energia
Monitor - AOC Hero;KabumStore;4807.5;4;4615.2;0.86;Produto com alta compatibilidade e desempenho confiavel
Monitor - LG UltraGear;MercadoTech;922.1;22;719.24;0.93;Perfeito para setups profissionais e gamers
Monitor - Samsung Odyssey;KabumStore;3665.92;8;3372.65;0.93;Produto com alta compatibilidade e desempenho confiavel
Monitor - AOC Hero;AmazonTech;1032.74;7;960.45;0.87;Alta durabilidade e garantia estendida
Monitor - AOC Hero;PichauOnline;196.85;23;151.57;0.88;Design moderno e otimizacao para melhor experiencia
Monitor - AOC Hero;KabumStore;2453.11;21;1937.96;0.94;Perfeito para setups profissionais e gamers
Monitor - Samsung Odyssey;MercadoTech;235.25;11;209.37;0.86;Oferece excelente custo-beneficio e performance
Monitor - AOC Hero;TerabyteShop;2674.35;12;2353.43;0.96;Oferece excelente custo-beneficio e performance
Monitor - LG UltraGear;AmazonTech;4658.67;21;3680.35;0.98;Perfeito para setups profissionais e gamers
Monitor - Samsung Odyssey;AmericanasDigital;2379.13;5;2260.17;0.94;Ideal para usuarios exigentes que buscam qualidade
Monitor - LG UltraGear;TerabyteShop;3097.43;19;2508.92;0.9;Oferece excelente custo-beneficio e performance
Monitor - Samsung Odyssey;SubmarinoPlus;1963.87;3;1904.95;0.86;Produto com alta compatibilidade e desempenho confiavel
Monitor - AOC Hero;SubmarinoPlus;1070.78;12;942.29;0.98;Oferece excelente custo-beneficio e performance
Monitor - AOC Hero;FastShopTech;4268.28;15;3628.04;0.98;Desempenho superior com baixo consumo de energia
Monitor - Samsung Odyssey;ExtraDigital;4739.79;3;4597.6;0.97;Tecnologia avancada para maior velocidade e eficiencia
Monitor - AOC Hero;SubmarinoPlus;3569.45;27;2605.7;0.96;Alta durabilidade e garantia estendida
Monitor - AOC Hero;FastShopTech;4036.77;1;3996.4;0.89;Tecnologia avancada para maior velocidade e eficiencia
Monitor - LG UltraGear;PichauOnline;3056.02;9;2780.98;0.93;Produto com alta compatibilidade e desempenho confiavel
Monitor - AOC Hero;MagazineInfo;1064.0;23;819.28;0.94;Construido com materiais resistentes e duraveis
Monitor - LG UltraGear;SubmarinoPlus;316.75;8;291.41;0.98;Perfeito para setups profissionais e gamers
Monitor - AOC Hero;PichauOnline;2345.44;25;1759.08;0.91;Produto com alta compatibilidade e desempenho confiavel
Monitor - AOC Hero;ExtraDigital;1869.15;23;1439.25;0.87;Desempenho superior com baixo consumo de energia
Monitor - AOC Hero;AmazonTech;1950.1;3;1891.6;0.88;Construido com materiais resistentes e duraveis
Monitor - LG UltraGear;MagazineInfo;249.13;19;201.8;0.87;Desempenho superior com baixo consumo de energia
Monitor - LG UltraGear;ExtraDigital;1063.75;17;882.91;0.97;Tecnologia avancada para maior velocidade e eficiencia
Monitor - Samsung Odyssey;AmericanasDigital;2485.3;19;2013.09;0.93;Ideal para usuarios exigentes que buscam qualidade
Monitor - AOC Hero;PichauOnline;3684.43;23;2837.01;0.87;Desempenho superior com baixo consumo de energia
Monitor - LG UltraGear;TerabyteShop;849.13;10;764.22;0.9;Construido com materiais resistentes e duraveis
Monitor - AOC Hero;AmazonTech;4807.76;2;4711.6;0.92;Desempenho superior com baixo consumo de energia
Monitor - AOC Hero;MagazineInfo;379.18;21;299.55;0.97;Oferece excelente custo-beneficio e performance
Monitor - LG UltraGear;MercadoTech;217.03;25;162.77;0.87;Facil instalacao e suporte garantido
Monitor - AOC Hero;MagazineInfo;560.54;6;526.91;0.9;Oferece excelente custo-beneficio e performance
Monitor - AOC Hero;FastShopTech;2051.16;10;1846.04;0.95;Facil instalacao e suporte garantido
Monitor - Samsung Odyssey;MagazineInfo;2451.51;21;1936.69;0.87;Desempenho superior com baixo consumo de energia
Monitor - LG UltraGear;ExtraDigital;1913.01;15;1626.06;0.97;Perfeito para setups profissionais e gamers
Monitor - LG UltraGear;AmericanasDigital;2382.11;19;1929.51;0.96;Ideal para usuarios exigentes que buscam qualidade
Monitor - AOC Hero;ExtraDigital;4188.61;19;3392.77;0.97;Tecnologia avancada para maior velocidade e eficiencia
Monitor - LG UltraGear;AmazonTech;1221.19;10;1099.07;0.97;Ideal para usuarios exigentes que buscam qualidade
Monitor - Samsung Odyssey;TerabyteShop;2720.44;13;2366.78;0.99;Produto com alta compatibilidade e desempenho confiavel
Monitor - LG UltraGear;AmericanasDigital;1475.09;30;1032.56;0.9;Desempenho superior com baixo consumo de energia
Monitor - Samsung Odyssey;TerabyteShop;3726.92;29;2646.11;0.88;Design moderno e otimizacao para melhor experiencia
Monitor - AOC Hero;AmazonTech;4741.16;4;4551.51;0.95;Facil instalacao e suporte garantido
Monitor - AOC Hero;FastShopTech;3657.54;12;3218.64;0.95;Produto com alta compatibilidade e desempenho confiavel
Monitor - AOC Hero;TerabyteShop;1078.3;30;754.81;0.91;Tecnologia avancada para maior velocidade e eficiencia
Monitor - AOC Hero;MagazineInfo;1387.69;25;1040.77;0.91;Ideal para usuarios exigentes que buscam qualidade
Monitor - Samsung Odyssey;KabumStore;4388.61;20;3510.89;0.86;Design moderno e otimizacao para melhor experiencia
Monitor - Samsung Odyssey;MercadoTech;4054.5;23;3121.97;0.96;Ideal para usuarios exigentes que buscam qualidade
Monitor - Samsung Odyssey;AmericanasDigital;2447.55;24;1860.14;0.98;Facil instalacao e suporte garantido
Monitor - AOC Hero;TerabyteShop;1558.09;5;1480.19;0.92;Construido com materiais resistentes e duraveis
Monitor - Samsung Odyssey;FastShopTech;3188.29;9;2901.34;0.95;Alta durabilidade e garantia estendida
Monitor - Samsung Odyssey;ExtraDigital;3307.56;14;2844.5;0.85;Design moderno e otimizacao para melhor experiencia
Monitor - Samsung Odyssey;PichauOnline;3104.34;18;2545.56;0.91;Produto com alta compatibilidade e desempenho confiavel
Monitor - AOC Hero;AmericanasDigital;935.07;29;663.9;0.91;Ideal para usuarios exigentes que buscam qualidade
Monitor - LG UltraGear;KabumStore;3014.68;8;2773.51;0.94;Produto com alta compatibilidade e desempenho confiavel
Monitor - LG UltraGear;MagazineInfo;4497.85;22;3508.32;0.9;Construido com materiais resistentes e duraveis
Monitor - AOC Hero;MercadoTech;900.17;3;873.16;0.91;Ideal para usuarios exigentes que buscam qualidade
Monitor - Samsung Odyssey;FastShopTech;2399.69;22;1871.76;0.92;Construido com materiais resistentes e duraveis
Monitor - AOC Hero;KabumStore;835.94;25;626.96;0.94;Perfeito para setups profissionais e gamers
Monitor - LG UltraGear;FastShopTech;4376.29;6;4113.71;0.89;Oferece excelente custo-beneficio e performance
Monitor - Samsung Odyssey;AmazonTech;4946.21;19;4006.43;0.92;Facil instalacao e suporte garantido
Monitor - Samsung Odyssey;AmazonTech;4108.8;16;3451.39;0.96;Produto com alta compatibilidade e desempenho confiavel
Monitor - Samsung Odyssey;KabumStore;477.51;1;472.73;0.95;Alta durabilidade e garantia estendida
Monitor - Samsung Odyssey;TerabyteShop;2685.01;24;2040.61;0.99;Construido com materiais resistentes e duraveis
Monitor - AOC Hero;MagazineInfo;2586.89;27;1888.43;0.87;Design moderno e otimizacao para melhor experiencia
Monitor - Samsung Odyssey;MercadoTech;3186.81;30;2230.77;0.94;Oferece excelente custo-beneficio e performance
Monitor - LG UltraGear;PichauOnline;4473.34;23;3444.47;0.93;Tecnologia avancada para maior velocidade e eficiencia
Monitor - LG UltraGear;MagazineInfo;3299.31;18;2705.43;0.95;Tecnologia avancada para maior velocidade e eficiencia
Monitor - AOC Hero;ExtraDigital;2430.03;14;2089.83;0.9;Tecnologia avancada para maior velocidade e eficiencia
Monitor - AOC Hero;KabumStore;849.21;20;679.37;0.88;Facil instalacao e suporte garantido
Monitor - Samsung Odyssey;MercadoTech;4922.77;16;4135.13;0.88;Perfeito para setups profissionais e gamers
Monitor - Samsung Odyssey;KabumStore;2319.13;20;1855.3;0.98;Produto com alta compatibilidade e desempenho confiavel
Monitor - Samsung Odyssey;PichauOnline;4868.62;29;3456.72;0.9;Ideal para usuarios exigentes que buscam qualidade
Monitor - AOC Hero;FastShopTech;64.51;9;58.7;0.96;Construido com materiais resistentes e duraveis
Monitor - Samsung Odyssey;SubmarinoPlus;3938.18;14;3386.83;0.88;Perfeito para setups profissionais e gamers
Monitor - AOC Hero;KabumStore;3807.76;1;3769.68;0.98;Oferece excelente custo-beneficio e performance
Monitor - Samsung Odyssey;TerabyteShop;796.25;2;780.32;0.89;Perfeito para setups profissionais e gamers
Monitor - Samsung Odyssey;MagazineInfo;3269.3;29;2321.2;0.9;Desempenho superior com baixo consumo de energia
Monitor - LG UltraGear;ExtraDigital;4520.87;19;3661.9;0.87;Produto com alta compatibilidade e desempenho confiavel
Monitor - AOC Hero;ExtraDigital;4097.51;22;3196.06;0.96;Design moderno e otimizacao para melhor experiencia
Monitor - Samsung Odyssey;ExtraDigital;2147.73;27;1567.84;0.92;Facil instalacao e suporte garantido
Monitor - AOC Hero;KabumStore;4408.3;30;3085.81;0.93;Construido com materiais resistentes e duraveis
Monitor - Samsung Odyssey;AmazonTech;357.61;24;271.78;0.87;Oferece excelente custo-beneficio e performance
Monitor - Samsung Odyssey;AmazonTech;1722.67;12;1515.95;0.86;Produto com alta compatibilidade e desempenho confiavel
Monitor - LG UltraGear;AmazonTech;1825.84;23;1405.9;0.87;Facil instalacao e suporte garantido
Monitor - Samsung Odyssey;MagazineInfo;2530.91;0;2530.91;0.89;Produto com alta compatibilidade e desempenho confiavel
Monitor - Samsung Odyssey;AmericanasDigital;4492.3;11;3998.15;0.94;Perfeito para setups profissionais e gamers
Monitor - Samsung Odyssey;AmericanasDigital;477.63;20;382.1;0.94;Ideal para usuarios exigentes que buscam qualidade
Monitor - AOC Hero;MercadoTech;3968.96;20;3175.17;0.92;Facil instalacao e suporte garantido
Monitor - LG UltraGear;AmericanasDigital;898.23;12;790.44;0.88;Ideal para usuarios exigentes que buscam qualidade
Monitor - AOC Hero;PichauOnline;2528.27;7;2351.29;0.98;Construido com materiais resistentes e duraveis
Monitor - LG UltraGear;TerabyteShop;122.31;3;118.64;0.88;Construido com materiais resistentes e duraveis
Monitor - Samsung Odyssey;MercadoTech;3918.96;28;2821.65;0.93;Oferece excelente custo-beneficio e performance
Monitor - Samsung Odyssey;ExtraDigital;3779.8;1;3742.0;0.98;Oferece excelente custo-beneficio e performance
Monitor - AOC Hero;SubmarinoPlus;4959.96;0;4959.96;0.92;Design moderno e otimizacao para melhor experiencia
Monitor - LG UltraGear;KabumStore;4526.09;19;3666.13;0.9;Tecnologia avancada para maior velocidade e eficiencia
Monitor - AOC Hero;MagazineInfo;850.0;18;697.0;0.86;Construido com materiais resistentes e duraveis
Monitor - AOC Hero;ExtraDigital;2745.14;2;2690.24;0.93;Facil instalacao e suporte garantido
Monitor - AOC Hero;KabumStore;4968.32;17;4123.71;0.92;Produto com alta compatibilidade e desempenho confiavel
Monitor - Samsung Odyssey;AmericanasDigital;740.05;16;621.64;0.95;Perfeito para setups profissionais e gamers
Monitor - AOC Hero;ExtraDigital;568.53;10;511.68;0.89;Produto com alta compatibilidade e desempenho confiavel
Monitor - Samsung Odyssey;MercadoTech;4816.57;12;4238.58;0.87;Oferece excelente custo-beneficio e performance
Monitor - LG UltraGear;PichauOnline;1005.55;4;965.33;0.98;Ideal para usuarios exigentes que buscam qualidade
Monitor - AOC Hero;AmazonTech;3599.77;17;2987.81;0.96;Design moderno e otimizacao para melhor experiencia
Monitor - Samsung Odyssey;KabumStore;3018.6;8;2777.11;0.94;Design moderno e otimizacao para melhor experiencia
Monitor - Samsung Odyssey;MercadoTech;3778.22;26;2795.88;0.87;Facil instalacao e suporte garantido
Monitor - Samsung Odyssey;MagazineInfo;3009.87;15;2558.39;0.89;Design moderno e otimizacao para melhor experiencia
Monitor - LG UltraGear;ExtraDigital;3138.82;30;2197.17;0.88;Tecnologia avancada para maior velocidade e eficiencia
Monitor - AOC Hero;FastShopTech;55.79;16;46.86;0.92;Oferece excelente custo-beneficio e performance
Monitor - AOC Hero;AmazonTech;611.62;17;507.64;0.9;Alta durabilidade e garantia estendida
Monitor - LG UltraGear;MercadoTech;657.89;18;539.47;0.98;Construido com materiais resistentes e duraveis
Monitor - Samsung Odyssey;AmericanasDigital;4519.35;15;3841.45;0.9;Design moderno e otimizacao para melhor experiencia
Monitor - LG UltraGear;SubmarinoPlus;2897.87;9;2637.06;0.89;Produto com alta compatibilidade e desempenho confiavel
Monitor - LG UltraGear;AmericanasDigital;1412.39;5;1341.77;0.92;Alta durabilidade e garantia estendida
Monitor - AOC Hero;KabumStore;1822.3;11;1621.85;0.92;Desempenho superior com baixo consumo de energia
Monitor - AOC Hero;ExtraDigital;1070.88;9;974.5;0.93;Facil instalacao e suporte garantido
Monitor - AOC Hero;PichauOnline;3763.09;25;2822.32;0.91;Produto com alta compatibilidade e desempenho confiavel
Monitor - Samsung Odyssey;ExtraDigital;447.16;12;393.5;0.91;Desempenho superior com baixo consumo de energia
Monitor - Samsung Odyssey;AmazonTech;2557.86;9;2327.65;0.91;Ideal para usuarios exigentes que buscam qualidade
Monitor - Samsung Odyssey;AmazonTech;3110.23;29;2208.26;0.88;Ideal para usuarios exigentes que buscam qualidade
Monitor - LG UltraGear;SubmarinoPlus;1991.08;15;1692.42;0.88;Perfeito para setups profissionais e gamers
Monitor - Samsung Odyssey;MercadoTech;3741.24;29;2656.28;0.99;Ideal para usuarios exigentes que buscam qualidade
Monitor - LG UltraGear;MercadoTech;3423.88;8;3149.97;0.85;Produto com alta compatibilidade e desempenho confiavel
Monitor - LG UltraGear;FastShopTech;4442.78;24;3376.51;0.87;Alta durabilidade e garantia estendida
Monitor - LG UltraGear;AmazonTech;4606.7;11;4099.96;0.94;Ideal para usuarios exigentes que buscam qualidade
Monitor - Samsung Odyssey;SubmarinoPlus;490.37;23;377.58;0.89;Produto com alta compatibilidade e desempenho confiavel
Monitor - AOC Hero;FastShopTech;456.82;22;356.32;0.88;Design moderno e otimizacao para melhor experiencia
Monitor - Samsung Odyssey;PichauOnline;622.11;12;547.46;0.96;Design moderno e otimizacao para melhor experiencia
Monitor - AOC Hero;MercadoTech;3428.87;14;2948.83;0.97;Design moderno e otimizacao para melhor experiencia
Monitor - Samsung Odyssey;FastShopTech;1111.96;2;1089.72;0.92;Design moderno e otimizacao para melhor experiencia
Monitor - Samsung Odyssey;SubmarinoPlus;3333.06;24;2533.13;0.86;Ideal para usuarios exigentes que buscam qualidade
Monitor - AOC Hero;SubmarinoPlus;4028.17;21;3182.25;0.93;Produto com alta compatibilidade e desempenho confiavel
Monitor - Samsung Odyssey;AmazonTech;411.5;19;333.31;0.93;Produto com alta compatibilidade e desempenho confiavel
Monitor - Samsung Odyssey;TerabyteShop;2410.56;16;2024.87;0.86;Ideal para usuarios exigentes que buscam qualidade
Monitor - AOC Hero;AmazonTech;3964.98;24;3013.38;0.99;Ideal para usuarios exigentes que buscam qualidade
Monitor - Samsung Odyssey;ExtraDigital;2266.29;26;1677.05;0.9;Construido com materiais resistentes e duraveis
Monitor - LG UltraGear;AmericanasDigital;3080.72;30;2156.5;0.98;Produto com alta compatibilidade e desempenho confiavel
Monitor - Samsung Odyssey;SubmarinoPlus;1088.59;3;1055.93;0.93;Alta durabilidade e garantia estendida
Monitor - LG UltraGear;AmazonTech;1735.59;16;1457.9;0.94;Facil instalacao e suporte garantido
Monitor - AOC Hero;FastShopTech;2361.57;24;1794.79;0.88;Facil instalacao e suporte garantido
Monitor - LG UltraGear;MercadoTech;4131.8;30;2892.26;0.92;Alta durabilidade e garantia estendida
Monitor - Samsung Odyssey;MercadoTech;545.15;4;523.34;0.87;Perfeito para setups profissionais e gamers
Monitor - AOC Hero;ExtraDigital;398.46;13;346.66;0.89;Desempenho superior com baixo consumo de energia
Monitor - AOC Hero;MagazineInfo;3846.13;11;3423.06;0.88;Design moderno e otimizacao para melhor experiencia
Monitor - LG UltraGear;ExtraDigital;1706.08;21;1347.8;0.93;Oferece excelente custo-beneficio e performance
Monitor - LG UltraGear;MagazineInfo;244.17;26;180.69;0.9;Design moderno e otimizacao para melhor experiencia
Monitor - Samsung Odyssey;FastShopTech;3960.33;12;3485.09;0.9;Ideal para usuarios exigentes que buscam qualidade
Monitor - Samsung Odyssey;MagazineInfo;3320.03;1;3286.83;0.89;Desempenho superior com baixo consumo de energia
Monitor - Samsung Odyssey;KabumStore;1985.14;11;1766.77;0.86;Oferece excelente custo-beneficio e performance
Monitor - Samsung Odyssey;SubmarinoPlus;4995.5;29;3546.8;0.97;Alta durabilidade e garantia estendida
Monitor - Samsung Odyssey;AmericanasDigital;677.89;30;474.52;0.91;Desempenho superior com baixo consumo de energia
Monitor - Samsung Odyssey;SubmarinoPlus;3050.64;20;2440.51;0.98;Construido com materiais resistentes e duraveis
Monitor - AOC Hero;AmericanasDigital;4918.07;22;3836.09;0.86;Ideal para usuarios exigentes que buscam qualidade
Monitor - LG UltraGear;ExtraDigital;358.65;0;358.65;0.87;Produto com alta compatibilidade e desempenho confiavel
Monitor - AOC Hero;AmericanasDigital;2158.93;20;1727.14;0.88;Oferece excelente custo-beneficio e performance
Monitor - LG UltraGear;PichauOnline;2563.31;26;1896.85;0.87;Perfeito para setups profissionais e gamers
Monitor - AOC Hero;MercadoTech;3676.42;11;3272.01;0.9;Oferece excelente custo-beneficio e performance
Monitor - Samsung Odyssey;PichauOnline;4847.5;2;4750.55;0.89;Ideal para usuarios exigentes que buscam qualidade
Monitor - AOC Hero;ExtraDigital;76.34;22;59.55;0.86;Produto com alta compatibilidade e desempenho confiavel
Monitor - AOC Hero;AmazonTech;3140.28;20;2512.22;0.94;Produto com alta compatibilidade e desempenho confiavel
Monitor - Samsung Odyssey;SubmarinoPlus;2684.5;5;2550.28;0.87;Ideal para usuarios exigentes que buscam qualidade
Monitor - Samsung Odyssey;FastShopTech;4515.0;30;3160.5;0.97;Oferece excelente custo-beneficio e performance
Monitor - Samsung Odyssey;AmazonTech;294.38;30;206.07;0.88;Facil instalacao e suporte garantido
Monitor - Samsung Odyssey;ExtraDigital;978.34;29;694.62;0.94;Desempenho superior com baixo consumo de energia
Monitor - Samsung Odyssey;AmericanasDigital;4131.93;30;2892.35;0.87;Oferece excelente custo-beneficio e performance
Monitor - Samsung Odyssey;KabumStore;3680.01;8;3385.61;0.9;Facil instalacao e suporte garantido
Monitor - AOC Hero;AmericanasDigital;2793.97;28;2011.66;0.91;Facil instalacao e suporte garantido
Monitor - LG UltraGear;ExtraDigital;2730.35;7;2539.23;0.94;Perfeito para setups profissionais e gamers
Monitor - AOC Hero;MercadoTech;4934.3;13;4292.84;0.88;Desempenho superior com baixo consumo de energia
Monitor - AOC Hero;MercadoTech;2620.19;7;2436.78;0.9;Produto com alta compatibilidade e desempenho confiavel
Monitor - Samsung Odyssey;AmericanasDigital;4777.62;27;3487.66;0.94;Oferece excelente custo-beneficio e performance
Monitor - AOC Hero;ExtraDigital;2100.23;11;1869.2;0.86;Desempenho superior com baixo consumo de energia
Monitor - LG UltraGear;MagazineInfo;4583.83;15;3896.26;0.94;Facil instalacao e suporte garantido
Monitor - Samsung Odyssey;AmazonTech;2910.39;24;2211.9;0.96;Perfeito para setups profissionais e gamers
Monitor - AOC Hero;PichauOnline;2013.05;25;1509.79;0.97;Construido com materiais resistentes e duraveis
Monitor - Samsung Odyssey;AmazonTech;4434.34;10;3990.91;0.92;Design moderno e otimizacao para melhor experiencia
Monitor - Samsung Odyssey;MercadoTech;2762.92;27;2016.93;0.98;Perfeito para setups profissionais e gamers
Monitor - AOC Hero;SubmarinoPlus;475.06;29;337.29;0.88;Produto com alta compatibilidade e desempenho confiavel
Monitor - Samsung Odyssey;AmericanasDigital;3641.31;3;3532.07;0.87;Perfeito para setups profissionais e gamers
Monitor - AOC Hero;AmazonTech;3259.59;10;2933.63;0.89;Perfeito para setups profissionais e gamers
Monitor - LG UltraGear;FastShopTech;3630.49;21;2868.09;0.9;Desempenho superior com baixo consumo de energia
Monitor - AOC Hero;MercadoTech;3954.78;12;3480.21;0.9;Ideal para usuarios exigentes que buscam qualidade
Monitor - Samsung Odyssey;FastShopTech;4303.75;26;3184.78;0.87;Design moderno e otimizacao para melhor experiencia
Monitor - Samsung Odyssey;ExtraDigital;4186.05;5;3976.75;0.92;Facil instalacao e suporte garantido
Monitor - AOC Hero;FastShopTech;4963.95;4;4765.39;0.91;Alta durabilidade e garantia estendida
Monitor - LG UltraGear;MercadoTech;1608.62;26;1190.38;0.85;Desempenho superior com baixo consumo de energia
Monitor - AOC Hero;MagazineInfo;3847.42;18;3154.88;0.95;Oferece excelente custo-beneficio e performance
Monitor - LG UltraGear;FastShopTech;3441.04;25;2580.78;0.99;Desempenho superior com baixo consumo de energia
Monitor - Samsung Odyssey;AmericanasDigital;4471.3;2;4381.87;0.92;Desempenho superior com baixo consumo de energia
Monitor - Samsung Odyssey;MercadoTech;2714.92;2;2660.62;0.94;Alta durabilidade e garantia estendida
Monitor - Samsung Odyssey;FastShopTech;4030.05;13;3506.14;0.86;Oferece excelente custo-beneficio e performance
Monitor - AOC Hero;MercadoTech;3890.37;22;3034.49;0.94;Facil instalacao e suporte garantido
Monitor - AOC Hero;MercadoTech;4882.72;1;4833.89;0.86;Construido com materiais resistentes e duraveis
Monitor - AOC Hero;FastShopTech;4576.68;8;4210.55;0.96;Produto com alta compatibilidade e desempenho confiavel
Monitor - Samsung Odyssey;MagazineInfo;4532.99;12;3989.03;0.9;Desempenho superior com baixo consumo de energia
Monitor - Samsung Odyssey;MagazineInfo;3836.96;14;3299.79;0.98;Produto com alta compatibilidade e desempenho confiavel
Monitor - Samsung Odyssey;MercadoTech;4256.42;20;3405.14;0.94;Facil instalacao e suporte garantido
Monitor - AOC Hero;TerabyteShop;64.31;21;50.8;0.96;Ideal para usuarios exigentes que buscam qualidade
Gabinete - NZXT Phantom;FastShopTech;1857.15;20;1485.72;0.86;Desempenho superior com baixo consumo de energia
Gabinete - NZXT Phantom;FastShopTech;1240.53;14;1066.86;0.97;Design moderno e otimizacao para melhor experiencia
Gabinete - NZXT Phantom;MercadoTech;3375.78;19;2734.38;0.89;Desempenho superior com baixo consumo de energia
Gabinete - NZXT Phantom;AmericanasDigital;4999.25;29;3549.47;0.93;Facil instalacao e suporte garantido
Gabinete - NZXT Phantom;AmericanasDigital;3340.52;27;2438.58;0.97;Oferece excelente custo-beneficio e performance
Gabinete - Corsair Carbide;SubmarinoPlus;3975.71;17;3299.84;0.86;Oferece excelente custo-beneficio e performance
Gabinete - NZXT Phantom;ExtraDigital;1039.73;27;759.0;0.95;Design moderno e otimizacao para melhor experiencia
Gabinete - Corsair Carbide;MagazineInfo;2343.66;12;2062.42;0.97;Oferece excelente custo-beneficio e performance
Gabinete - Corsair Carbide;FastShopTech;3751.31;23;2888.51;0.99;Produto com alta compatibilidade e desempenho confiavel
Gabinete - NZXT Phantom;AmazonTech;1112.48;29;789.86;0.93;Desempenho superior com baixo consumo de energia
Gabinete - CoolerMaster MasterBox;ExtraDigital;4180.06;18;3427.65;0.89;Tecnologia avancada para maior velocidade e eficiencia
Gabinete - NZXT Phantom;TerabyteShop;3719.31;30;2603.52;0.91;Desempenho superior com baixo consumo de energia
Gabinete - Corsair Carbide;ExtraDigital;2172.72;8;1998.9;0.97;Alta durabilidade e garantia estendida
Gabinete - NZXT Phantom;ExtraDigital;1349.13;16;1133.27;0.97;Desempenho superior com baixo consumo de energia
Gabinete - NZXT Phantom;KabumStore;2093.88;24;1591.35;0.94;Construido com materiais resistentes e duraveis
Gabinete - CoolerMaster MasterBox;MercadoTech;3874.98;12;3409.98;0.95;Produto com alta compatibilidade e desempenho confiavel
Gabinete - CoolerMaster MasterBox;SubmarinoPlus;1922.8;11;1711.29;0.91;Facil instalacao e suporte garantido
Gabinete - NZXT Phantom;TerabyteShop;947.2;29;672.51;0.93;Produto com alta compatibilidade e desempenho confiavel
Gabinete - CoolerMaster MasterBox;ExtraDigital;1336.89;22;1042.77;0.9;Produto com alta compatibilidade e desempenho confiavel
Gabinete - Corsair Carbide;AmazonTech;4059.91;11;3613.32;0.94;Ideal para usuarios exigentes que buscam qualidade
Gabinete - NZXT Phantom;ExtraDigital;3611.88;1;3575.76;0.95;Perfeito para setups profissionais e gamers
Gabinete - Corsair Carbide;TerabyteShop;896.85;12;789.23;0.95;Produto com alta compatibilidade e desempenho confiavel
Gabinete - CoolerMaster MasterBox;TerabyteShop;3980.7;7;3702.05;0.89;Produto com alta compatibilidade e desempenho confiavel
Gabinete - Corsair Carbide;AmericanasDigital;614.81;15;522.59;0.92;Desempenho superior com baixo consumo de energia
Gabinete - Corsair Carbide;ExtraDigital;2444.09;18;2004.15;0.86;Produto com alta compatibilidade e desempenho confiavel
Gabinete - CoolerMaster MasterBox;SubmarinoPlus;3737.39;9;3401.02;0.89;Facil instalacao e suporte garantido
Gabinete - CoolerMaster MasterBox;MagazineInfo;1074.7;29;763.04;0.92;Design moderno e otimizacao para melhor experiencia
Gabinete - Corsair Carbide;AmericanasDigital;3953.72;20;3162.98;0.93;Design moderno e otimizacao para melhor experiencia
Gabinete - CoolerMaster MasterBox;MercadoTech;1813.18;7;1686.26;0.88;Desempenho superior com baixo consumo de energia
Gabinete - NZXT Phantom;ExtraDigital;697.09;14;599.5;0.97;Ideal para usuarios exigentes que buscam qualidade
Gabinete - Corsair Carbide;MercadoTech;3763.96;11;3349.92;0.88;Facil instalacao e suporte garantido
Gabinete - NZXT Phantom;FastShopTech;268.13;25;201.1;0.89;Ideal para usuarios exigentes que buscam qualidade
Gabinete - CoolerMaster MasterBox;AmazonTech;4567.8;3;4430.77;0.98;Construido com materiais resistentes e duraveis
Gabinete - Corsair Carbide;AmazonTech;1767.72;29;1255.08;0.86;Construido com materiais resistentes e duraveis
Gabinete - NZXT Phantom;AmazonTech;276.08;9;251.23;0.94;Perfeito para setups profissionais e gamers
Gabinete - Corsair Carbide;MercadoTech;4901.9;2;4803.86;0.86;Tecnologia avancada para maior velocidade e eficiencia
Gabinete - Corsair Carbide;MagazineInfo;2032.7;23;1565.18;0.87;Alta durabilidade e garantia estendida
Gabinete - Corsair Carbide;SubmarinoPlus;2725.66;16;2289.55;0.98;Alta durabilidade e garantia estendida
Gabinete - Corsair Carbide;PichauOnline;3987.02;22;3109.88;0.9;Tecnologia avancada para maior velocidade e eficiencia
Gabinete - CoolerMaster MasterBox;KabumStore;4760.48;19;3855.99;0.89;Tecnologia avancada para maior velocidade e eficiencia
Gabinete - Corsair Carbide;KabumStore;2282.04;20;1825.63;0.92;Ideal para usuarios exigentes que buscam qualidade
Gabinete - CoolerMaster MasterBox;SubmarinoPlus;4815.66;9;4382.25;0.94;Tecnologia avancada para maior velocidade e eficiencia
Gabinete - Corsair Carbide;AmericanasDigital;720.08;7;669.67;0.89;Oferece excelente custo-beneficio e performance
Gabinete - NZXT Phantom;TerabyteShop;3351.61;6;3150.51;0.9;Facil instalacao e suporte garantido
Gabinete - NZXT Phantom;ExtraDigital;383.31;20;306.65;0.93;Alta durabilidade e garantia estendida
Gabinete - CoolerMaster MasterBox;SubmarinoPlus;2208.51;17;1833.06;0.97;Facil instalacao e suporte garantido
Gabinete - NZXT Phantom;TerabyteShop;2722.86;10;2450.57;0.93;Alta durabilidade e garantia estendida
Gabinete - NZXT Phantom;AmazonTech;4515.42;21;3567.18;0.95;Desempenho superior com baixo consumo de energia
Gabinete - Corsair Carbide;ExtraDigital;4693.5;25;3520.12;0.93;Ideal para usuarios exigentes que buscam qualidade
Gabinete - CoolerMaster MasterBox;TerabyteShop;3064.59;11;2727.49;0.95;Design moderno e otimizacao para melhor experiencia
Gabinete - CoolerMaster MasterBox;MercadoTech;3453.25;16;2900.73;0.87;Ideal para usuarios exigentes que buscam qualidade
Gabinete - NZXT Phantom;KabumStore;1615.12;8;1485.91;0.92;Desempenho superior com baixo consumo de energia
Gabinete - CoolerMaster MasterBox;TerabyteShop;1918.03;7;1783.77;0.85;Construido com materiais resistentes e duraveis
Gabinete - CoolerMaster MasterBox;ExtraDigital;394.33;28;283.92;0.94;Construido com materiais resistentes e duraveis
Gabinete - NZXT Phantom;PichauOnline;1586.73;0;1586.73;0.93;Desempenho superior com baixo consumo de energia
Gabinete - Corsair Carbide;AmazonTech;1683.05;22;1312.78;0.97;Design moderno e otimizacao para melhor experiencia
Gabinete - CoolerMaster MasterBox;KabumStore;4599.1;25;3449.33;0.98;Desempenho superior com baixo consumo de energia
Gabinete - CoolerMaster MasterBox;ExtraDigital;4359.83;1;4316.23;0.86;Produto com alta compatibilidade e desempenho confiavel
Gabinete - NZXT Phantom;TerabyteShop;2772.01;10;2494.81;0.93;Desempenho superior com baixo consumo de energia
Gabinete - CoolerMaster MasterBox;KabumStore;3665.62;5;3482.34;0.9;Perfeito para setups profissionais e gamers
Gabinete - CoolerMaster MasterBox;KabumStore;1730.72;25;1298.04;0.88;Ideal para usuarios exigentes que buscam qualidade
Gabinete - CoolerMaster MasterBox;SubmarinoPlus;463.71;18;380.24;0.92;Facil instalacao e suporte garantido
Gabinete - CoolerMaster MasterBox;ExtraDigital;2856.02;8;2627.54;0.92;Produto com alta compatibilidade e desempenho confiavel
Gabinete - CoolerMaster MasterBox;KabumStore;2957.39;16;2484.21;0.91;Tecnologia avancada para maior velocidade e eficiencia
Gabinete - NZXT Phantom;TerabyteShop;1263.3;15;1073.8;0.9;Perfeito para setups profissionais e gamers
Gabinete - CoolerMaster MasterBox;SubmarinoPlus;3977.83;27;2903.82;0.91;Construido com materiais resistentes e duraveis
Gabinete - CoolerMaster MasterBox;MercadoTech;4438.85;13;3861.8;0.86;Desempenho superior com baixo consumo de energia
Gabinete - NZXT Phantom;SubmarinoPlus;151.84;20;121.47;0.9;Tecnologia avancada para maior velocidade e eficiencia
Gabinete - CoolerMaster MasterBox;MagazineInfo;4609.91;22;3595.73;0.85;Oferece excelente custo-beneficio e performance
Gabinete - CoolerMaster MasterBox;ExtraDigital;73.04;20;58.43;0.99;Ideal para usuarios exigentes que buscam qualidade
Gabinete - NZXT Phantom;AmazonTech;313.98;23;241.76;0.9;Desempenho superior com baixo consumo de energia
Gabinete - Corsair Carbide;ExtraDigital;1624.91;6;1527.42;0.92;Ideal para usuarios exigentes que buscam qualidade
Gabinete - Corsair Carbide;MagazineInfo;2276.49;1;2253.73;0.87;Produto com alta compatibilidade e desempenho confiavel
Gabinete - Corsair Carbide;MagazineInfo;953.64;10;858.28;0.97;Perfeito para setups profissionais e gamers
Gabinete - CoolerMaster MasterBox;MercadoTech;1206.32;3;1170.13;0.89;Design moderno e otimizacao para melhor experiencia
Gabinete - CoolerMaster MasterBox;PichauOnline;4882.76;7;4540.97;0.9;Produto com alta compatibilidade e desempenho confiavel
Gabinete - CoolerMaster MasterBox;SubmarinoPlus;4339.62;11;3862.26;0.88;Produto com alta compatibilidade e desempenho confiavel
Gabinete - CoolerMaster MasterBox;TerabyteShop;2598.18;13;2260.42;0.92;Desempenho superior com baixo consumo de energia
Gabinete - NZXT Phantom;MagazineInfo;3369.34;26;2493.31;0.97;Alta durabilidade e garantia estendida
Gabinete - CoolerMaster MasterBox;ExtraDigital;3863.79;27;2820.57;0.9;Perfeito para setups profissionais e gamers
Gabinete - NZXT Phantom;TerabyteShop;618.23;2;605.87;0.96;Facil instalacao e suporte garantido
Gabinete - NZXT Phantom;MagazineInfo;4563.37;11;4061.4;0.94;Produto com alta compatibilidade e desempenho confiavel
Gabinete - Corsair Carbide;AmazonTech;4002.93;12;3522.58;0.85;Ideal para usuarios exigentes que buscam qualidade
Gabinete - CoolerMaster MasterBox;SubmarinoPlus;1744.25;13;1517.5;0.95;Ideal para usuarios exigentes que buscam qualidade
Gabinete - Corsair Carbide;KabumStore;1399.02;8;1287.1;0.97;Ideal para usuarios exigentes que buscam qualidade
Gabinete - NZXT Phantom;KabumStore;1850.69;8;1702.63;0.89;Ideal para usuarios exigentes que buscam qualidade
Gabinete - NZXT Phantom;PichauOnline;4216.14;6;3963.17;0.91;Perfeito para setups profissionais e gamers
Gabinete - CoolerMaster MasterBox;AmericanasDigital;1860.15;7;1729.94;0.91;Oferece excelente custo-beneficio e performance
Gabinete - NZXT Phantom;PichauOnline;2279.1;17;1891.65;0.94;Oferece excelente custo-beneficio e performance
Gabinete - Corsair Carbide;MercadoTech;149.19;29;105.92;0.9;Oferece excelente custo-beneficio e performance
Gabinete - Corsair Carbide;MercadoTech;4111.15;18;3371.14;0.92;Produto com alta compatibilidade e desempenho confiavel
Gabinete - NZXT Phantom;KabumStore;3329.15;19;2696.61;0.86;Ideal para usuarios exigentes que buscam qualidade
Gabinete - CoolerMaster MasterBox;MagazineInfo;1021.2;25;765.9;0.97;Ideal para usuarios exigentes que buscam qualidade
Gabinete - NZXT Phantom;MercadoTech;4505.53;4;4325.31;0.94;Tecnologia avancada para maior velocidade e eficiencia
Gabinete - CoolerMaster MasterBox;AmazonTech;240.38;3;233.17;0.89;Tecnologia avancada para maior velocidade e eficiencia
Gabinete - CoolerMaster MasterBox;MagazineInfo;622.19;18;510.2;0.99;Ideal para usuarios exigentes que buscam qualidade
Gabinete - CoolerMaster MasterBox;AmericanasDigital;1264.13;28;910.17;0.93;Oferece excelente custo-beneficio e performance
Gabinete - Corsair Carbide;SubmarinoPlus;3449.69;6;3242.71;0.97;Alta durabilidade e garantia estendida
Gabinete - CoolerMaster MasterBox;AmericanasDigital;1266.95;17;1051.57;0.92;Oferece excelente custo-beneficio e performance
Gabinete - Corsair Carbide;FastShopTech;2353.36;12;2070.96;0.85;Perfeito para setups profissionais e gamers
Gabinete - Corsair Carbide;AmazonTech;1038.8;2;1018.02;0.93;Ideal para usuarios exigentes que buscam qualidade
Gabinete - CoolerMaster MasterBox;TerabyteShop;542.02;1;536.6;0.96;Construido com materiais resistentes e duraveis
Gabinete - NZXT Phantom;KabumStore;2525.66;19;2045.78;0.86;Produto com alta compatibilidade e desempenho confiavel
Gabinete - Corsair Carbide;TerabyteShop;2166.39;1;2144.73;0.9;Produto com alta compatibilidade e desempenho confiavel
Gabinete - Corsair Carbide;MagazineInfo;2894.98;20;2315.98;0.85;Alta durabilidade e garantia estendida
Gabinete - NZXT Phantom;SubmarinoPlus;757.36;8;696.77;0.98;Perfeito para setups profissionais e gamers
Gabinete - CoolerMaster MasterBox;AmericanasDigital;754.11;0;754.11;0.86;Perfeito para setups profissionais e gamers
Gabinete - CoolerMaster MasterBox;FastShopTech;3905.33;10;3514.8;0.98;Tecnologia avancada para maior velocidade e eficiencia
Gabinete - NZXT Phantom;ExtraDigital;4991.22;16;4192.62;0.87;Design moderno e otimizacao para melhor experiencia
Gabinete - NZXT Phantom;KabumStore;1061.9;30;743.33;0.95;Facil instalacao e suporte garantido
Gabinete - NZXT Phantom;TerabyteShop;1806.67;4;1734.4;0.89;Perfeito para setups profissionais e gamers
Gabinete - CoolerMaster MasterBox;FastShopTech;4039.86;25;3029.89;0.86;Desempenho superior com baixo consumo de energia
Gabinete - NZXT Phantom;FastShopTech;608.62;1;602.53;0.96;Construido com materiais resistentes e duraveis
Gabinete - Corsair Carbide;FastShopTech;971.52;27;709.21;0.89;Design moderno e otimizacao para melhor experiencia
Gabinete - NZXT Phantom;MercadoTech;2649.86;9;2411.37;0.95;Construido com materiais resistentes e duraveis
Gabinete - Corsair Carbide;AmazonTech;1830.15;15;1555.63;0.86;Desempenho superior com baixo consumo de energia
Gabinete - CoolerMaster MasterBox;SubmarinoPlus;2412.26;3;2339.89;0.96;Tecnologia avancada para maior velocidade e eficiencia
Gabinete - NZXT Phantom;MercadoTech;1566.95;25;1175.21;0.9;Tecnologia avancada para maior velocidade e eficiencia
Gabinete - Corsair Carbide;AmazonTech;4685.23;15;3982.45;0.93;Tecnologia avancada para maior velocidade e eficiencia
Gabinete - CoolerMaster MasterBox;SubmarinoPlus;4058.39;2;3977.22;0.99;Design moderno e otimizacao para melhor experiencia
Gabinete - CoolerMaster MasterBox;MagazineInfo;3026.8;5;2875.46;0.93;Oferece excelente custo-beneficio e performance
Gabinete - NZXT Phantom;KabumStore;4632.66;11;4123.07;0.86;Tecnologia avancada para maior velocidade e eficiencia
Gabinete - Corsair Carbide;SubmarinoPlus;3804.86;18;3119.99;0.98;Perfeito para setups profissionais e gamers
Gabinete - CoolerMaster MasterBox;MercadoTech;3567.36;16;2996.58;0.86;Oferece excelente custo-beneficio e performance
Gabinete - CoolerMaster MasterBox;KabumStore;957.25;1;947.68;0.86;Design moderno e otimizacao para melhor experiencia
Gabinete - CoolerMaster MasterBox;TerabyteShop;254.34;22;198.39;0.87;Oferece excelente custo-beneficio e performance
Gabinete - CoolerMaster MasterBox;AmazonTech;1901.28;22;1483.0;0.94;Ideal para usuarios exigentes que buscam qualidade
Gabinete - Corsair Carbide;MagazineInfo;469.7;21;371.06;0.97;Produto com alta compatibilidade e desempenho confiavel
Gabinete - NZXT Phantom;FastShopTech;1265.63;9;1151.72;0.86;Alta durabilidade e garantia estendida
Gabinete - Corsair Carbide;SubmarinoPlus;1858.75;9;1691.46;0.99;Produto com alta compatibilidade e desempenho confiavel
Gabinete - CoolerMaster MasterBox;FastShopTech;2126.45;3;2062.66;0.9;Design moderno e otimizacao para melhor experiencia
Gabinete - CoolerMaster MasterBox;TerabyteShop;892.71;0;892.71;0.95;Oferece excelente custo-beneficio e performance
Gabinete - CoolerMaster MasterBox;FastShopTech;762.93;21;602.71;0.93;Produto com alta compatibilidade e desempenho confiavel
Gabinete - CoolerMaster MasterBox;MercadoTech;1937.06;8;1782.1;0.98;Construido com materiais resistentes e duraveis
Gabinete - Corsair Carbide;SubmarinoPlus;1981.29;6;1862.41;0.97;Tecnologia avancada para maior velocidade e eficiencia
Gabinete - Corsair Carbide;KabumStore;2811.13;20;2248.9;0.91;Tecnologia avancada para maior velocidade e eficiencia
Gabinete - NZXT Phantom;MercadoTech;1137.57;3;1103.44;0.89;Facil instalacao e suporte garantido
Gabinete - Corsair Carbide;AmazonTech;2332.35;26;1725.94;0.95;Ideal para usuarios exigentes que buscam qualidade
Gabinete - CoolerMaster MasterBox;PichauOnline;2030.51;30;1421.36;0.88;Oferece excelente custo-beneficio e performance
Gabinete - CoolerMaster MasterBox;MagazineInfo;854.35;1;845.81;0.97;Facil instalacao e suporte garantido
Gabinete - NZXT Phantom;PichauOnline;2791.28;22;2177.2;0.89;Ideal para usuarios exigentes que buscam qualidade
Gabinete - CoolerMaster MasterBox;AmazonTech;3375.95;12;2970.84;0.98;Tecnologia avancada para maior velocidade e eficiencia
Gabinete - Corsair Carbide;FastShopTech;1207.99;10;1087.19;0.98;Produto com alta compatibilidade e desempenho confiavel
Gabinete - CoolerMaster MasterBox;AmericanasDigital;4481.81;23;3450.99;0.98;Construido com materiais resistentes e duraveis
Gabinete - Corsair Carbide;KabumStore;3742.01;1;3704.59;0.89;Tecnologia avancada para maior velocidade e eficiencia
Gabinete - CoolerMaster MasterBox;AmazonTech;2547.37;8;2343.58;0.92;Design moderno e otimizacao para melhor experiencia
Gabinete - CoolerMaster MasterBox;AmazonTech;988.29;27;721.45;0.92;Oferece excelente custo-beneficio e performance
Gabinete - Corsair Carbide;ExtraDigital;2396.85;21;1893.51;0.87;Oferece excelente custo-beneficio e performance
Gabinete - Corsair Carbide;AmazonTech;3327.69;15;2828.54;0.94;Produto com alta compatibilidade e desempenho confiavel
Gabinete - CoolerMaster MasterBox;AmazonTech;4459.37;5;4236.4;0.92;Ideal para usuarios exigentes que buscam qualidade
Gabinete - CoolerMaster MasterBox;TerabyteShop;3461.06;1;3426.45;0.92;Oferece excelente custo-beneficio e performance
Gabinete - NZXT Phantom;TerabyteShop;3880.45;29;2755.12;0.95;Ideal para usuarios exigentes que buscam qualidade
Gabinete - NZXT Phantom;PichauOnline;3765.98;13;3276.4;0.9;Tecnologia avancada para maior velocidade e eficiencia
Gabinete - CoolerMaster MasterBox;FastShopTech;4742.7;7;4410.71;0.89;Facil instalacao e suporte garantido
Gabinete - Corsair Carbide;MercadoTech;1275.89;4;1224.85;0.89;Perfeito para setups profissionais e gamers
Gabinete - CoolerMaster MasterBox;AmazonTech;1440.88;13;1253.57;0.96;Ideal para usuarios exigentes que buscam qualidade
Gabinete - Corsair Carbide;MagazineInfo;4119.61;27;3007.32;0.91;Design moderno e otimizacao para melhor experiencia
Gabinete - NZXT Phantom;MagazineInfo;451.59;21;356.76;0.96;Construido com materiais resistentes e duraveis
Gabinete - CoolerMaster MasterBox;MagazineInfo;3322.12;18;2724.14;0.92;Facil instalacao e suporte garantido
Gabinete - CoolerMaster MasterBox;MercadoTech;1959.68;8;1802.91;0.93;Design moderno e otimizacao para melhor experiencia
Gabinete - NZXT Phantom;ExtraDigital;1643.13;15;1396.66;0.92;Desempenho superior com baixo consumo de energia
Gabinete - CoolerMaster MasterBox;PichauOnline;3499.91;4;3359.91;0.99;Desempenho superior com baixo consumo de energia
Gabinete - CoolerMaster MasterBox;ExtraDigital;1162.16;22;906.48;0.96;Oferece excelente custo-beneficio e performance
Gabinete - NZXT Phantom;PichauOnline;4896.42;24;3721.28;0.86;Tecnologia avancada para maior velocidade e eficiencia
Gabinete - CoolerMaster MasterBox;AmazonTech;3806.65;1;3768.58;0.9;Ideal para usuarios exigentes que buscam qualidade
Gabinete - Corsair Carbide;AmericanasDigital;3161.92;15;2687.63;0.92;Facil instalacao e suporte garantido
Gabinete - CoolerMaster MasterBox;FastShopTech;2953.46;29;2096.96;0.88;Desempenho superior com baixo consumo de energia
Gabinete - NZXT Phantom;AmazonTech;1833.13;2;1796.47;0.93;Oferece excelente custo-beneficio e performance
Gabinete - Corsair Carbide;SubmarinoPlus;4207.57;16;3534.36;0.96;Oferece excelente custo-beneficio e performance
Gabinete - CoolerMaster MasterBox;AmazonTech;4214.91;29;2992.59;0.9;Produto com alta compatibilidade e desempenho confiavel
Gabinete - CoolerMaster MasterBox;ExtraDigital;3616.0;12;3182.08;0.97;Construido com materiais resistentes e duraveis
Gabinete - Corsair Carbide;FastShopTech;3338.1;8;3071.05;0.95;Desempenho superior com baixo consumo de energia
Gabinete - CoolerMaster MasterBox;FastShopTech;1193.34;8;1097.87;0.89;Alta durabilidade e garantia estendida
Gabinete - NZXT Phantom;SubmarinoPlus;4397.95;12;3870.2;0.93;Oferece excelente custo-beneficio e performance
Gabinete - NZXT Phantom;PichauOnline;4859.45;2;4762.26;0.98;Tecnologia avancada para maior velocidade e eficiencia
Gabinete - NZXT Phantom;AmazonTech;2822.2;30;1975.54;0.97;Desempenho superior com baixo consumo de energia
Gabinete - Corsair Carbide;AmericanasDigital;1993.55;4;1913.81;0.93;Facil instalacao e suporte garantido
Gabinete - CoolerMaster MasterBox;FastShopTech;2544.0;18;2086.08;0.86;Desempenho superior com baixo consumo de energia
Gabinete - Corsair Carbide;AmazonTech;2638.61;21;2084.5;0.87;Alta durabilidade e garantia estendida
Gabinete - CoolerMaster MasterBox;AmazonTech;1823.53;15;1550.0;0.95;Alta durabilidade e garantia estendida
Gabinete - CoolerMaster MasterBox;ExtraDigital;1435.06;3;1392.01;0.96;Oferece excelente custo-beneficio e performance
Gabinete - NZXT Phantom;SubmarinoPlus;2759.08;29;1958.95;0.95;Facil instalacao e suporte garantido
Gabinete - Corsair Carbide;MagazineInfo;1992.28;12;1753.21;0.9;Alta durabilidade e garantia estendida
Gabinete - CoolerMaster MasterBox;TerabyteShop;4282.99;18;3512.05;0.96;Design moderno e otimizacao para melhor experiencia
Gabinete - Corsair Carbide;TerabyteShop;4307.35;14;3704.32;0.87;Design moderno e otimizacao para melhor experiencia
Gabinete - CoolerMaster MasterBox;FastShopTech;3761.51;12;3310.13;0.98;Ideal para usuarios exigentes que buscam qualidade
Gabinete - CoolerMaster MasterBox;ExtraDigital;1934.24;28;1392.65;0.94;Design moderno e otimizacao para melhor experiencia
Gabinete - CoolerMaster MasterBox;MercadoTech;3442.58;4;3304.88;0.87;Construido com materiais resistentes e duraveis
Gabinete - Corsair Carbide;MercadoTech;2335.71;19;1891.93;0.92;Construido com materiais resistentes e duraveis
Gabinete - NZXT Phantom;ExtraDigital;1859.03;9;1691.72;0.9;Produto com alta compatibilidade e desempenho confiavel
Gabinete - CoolerMaster MasterBox;AmazonTech;2371.65;7;2205.63;0.89;Facil instalacao e suporte garantido
Gabinete - Corsair Carbide;MercadoTech;4386.48;11;3903.97;0.98;Perfeito para setups profissionais e gamers
Gabinete - NZXT Phantom;ExtraDigital;3348.21;29;2377.23;0.95;Facil instalacao e suporte garantido
Gabinete - CoolerMaster MasterBox;FastShopTech;2051.18;6;1928.11;0.89;Construido com materiais resistentes e duraveis
Gabinete - NZXT Phantom;ExtraDigital;256.93;18;210.68;0.94;Ideal para usuarios exigentes que buscam qualidade
Gabinete - Corsair Carbide;MercadoTech;1016.55;20;813.24;0.91;Perfeito para setups profissionais e gamers
Gabinete - NZXT Phantom;AmazonTech;730.43;15;620.87;0.86;Perfeito para setups profissionais e gamers
Gabinete - Corsair Carbide;KabumStore;3623.21;9;3297.12;0.95;Construido com materiais resistentes e duraveis
Gabinete - Corsair Carbide;TerabyteShop;1163.75;11;1035.74;0.93;Desempenho superior com baixo consumo de energia
Gabinete - CoolerMaster MasterBox;SubmarinoPlus;1607.45;20;1285.96;0.93;Facil instalacao e suporte garantido
MousePad - Logitech DeskPad;FastShopTech;3191.81;14;2744.96;0.93;Oferece excelente custo-beneficio e performance
MousePad - Logitech DeskPad;KabumStore;3925.21;20;3140.17;0.96;Alta durabilidade e garantia estendida
MousePad - Logitech DeskPad;AmazonTech;225.62;1;223.36;0.88;Perfeito para setups profissionais e gamers
MousePad - SteelSeries QcK;TerabyteShop;164.73;11;146.61;0.85;Alta durabilidade e garantia estendida
MousePad - Logitech DeskPad;ExtraDigital;4090.39;9;3722.25;0.88;Ideal para usuarios exigentes que buscam qualidade
MousePad - HyperX Fury;AmericanasDigital;2562.7;27;1870.77;0.86;Construido com materiais resistentes e duraveis
MousePad - HyperX Fury;SubmarinoPlus;4386.15;17;3640.5;0.99;Perfeito para setups profissionais e gamers
MousePad - HyperX Fury;FastShopTech;4927.09;22;3843.13;0.92;Produto com alta compatibilidade e desempenho confiavel
MousePad - Logitech DeskPad;KabumStore;2648.12;28;1906.65;0.92;Tecnologia avancada para maior velocidade e eficiencia
MousePad - Logitech DeskPad;MercadoTech;1887.82;3;1831.19;0.96;Tecnologia avancada para maior velocidade e eficiencia
MousePad - Logitech DeskPad;KabumStore;4682.98;25;3512.23;0.96;Alta durabilidade e garantia estendida
MousePad - Logitech DeskPad;SubmarinoPlus;2310.77;29;1640.65;0.98;Facil instalacao e suporte garantido
MousePad - HyperX Fury;TerabyteShop;2014.31;10;1812.88;0.91;Ideal para usuarios exigentes que buscam qualidade
MousePad - SteelSeries QcK;TerabyteShop;3046.02;18;2497.74;0.87;Ideal para usuarios exigentes que buscam qualidade
MousePad - Logitech DeskPad;AmazonTech;4792.09;30;3354.46;0.93;Alta durabilidade e garantia estendida
MousePad - HyperX Fury;KabumStore;4811.71;18;3945.6;0.91;Construido com materiais resistentes e duraveis
MousePad - HyperX Fury;AmazonTech;151.81;13;132.07;0.89;Perfeito para setups profissionais e gamers
MousePad - HyperX Fury;TerabyteShop;2914.03;21;2302.08;0.87;Desempenho superior com baixo consumo de energia
MousePad - Logitech DeskPad;SubmarinoPlus;2504.17;11;2228.71;0.85;Ideal para usuarios exigentes que buscam qualidade
MousePad - Logitech DeskPad;MercadoTech;4776.28;6;4489.7;0.94;Produto com alta compatibilidade e desempenho confiavel
MousePad - SteelSeries QcK;KabumStore;3548.52;11;3158.18;0.92;Ideal para usuarios exigentes que buscam qualidade
MousePad - Logitech DeskPad;MagazineInfo;2119.49;30;1483.64;0.95;Produto com alta compatibilidade e desempenho confiavel
MousePad - HyperX Fury;AmazonTech;3974.43;14;3418.01;0.88;Desempenho superior com baixo consumo de energia
MousePad - SteelSeries QcK;MercadoTech;1460.96;7;1358.69;0.85;Ideal para usuarios exigentes que buscam qualidade
MousePad - HyperX Fury;MagazineInfo;3664.96;8;3371.76;0.95;Ideal para usuarios exigentes que buscam qualidade
MousePad - Logitech DeskPad;KabumStore;4483.32;2;4393.65;0.88;Construido com materiais resistentes e duraveis
MousePad - Logitech DeskPad;AmazonTech;3501.61;16;2941.35;0.88;Produto com alta compatibilidade e desempenho confiavel
MousePad - SteelSeries QcK;KabumStore;4438.79;4;4261.24;0.96;Construido com materiais resistentes e duraveis
MousePad - SteelSeries QcK;FastShopTech;3220.49;25;2415.37;0.94;Alta durabilidade e garantia estendida
MousePad - SteelSeries QcK;SubmarinoPlus;4387.76;20;3510.21;0.93;Perfeito para setups profissionais e gamers
MousePad - Logitech DeskPad;MagazineInfo;894.73;4;858.94;0.91;Oferece excelente custo-beneficio e performance
MousePad - HyperX Fury;FastShopTech;1581.78;15;1344.51;0.96;Tecnologia avancada para maior velocidade e eficiencia
MousePad - Logitech DeskPad;AmericanasDigital;3380.93;9;3076.65;0.86;Alta durabilidade e garantia estendida
MousePad - SteelSeries QcK;AmericanasDigital;4522.32;14;3889.2;0.95;Oferece excelente custo-beneficio e performance
MousePad - HyperX Fury;ExtraDigital;3851.43;11;3427.77;0.96;Design moderno e otimizacao para melhor experiencia
MousePad - Logitech DeskPad;SubmarinoPlus;3899.69;6;3665.71;0.98;Perfeito para setups profissionais e gamers
MousePad - SteelSeries QcK;FastShopTech;1607.44;22;1253.8;0.92;Construido com materiais resistentes e duraveis
MousePad - HyperX Fury;AmericanasDigital;1900.92;26;1406.68;0.98;Construido com materiais resistentes e duraveis
MousePad - Logitech DeskPad;ExtraDigital;479.54;25;359.66;0.86;Ideal para usuarios exigentes que buscam qualidade
MousePad - Logitech DeskPad;MercadoTech;881.28;12;775.53;0.88;Desempenho superior com baixo consumo de energia
MousePad - SteelSeries QcK;AmazonTech;181.63;26;134.41;0.9;Facil instalacao e suporte garantido
MousePad - Logitech DeskPad;MercadoTech;4644.1;24;3529.52;0.95;Alta durabilidade e garantia estendida
MousePad - Logitech DeskPad;ExtraDigital;493.08;10;443.77;0.97;Produto com alta compatibilidade e desempenho confiavel
MousePad - HyperX Fury;KabumStore;3639.69;20;2911.75;0.9;Design moderno e otimizacao para melhor experiencia
MousePad - HyperX Fury;SubmarinoPlus;3572.72;7;3322.63;0.93;Tecnologia avancada para maior velocidade e eficiencia
MousePad - SteelSeries QcK;MagazineInfo;1806.84;28;1300.92;0.91;Design moderno e otimizacao para melhor experiencia
MousePad - SteelSeries QcK;AmazonTech;4800.37;16;4032.31;0.91;Alta durabilidade e garantia estendida
MousePad - HyperX Fury;MercadoTech;4672.52;9;4251.99;0.98;Desempenho superior com baixo consumo de energia
MousePad - HyperX Fury;MercadoTech;1974.66;23;1520.49;0.92;Oferece excelente custo-beneficio e performance
MousePad - Logitech DeskPad;ExtraDigital;148.19;3;143.74;0.88;Produto com alta compatibilidade e desempenho confiavel
MousePad - SteelSeries QcK;SubmarinoPlus;547.26;5;519.9;0.92;Construido com materiais resistentes e duraveis
MousePad - Logitech DeskPad;TerabyteShop;3850.78;12;3388.69;0.88;Ideal para usuarios exigentes que buscam qualidade
MousePad - Logitech DeskPad;KabumStore;836.1;4;802.66;0.96;Perfeito para setups profissionais e gamers
MousePad - Logitech DeskPad;MagazineInfo;3963.89;18;3250.39;0.99;Ideal para usuarios exigentes que buscam qualidade
MousePad - Logitech DeskPad;MagazineInfo;1270.66;12;1118.18;0.92;Oferece excelente custo-beneficio e performance
MousePad - Logitech DeskPad;AmericanasDigital;534.17;3;518.14;0.86;Ideal para usuarios exigentes que buscam qualidade
MousePad - HyperX Fury;KabumStore;4200.05;2;4116.05;0.96;Design moderno e otimizacao para melhor experiencia
MousePad - HyperX Fury;SubmarinoPlus;1572.07;28;1131.89;0.98;Construido com materiais resistentes e duraveis
MousePad - HyperX Fury;MercadoTech;3968.55;8;3651.07;0.86;Oferece excelente custo-beneficio e performance
MousePad - HyperX Fury;SubmarinoPlus;4938.5;6;4642.19;0.86;Desempenho superior com baixo consumo de energia
MousePad - HyperX Fury;PichauOnline;1989.07;18;1631.04;0.89;Oferece excelente custo-beneficio e performance
MousePad - SteelSeries QcK;KabumStore;1311.72;2;1285.49;0.98;Facil instalacao e suporte garantido
MousePad - Logitech DeskPad;MagazineInfo;3022.08;7;2810.53;0.92;Oferece excelente custo-beneficio e performance
MousePad - Logitech DeskPad;AmericanasDigital;2616.75;29;1857.89;0.95;Oferece excelente custo-beneficio e performance
MousePad - Logitech DeskPad;AmericanasDigital;4798.44;5;4558.52;0.96;Produto com alta compatibilidade e desempenho confiavel
MousePad - SteelSeries QcK;KabumStore;615.98;10;554.38;0.93;Design moderno e otimizacao para melhor experiencia
MousePad - Logitech DeskPad;PichauOnline;2832.04;14;2435.55;0.98;Produto com alta compatibilidade e desempenho confiavel
MousePad - SteelSeries QcK;ExtraDigital;1999.23;27;1459.44;0.94;Tecnologia avancada para maior velocidade e eficiencia
MousePad - SteelSeries QcK;SubmarinoPlus;214.41;8;197.26;0.95;Construido com materiais resistentes e duraveis
MousePad - SteelSeries QcK;TerabyteShop;2093.06;26;1548.86;0.92;Perfeito para setups profissionais e gamers
MousePad - HyperX Fury;MagazineInfo;798.15;21;630.54;0.94;Produto com alta compatibilidade e desempenho confiavel
MousePad - Logitech DeskPad;TerabyteShop;1009.25;9;918.42;0.86;Tecnologia avancada para maior velocidade e eficiencia
MousePad - SteelSeries QcK;MagazineInfo;127.89;8;117.66;0.91;Oferece excelente custo-beneficio e performance
MousePad - Logitech DeskPad;ExtraDigital;2829.37;4;2716.2;0.95;Ideal para usuarios exigentes que buscam qualidade
MousePad - HyperX Fury;MercadoTech;945.03;4;907.23;0.97;Alta durabilidade e garantia estendida
MousePad - HyperX Fury;MercadoTech;561.33;7;522.04;0.86;Perfeito para setups profissionais e gamers
MousePad - SteelSeries QcK;SubmarinoPlus;3598.78;0;3598.78;0.93;Alta durabilidade e garantia estendida
MousePad - HyperX Fury;SubmarinoPlus;315.6;24;239.86;0.92;Tecnologia avancada para maior velocidade e eficiencia
MousePad - Logitech DeskPad;ExtraDigital;4772.55;13;4152.12;0.96;Facil instalacao e suporte garantido
MousePad - HyperX Fury;FastShopTech;1812.97;25;1359.73;0.96;Alta durabilidade e garantia estendida
MousePad - SteelSeries QcK;SubmarinoPlus;944.78;20;755.82;0.98;Produto com alta compatibilidade e desempenho confiavel
MousePad - HyperX Fury;PichauOnline;1240.58;0;1240.58;0.9;Construido com materiais resistentes e duraveis
MousePad - Logitech DeskPad;ExtraDigital;764.93;13;665.49;0.92;Design moderno e otimizacao para melhor experiencia
MousePad - HyperX Fury;MagazineInfo;2844.44;30;1991.11;0.85;Tecnologia avancada para maior velocidade e eficiencia
MousePad - SteelSeries QcK;TerabyteShop;2935.36;12;2583.12;0.86;Perfeito para setups profissionais e gamers
MousePad - Logitech DeskPad;SubmarinoPlus;1366.71;9;1243.71;0.87;Construido com materiais resistentes e duraveis
MousePad - HyperX Fury;KabumStore;642.48;25;481.86;0.86;Alta durabilidade e garantia estendida
MousePad - SteelSeries QcK;TerabyteShop;4611.3;24;3504.59;0.94;Alta durabilidade e garantia estendida
MousePad - HyperX Fury;AmericanasDigital;1204.81;20;963.85;0.94;Oferece excelente custo-beneficio e performance
MousePad - SteelSeries QcK;KabumStore;1860.17;3;1804.36;0.88;Ideal para usuarios exigentes que buscam qualidade
MousePad - Logitech DeskPad;MercadoTech;627.99;1;621.71;0.96;Desempenho superior com baixo consumo de energia
MousePad - SteelSeries QcK;SubmarinoPlus;1243.87;1;1231.43;0.95;Oferece excelente custo-beneficio e performance
MousePad - SteelSeries QcK;AmericanasDigital;1907.35;2;1869.2;0.96;Tecnologia avancada para maior velocidade e eficiencia
MousePad - HyperX Fury;ExtraDigital;1608.09;4;1543.77;0.86;Facil instalacao e suporte garantido
MousePad - SteelSeries QcK;PichauOnline;2422.88;22;1889.85;0.9;Alta durabilidade e garantia estendida
MousePad - SteelSeries QcK;AmericanasDigital;1280.8;14;1101.49;0.92;Oferece excelente custo-beneficio e performance
MousePad - HyperX Fury;MercadoTech;286.67;27;209.27;0.86;Construido com materiais resistentes e duraveis
MousePad - SteelSeries QcK;ExtraDigital;1533.96;22;1196.49;0.9;Alta durabilidade e garantia estendida
MousePad - HyperX Fury;ExtraDigital;1896.73;7;1763.96;0.91;Alta durabilidade e garantia estendida
MousePad - SteelSeries QcK;MercadoTech;4488.83;7;4174.61;0.87;Produto com alta compatibilidade e desempenho confiavel
MousePad - SteelSeries QcK;AmazonTech;3522.88;11;3135.36;0.86;Construido com materiais resistentes e duraveis
MousePad - HyperX Fury;AmericanasDigital;4558.24;30;3190.77;0.92;Design moderno e otimizacao para melhor experiencia
MousePad - SteelSeries QcK;FastShopTech;3270.23;10;2943.21;0.92;Oferece excelente custo-beneficio e performance
MousePad - HyperX Fury;AmazonTech;2467.06;15;2097.0;0.89;Tecnologia avancada para maior velocidade e eficiencia
MousePad - Logitech DeskPad;ExtraDigital;1145.08;17;950.42;0.94;Perfeito para setups profissionais e gamers
MousePad - SteelSeries QcK;KabumStore;2313.83;18;1897.34;0.91;Tecnologia avancada para maior velocidade e eficiencia
MousePad - HyperX Fury;MagazineInfo;1517.4;29;1077.35;0.95;Design moderno e otimizacao para melhor experiencia
MousePad - HyperX Fury;MercadoTech;4739.08;5;4502.13;0.88;Perfeito para setups profissionais e gamers
MousePad - SteelSeries QcK;MagazineInfo;3937.71;22;3071.41;0.93;Design moderno e otimizacao para melhor experiencia
MousePad - Logitech DeskPad;AmazonTech;1919.27;19;1554.61;0.97;Construido com materiais resistentes e duraveis
MousePad - Logitech DeskPad;MagazineInfo;1809.23;30;1266.46;0.87;Design moderno e otimizacao para melhor experiencia
MousePad - Logitech DeskPad;TerabyteShop;3583.97;25;2687.98;0.9;Alta durabilidade e garantia estendida
MousePad - HyperX Fury;FastShopTech;3910.56;22;3050.24;0.91;Oferece excelente custo-beneficio e performance
MousePad - HyperX Fury;FastShopTech;3906.03;23;3007.64;0.89;Alta durabilidade e garantia estendida
MousePad - SteelSeries QcK;SubmarinoPlus;3252.71;24;2472.06;0.94;Design moderno e otimizacao para melhor experiencia
MousePad - HyperX Fury;TerabyteShop;4219.72;29;2996.0;0.95;Facil instalacao e suporte garantido
MousePad - SteelSeries QcK;MercadoTech;468.2;0;468.2;0.91;Design moderno e otimizacao para melhor experiencia
MousePad - Logitech DeskPad;AmazonTech;1168.49;12;1028.27;0.96;Desempenho superior com baixo consumo de energia
MousePad - HyperX Fury;ExtraDigital;449.0;25;336.75;0.93;Alta durabilidade e garantia estendida
MousePad - HyperX Fury;PichauOnline;3337.63;23;2569.98;0.98;Construido com materiais resistentes e duraveis
MousePad - SteelSeries QcK;SubmarinoPlus;2296.43;19;1860.11;0.85;Alta durabilidade e garantia estendida
MousePad - HyperX Fury;FastShopTech;251.74;23;193.84;0.94;Alta durabilidade e garantia estendida
MousePad - HyperX Fury;TerabyteShop;887.12;11;789.54;0.97;Tecnologia avancada para maior velocidade e eficiencia
MousePad - SteelSeries QcK;TerabyteShop;4676.92;4;4489.84;0.92;Alta durabilidade e garantia estendida
MousePad - SteelSeries QcK;PichauOnline;1959.26;26;1449.85;0.88;Alta durabilidade e garantia estendida
MousePad - Logitech DeskPad;TerabyteShop;1362.81;27;994.85;0.93;Alta durabilidade e garantia estendida
MousePad - Logitech DeskPad;KabumStore;1427.33;13;1241.78;0.89;Alta durabilidade e garantia estendida
MousePad - SteelSeries QcK;FastShopTech;960.8;26;710.99;0.96;Produto com alta compatibilidade e desempenho confiavel
MousePad - HyperX Fury;SubmarinoPlus;176.87;17;146.8;0.94;Tecnologia avancada para maior velocidade e eficiencia
MousePad - Logitech DeskPad;PichauOnline;2218.28;28;1597.16;0.95;Produto com alta compatibilidade e desempenho confiavel
MousePad - SteelSeries QcK;KabumStore;1912.84;14;1645.04;0.95;Facil instalacao e suporte garantido
MousePad - HyperX Fury;MagazineInfo;4663.61;10;4197.25;0.87;Construido com materiais resistentes e duraveis
MousePad - HyperX Fury;TerabyteShop;3260.27;27;2380.0;0.9;Oferece excelente custo-beneficio e performance
MousePad - Logitech DeskPad;SubmarinoPlus;4685.76;28;3373.75;0.87;Facil instalacao e suporte garantido
MousePad - Logitech DeskPad;PichauOnline;4186.68;18;3433.08;0.88;Produto com alta compatibilidade e desempenho confiavel
MousePad - HyperX Fury;PichauOnline;1237.45;22;965.21;0.87;Produto com alta compatibilidade e desempenho confiavel
MousePad - SteelSeries QcK;PichauOnline;1438.69;26;1064.63;0.9;Desempenho superior com baixo consumo de energia
MousePad - HyperX Fury;KabumStore;154.85;21;122.33;0.87;Facil instalacao e suporte garantido
MousePad - Logitech DeskPad;KabumStore;3237.91;13;2816.98;0.98;Construido com materiais resistentes e duraveis
MousePad - SteelSeries QcK;SubmarinoPlus;2523.53;28;1816.94;0.98;Facil instalacao e suporte garantido
MousePad - SteelSeries QcK;MagazineInfo;2817.44;0;2817.44;0.95;Tecnologia avancada para maior velocidade e eficiencia
MousePad - HyperX Fury;KabumStore;2910.66;19;2357.63;0.96;Tecnologia avancada para maior velocidade e eficiencia
MousePad - HyperX Fury;KabumStore;1680.8;22;1311.02;0.95;Perfeito para setups profissionais e gamers
MousePad - HyperX Fury;KabumStore;76.8;4;73.73;0.89;Perfeito para setups profissionais e gamers
MousePad - HyperX Fury;PichauOnline;4454.98;22;3474.88;0.96;Facil instalacao e suporte garantido
MousePad - SteelSeries QcK;ExtraDigital;723.62;3;701.91;0.89;Produto com alta compatibilidade e desempenho confiavel
MousePad - HyperX Fury;PichauOnline;511.76;20;409.41;0.92;Oferece excelente custo-beneficio e performance
MousePad - SteelSeries QcK;MagazineInfo;4749.22;27;3466.93;0.91;Construido com materiais resistentes e duraveis
MousePad - HyperX Fury;MagazineInfo;1807.86;24;1373.97;0.93;Perfeito para setups profissionais e gamers
MousePad - Logitech DeskPad;MagazineInfo;1038.72;24;789.43;0.89;Construido com materiais resistentes e duraveis
MousePad - HyperX Fury;FastShopTech;3977.04;28;2863.47;0.86;Facil instalacao e suporte garantido
MousePad - Logitech DeskPad;ExtraDigital;4196.2;9;3818.54;0.91;Desempenho superior com baixo consumo de energia
MousePad - HyperX Fury;AmericanasDigital;1119.37;9;1018.63;0.88;Construido com materiais resistentes e duraveis
MousePad - Logitech DeskPad;PichauOnline;464.66;29;329.91;0.96;Ideal para usuarios exigentes que buscam qualidade
MousePad - HyperX Fury;ExtraDigital;4008.89;11;3567.91;0.95;Produto com alta compatibilidade e desempenho confiavel
MousePad - HyperX Fury;AmericanasDigital;912.52;18;748.27;0.94;Alta durabilidade e garantia estendida
MousePad - Logitech DeskPad;AmazonTech;1516.58;27;1107.1;0.95;Perfeito para setups profissionais e gamers
MousePad - HyperX Fury;AmazonTech;4208.99;8;3872.27;0.85;Alta durabilidade e garantia estendida
MousePad - SteelSeries QcK;TerabyteShop;3450.23;15;2932.7;0.96;Desempenho superior com baixo consumo de energia
MousePad - Logitech DeskPad;AmericanasDigital;3292.46;16;2765.67;0.93;Construido com materiais resistentes e duraveis
MousePad - SteelSeries QcK;MercadoTech;4463.07;21;3525.83;0.89;Alta durabilidade e garantia estendida
MousePad - HyperX Fury;KabumStore;3879.2;0;3879.2;0.93;Oferece excelente custo-beneficio e performance
MousePad - SteelSeries QcK;KabumStore;335.81;5;319.02;0.93;Perfeito para setups profissionais e gamers
MousePad - SteelSeries QcK;PichauOnline;2421.25;12;2130.7;0.89;Ideal para usuarios exigentes que buscam qualidade
MousePad - HyperX Fury;FastShopTech;974.34;28;701.52;0.88;Alta durabilidade e garantia estendida
MousePad - SteelSeries QcK;MagazineInfo;3218.73;17;2671.55;0.94;Design moderno e otimizacao para melhor experiencia
MousePad - Logitech DeskPad;ExtraDigital;3184.48;2;3120.79;0.93;Facil instalacao e suporte garantido
MousePad - SteelSeries QcK;AmericanasDigital;3688.84;8;3393.73;0.92;Alta durabilidade e garantia estendida
MousePad - HyperX Fury;ExtraDigital;453.79;24;344.88;0.89;Construido com materiais resistentes e duraveis
MousePad - SteelSeries QcK;AmericanasDigital;3575.7;28;2574.5;0.91;Oferece excelente custo-beneficio e performance
MousePad - HyperX Fury;PichauOnline;2522.12;12;2219.47;0.99;Alta durabilidade e garantia estendida
MousePad - Logitech DeskPad;AmericanasDigital;4411.58;11;3926.31;0.97;Alta durabilidade e garantia estendida
MousePad - HyperX Fury;PichauOnline;94.83;1;93.88;0.98;Alta durabilidade e garantia estendida
MousePad - Logitech DeskPad;TerabyteShop;1227.4;16;1031.02;0.98;Oferece excelente custo-beneficio e performance
MousePad - Logitech DeskPad;TerabyteShop;1424.98;2;1396.48;0.88;Oferece excelente custo-beneficio e performance
MousePad - SteelSeries QcK;AmazonTech;3941.35;1;3901.94;0.91;Facil instalacao e suporte garantido
MousePad - HyperX Fury;MagazineInfo;338.6;12;297.97;0.93;Design moderno e otimizacao para melhor experiencia
MousePad - SteelSeries QcK;SubmarinoPlus;1536.16;6;1443.99;0.86;Perfeito para setups profissionais e gamers
MousePad - HyperX Fury;FastShopTech;219.91;15;186.92;0.89;Produto com alta compatibilidade e desempenho confiavel
MousePad - SteelSeries QcK;SubmarinoPlus;1284.91;6;1207.82;0.88;Design moderno e otimizacao para melhor experiencia
MousePad - HyperX Fury;FastShopTech;3034.48;20;2427.58;0.95;Perfeito para setups profissionais e gamers
MousePad - SteelSeries QcK;KabumStore;2620.62;22;2044.08;0.88;Facil instalacao e suporte garantido
MousePad - SteelSeries QcK;AmericanasDigital;4498.76;22;3509.03;0.88;Perfeito para setups profissionais e gamers
MousePad - Logitech DeskPad;TerabyteShop;1636.98;9;1489.65;0.97;Ideal para usuarios exigentes que buscam qualidade
MousePad - HyperX Fury;TerabyteShop;4964.22;2;4864.94;0.93;Ideal para usuarios exigentes que buscam qualidade
MousePad - SteelSeries QcK;AmericanasDigital;1876.03;26;1388.26;0.92;Tecnologia avancada para maior velocidade e eficiencia
MousePad - Logitech DeskPad;TerabyteShop;1961.21;0;1961.21;0.92;Tecnologia avancada para maior velocidade e eficiencia
MousePad - Logitech DeskPad;TerabyteShop;745.19;20;596.15;0.97;Perfeito para setups profissionais e gamers
MousePad - Logitech DeskPad;AmericanasDigital;4311.05;26;3190.18;0.97;Perfeito para setups profissionais e gamers
MousePad - SteelSeries QcK;TerabyteShop;2891.24;17;2399.73;0.94;Construido com materiais resistentes e duraveis
MousePad - HyperX Fury;ExtraDigital;953.52;30;667.46;0.87;Construido com materiais resistentes e duraveis
MousePad - SteelSeries QcK;KabumStore;4054.74;11;3608.72;0.94;Perfeito para setups profissionais e gamers
MousePad - SteelSeries QcK;AmericanasDigital;1066.09;20;852.87;0.99;Desempenho superior com baixo consumo de energia
MousePad - SteelSeries QcK;FastShopTech;2063.75;19;1671.64;0.87;Construido com materiais resistentes e duraveis
MousePad - HyperX Fury;AmericanasDigital;2362.22;3;2291.35;0.95;Ideal para usuarios exigentes que buscam qualidade
MousePad - SteelSeries QcK;PichauOnline;4806.87;0;4806.87;0.95;Alta durabilidade e garantia estendida
MousePad - HyperX Fury;ExtraDigital;315.31;8;290.09;0.89;Alta durabilidade e garantia estendida
MousePad - Logitech DeskPad;KabumStore;2271.8;27;1658.41;0.88;Design moderno e otimizacao para melhor experiencia
MousePad - SteelSeries QcK;MagazineInfo;2121.25;10;1909.12;0.93;Oferece excelente custo-beneficio e performance
MousePad - HyperX Fury;AmazonTech;4896.75;12;4309.14;0.86;Perfeito para setups profissionais e gamers
Microfone - Blue Yeti;MercadoTech;1267.47;25;950.6;0.88;Facil instalacao e suporte garantido
Microfone - HyperX QuadCast;MagazineInfo;1460.98;26;1081.13;0.96;Tecnologia avancada para maior velocidade e eficiencia
Microfone - Razer Seiren;ExtraDigital;1026.65;9;934.25;0.98;Ideal para usuarios exigentes que buscam qualidade
Microfone - HyperX QuadCast;AmericanasDigital;2702.78;1;2675.75;0.94;Facil instalacao e suporte garantido
Microfone - HyperX QuadCast;ExtraDigital;2807.66;2;2751.51;0.97;Produto com alta compatibilidade e desempenho confiavel
Microfone - HyperX QuadCast;MercadoTech;1169.24;2;1145.86;0.85;Design moderno e otimizacao para melhor experiencia
Microfone - HyperX QuadCast;ExtraDigital;2167.22;16;1820.46;0.88;Produto com alta compatibilidade e desempenho confiavel
Microfone - Blue Yeti;TerabyteShop;2319.38;5;2203.41;0.91;Tecnologia avancada para maior velocidade e eficiencia
Microfone - Razer Seiren;AmericanasDigital;2588.91;21;2045.24;0.94;Produto com alta compatibilidade e desempenho confiavel
Microfone - HyperX QuadCast;MagazineInfo;4621.71;1;4575.49;0.87;Tecnologia avancada para maior velocidade e eficiencia
Microfone - Razer Seiren;ExtraDigital;1802.76;8;1658.54;0.95;Design moderno e otimizacao para melhor experiencia
Microfone - HyperX QuadCast;SubmarinoPlus;2901.85;6;2727.74;0.94;Ideal para usuarios exigentes que buscam qualidade
Microfone - Blue Yeti;TerabyteShop;2757.23;27;2012.78;0.97;Oferece excelente custo-beneficio e performance
Microfone - HyperX QuadCast;ExtraDigital;247.23;0;247.23;0.9;Perfeito para setups profissionais e gamers
Microfone - HyperX QuadCast;KabumStore;3239.16;16;2720.89;0.96;Facil instalacao e suporte garantido
Microfone - HyperX QuadCast;SubmarinoPlus;778.77;24;591.87;0.97;Construido com materiais resistentes e duraveis
Microfone - Blue Yeti;AmericanasDigital;1195.31;13;1039.92;0.96;Facil instalacao e suporte garantido
Microfone - Razer Seiren;KabumStore;1615.63;6;1518.69;0.91;Oferece excelente custo-beneficio e performance
Microfone - HyperX QuadCast;KabumStore;3992.74;12;3513.61;0.9;Desempenho superior com baixo consumo de energia
Microfone - HyperX QuadCast;TerabyteShop;589.81;23;454.15;0.93;Perfeito para setups profissionais e gamers
Microfone - Razer Seiren;AmericanasDigital;1564.67;21;1236.09;0.9;Perfeito para setups profissionais e gamers
Microfone - Blue Yeti;SubmarinoPlus;4687.5;1;4640.62;0.97;Tecnologia avancada para maior velocidade e eficiencia
Microfone - Razer Seiren;AmazonTech;4745.63;9;4318.52;0.87;Desempenho superior com baixo consumo de energia
Microfone - Razer Seiren;TerabyteShop;1054.14;4;1011.97;0.88;Perfeito para setups profissionais e gamers
Microfone - HyperX QuadCast;PichauOnline;2490.07;22;1942.25;0.93;Desempenho superior com baixo consumo de energia
Microfone - HyperX QuadCast;FastShopTech;4256.44;0;4256.44;0.93;Perfeito para setups profissionais e gamers
Microfone - Blue Yeti;TerabyteShop;1644.05;16;1381.0;0.96;Design moderno e otimizacao para melhor experiencia
Microfone - Blue Yeti;TerabyteShop;1335.62;14;1148.63;0.9;Facil instalacao e suporte garantido
Microfone - HyperX QuadCast;AmericanasDigital;3616.28;16;3037.68;0.96;Ideal para usuarios exigentes que buscam qualidade
Microfone - Razer Seiren;ExtraDigital;3706.96;25;2780.22;0.98;Tecnologia avancada para maior velocidade e eficiencia
Microfone - HyperX QuadCast;AmericanasDigital;3331.23;29;2365.17;0.86;Facil instalacao e suporte garantido
Microfone - Blue Yeti;KabumStore;1472.04;15;1251.23;0.96;Design moderno e otimizacao para melhor experiencia
Microfone - Blue Yeti;MercadoTech;4948.87;15;4206.54;0.95;Perfeito para setups profissionais e gamers
Microfone - Blue Yeti;KabumStore;3787.34;5;3597.97;0.98;Construido com materiais resistentes e duraveis
Microfone - Blue Yeti;AmericanasDigital;2401.19;3;2329.15;0.95;Perfeito para setups profissionais e gamers
Microfone - Blue Yeti;AmericanasDigital;1315.89;7;1223.78;0.9;Ideal para usuarios exigentes que buscam qualidade
Microfone - Razer Seiren;ExtraDigital;1618.68;23;1246.38;0.91;Facil instalacao e suporte garantido
Microfone - HyperX QuadCast;KabumStore;130.47;20;104.38;0.94;Perfeito para setups profissionais e gamers
Microfone - Blue Yeti;PichauOnline;2453.75;20;1963.0;0.96;Tecnologia avancada para maior velocidade e eficiencia
Microfone - Razer Seiren;ExtraDigital;142.34;5;135.22;0.86;Oferece excelente custo-beneficio e performance
Microfone - HyperX QuadCast;AmericanasDigital;831.97;20;665.58;0.97;Design moderno e otimizacao para melhor experiencia
Microfone - Blue Yeti;AmazonTech;4005.94;27;2924.34;0.96;Facil instalacao e suporte garantido
Microfone - Razer Seiren;FastShopTech;3451.47;20;2761.18;0.88;Facil instalacao e suporte garantido
Microfone - Razer Seiren;KabumStore;1402.52;12;1234.22;0.87;Oferece excelente custo-beneficio e performance
Microfone - HyperX QuadCast;MercadoTech;3886.77;7;3614.7;0.88;Produto com alta compatibilidade e desempenho confiavel
Microfone - HyperX QuadCast;MagazineInfo;2563.82;7;2384.35;0.87;Perfeito para setups profissionais e gamers
Microfone - HyperX QuadCast;MagazineInfo;4974.97;21;3930.23;0.93;Oferece excelente custo-beneficio e performance
Microfone - HyperX QuadCast;FastShopTech;3425.38;7;3185.6;0.86;Alta durabilidade e garantia estendida
Microfone - Razer Seiren;KabumStore;2963.23;11;2637.27;0.97;Ideal para usuarios exigentes que buscam qualidade
Microfone - Razer Seiren;MagazineInfo;1467.41;11;1305.99;0.9;Desempenho superior com baixo consumo de energia
Microfone - Razer Seiren;AmericanasDigital;4133.49;20;3306.79;0.85;Tecnologia avancada para maior velocidade e eficiencia
Microfone - Blue Yeti;MercadoTech;4695.76;9;4273.14;0.85;Facil instalacao e suporte garantido
Microfone - Razer Seiren;PichauOnline;3563.11;24;2707.96;0.95;Desempenho superior com baixo consumo de energia
Microfone - HyperX QuadCast;MagazineInfo;1367.54;5;1299.16;0.96;Alta durabilidade e garantia estendida
Microfone - Razer Seiren;MercadoTech;4336.51;26;3209.02;0.85;Perfeito para setups profissionais e gamers
Microfone - Razer Seiren;MagazineInfo;4649.2;1;4602.71;0.89;Design moderno e otimizacao para melhor experiencia
Microfone - HyperX QuadCast;ExtraDigital;3855.54;0;3855.54;0.91;Perfeito para setups profissionais e gamers
Microfone - Blue Yeti;MercadoTech;1576.2;5;1497.39;0.89;Ideal para usuarios exigentes que buscam qualidade
Microfone - Razer Seiren;TerabyteShop;3645.61;19;2952.94;0.87;Produto com alta compatibilidade e desempenho confiavel
Microfone - Razer Seiren;KabumStore;3580.5;25;2685.38;0.97;Oferece excelente custo-beneficio e performance
Microfone - HyperX QuadCast;KabumStore;1621.43;2;1589.0;0.95;Alta durabilidade e garantia estendida
Microfone - Razer Seiren;PichauOnline;2937.08;21;2320.29;0.87;Alta durabilidade e garantia estendida
Microfone - HyperX QuadCast;TerabyteShop;741.63;14;637.8;0.89;Perfeito para setups profissionais e gamers
Microfone - Razer Seiren;MagazineInfo;1277.49;24;970.89;0.96;Tecnologia avancada para maior velocidade e eficiencia
Microfone - Razer Seiren;MagazineInfo;333.82;19;270.39;0.93;Facil instalacao e suporte garantido
Microfone - HyperX QuadCast;TerabyteShop;2965.02;30;2075.51;0.94;Perfeito para setups profissionais e gamers
Microfone - HyperX QuadCast;KabumStore;59.33;30;41.53;0.99;Perfeito para setups profissionais e gamers
Microfone - Razer Seiren;SubmarinoPlus;4438.85;30;3107.2;0.9;Perfeito para setups profissionais e gamers
Microfone - HyperX QuadCast;MagazineInfo;4642.05;17;3852.9;0.94;Facil instalacao e suporte garantido
Microfone - Razer Seiren;MagazineInfo;3128.64;10;2815.78;0.9;Facil instalacao e suporte garantido
Microfone - Blue Yeti;FastShopTech;1405.89;18;1152.83;0.97;Construido com materiais resistentes e duraveis
Microfone - Blue Yeti;MercadoTech;2958.2;13;2573.63;0.89;Perfeito para setups profissionais e gamers
Microfone - HyperX QuadCast;ExtraDigital;1742.31;11;1550.66;0.89;Desempenho superior com baixo consumo de energia
Microfone - Razer Seiren;TerabyteShop;3680.9;23;2834.29;0.96;Desempenho superior com baixo consumo de energia
Microfone - Razer Seiren;SubmarinoPlus;434.08;15;368.97;0.99;Design moderno e otimizacao para melhor experiencia
Microfone - Razer Seiren;AmericanasDigital;3282.14;17;2724.18;0.93;Oferece excelente custo-beneficio e performance
Microfone - HyperX QuadCast;FastShopTech;904.82;28;651.47;0.95;Tecnologia avancada para maior velocidade e eficiencia
Microfone - Razer Seiren;MagazineInfo;2775.51;13;2414.69;0.86;Perfeito para setups profissionais e gamers
Microfone - HyperX QuadCast;MagazineInfo;3555.61;27;2595.6;0.98;Desempenho superior com baixo consumo de energia
Microfone - HyperX QuadCast;SubmarinoPlus;1827.76;3;1772.93;0.9;Oferece excelente custo-beneficio e performance
Microfone - Razer Seiren;SubmarinoPlus;1785.44;12;1571.19;0.89;Desempenho superior com baixo consumo de energia
Microfone - Blue Yeti;PichauOnline;2053.64;12;1807.2;0.95;Tecnologia avancada para maior velocidade e eficiencia
Microfone - Razer Seiren;ExtraDigital;1494.28;0;1494.28;0.86;Design moderno e otimizacao para melhor experiencia
Microfone - Blue Yeti;MercadoTech;3939.65;25;2954.74;0.99;Design moderno e otimizacao para melhor experiencia
Microfone - Razer Seiren;PichauOnline;3845.02;29;2729.96;0.89;Design moderno e otimizacao para melhor experiencia
Microfone - Razer Seiren;MercadoTech;4399.88;18;3607.9;0.91;Desempenho superior com baixo consumo de energia
Microfone - Blue Yeti;SubmarinoPlus;2219.86;14;1909.08;0.95;Alta durabilidade e garantia estendida
Microfone - Razer Seiren;AmericanasDigital;2575.41;10;2317.87;0.97;Tecnologia avancada para maior velocidade e eficiencia
Microfone - Blue Yeti;MercadoTech;4672.63;6;4392.27;0.99;Perfeito para setups profissionais e gamers
Microfone - Razer Seiren;AmericanasDigital;2645.57;5;2513.29;0.95;Perfeito para setups profissionais e gamers
Microfone - Blue Yeti;SubmarinoPlus;689.58;9;627.52;0.89;Produto com alta compatibilidade e desempenho confiavel
Microfone - HyperX QuadCast;MagazineInfo;287.51;22;224.26;0.87;Produto com alta compatibilidade e desempenho confiavel
Microfone - Razer Seiren;SubmarinoPlus;1207.7;28;869.54;0.88;Produto com alta compatibilidade e desempenho confiavel
Microfone - Razer Seiren;PichauOnline;4339.93;5;4122.93;0.93;Design moderno e otimizacao para melhor experiencia
Microfone - Razer Seiren;MagazineInfo;1777.03;13;1546.02;0.9;Ideal para usuarios exigentes que buscam qualidade
Microfone - Razer Seiren;ExtraDigital;4165.65;22;3249.21;0.85;Produto com alta compatibilidade e desempenho confiavel
Microfone - Razer Seiren;ExtraDigital;4486.47;6;4217.28;0.91;Construido com materiais resistentes e duraveis
Microfone - HyperX QuadCast;PichauOnline;4306.41;6;4048.03;0.91;Alta durabilidade e garantia estendida
Microfone - Razer Seiren;PichauOnline;1540.86;23;1186.46;0.89;Alta durabilidade e garantia estendida
Microfone - Razer Seiren;MercadoTech;1219.01;0;1219.01;0.9;Ideal para usuarios exigentes que buscam qualidade
Microfone - Razer Seiren;FastShopTech;2953.13;3;2864.54;0.94;Ideal para usuarios exigentes que buscam qualidade
Microfone - Blue Yeti;SubmarinoPlus;827.81;27;604.3;0.92;Perfeito para setups profissionais e gamers
Microfone - Razer Seiren;KabumStore;1663.07;13;1446.87;0.91;Oferece excelente custo-beneficio e performance
Microfone - HyperX QuadCast;TerabyteShop;1428.62;30;1000.03;0.92;Tecnologia avancada para maior velocidade e eficiencia
Microfone - HyperX QuadCast;TerabyteShop;512.74;6;481.98;0.85;Desempenho superior com baixo consumo de energia
Microfone - Razer Seiren;MercadoTech;3901.46;7;3628.36;0.89;Design moderno e otimizacao para melhor experiencia
Microfone - HyperX QuadCast;ExtraDigital;1314.2;8;1209.06;0.96;Design moderno e otimizacao para melhor experiencia
Microfone - HyperX QuadCast;AmazonTech;3834.26;14;3297.46;0.9;Produto com alta compatibilidade e desempenho confiavel
Microfone - HyperX QuadCast;MercadoTech;3976.14;9;3618.29;0.97;Design moderno e otimizacao para melhor experiencia
Microfone - Blue Yeti;SubmarinoPlus;1379.37;16;1158.67;0.91;Perfeito para setups profissionais e gamers
Microfone - Blue Yeti;TerabyteShop;259.21;15;220.33;0.9;Produto com alta compatibilidade e desempenho confiavel
Microfone - Razer Seiren;AmazonTech;1344.97;9;1223.92;0.85;Produto com alta compatibilidade e desempenho confiavel
Microfone - Blue Yeti;MercadoTech;3409.6;27;2489.01;0.88;Construido com materiais resistentes e duraveis
Microfone - HyperX QuadCast;TerabyteShop;2125.99;30;1488.19;0.95;Desempenho superior com baixo consumo de energia
Microfone - Blue Yeti;AmericanasDigital;1639.06;3;1589.89;0.92;Oferece excelente custo-beneficio e performance
Microfone - Razer Seiren;KabumStore;392.21;12;345.14;0.92;Design moderno e otimizacao para melhor experiencia
Microfone - Blue Yeti;MercadoTech;2631.32;18;2157.68;0.91;Desempenho superior com baixo consumo de energia
Microfone - Razer Seiren;MercadoTech;1150.2;12;1012.18;0.93;Construido com materiais resistentes e duraveis
Microfone - HyperX QuadCast;KabumStore;3500.05;20;2800.04;0.97;Oferece excelente custo-beneficio e performance
Microfone - HyperX QuadCast;PichauOnline;4782.5;29;3395.57;0.93;Oferece excelente custo-beneficio e performance
Microfone - HyperX QuadCast;TerabyteShop;4677.68;10;4209.91;0.87;Perfeito para setups profissionais e gamers
Microfone - Blue Yeti;ExtraDigital;1884.2;20;1507.36;0.97;Desempenho superior com baixo consumo de energia
Microfone - Razer Seiren;AmazonTech;4875.15;21;3851.37;0.86;Ideal para usuarios exigentes que buscam qualidade
Microfone - Razer Seiren;FastShopTech;4887.64;26;3616.85;0.96;Tecnologia avancada para maior velocidade e eficiencia
Microfone - HyperX QuadCast;MercadoTech;3288.19;15;2794.96;0.99;Design moderno e otimizacao para melhor experiencia
Microfone - Razer Seiren;TerabyteShop;2401.06;19;1944.86;0.95;Produto com alta compatibilidade e desempenho confiavel
Microfone - HyperX QuadCast;ExtraDigital;2525.92;30;1768.14;0.92;Construido com materiais resistentes e duraveis
Microfone - Blue Yeti;ExtraDigital;4505.83;0;4505.83;0.94;Design moderno e otimizacao para melhor experiencia
Microfone - HyperX QuadCast;SubmarinoPlus;1979.8;5;1880.81;0.85;Design moderno e otimizacao para melhor experiencia
Microfone - HyperX QuadCast;SubmarinoPlus;1008.15;25;756.11;0.95;Perfeito para setups profissionais e gamers
Microfone - HyperX QuadCast;KabumStore;1893.66;18;1552.8;0.88;Perfeito para setups profissionais e gamers
Microfone - Razer Seiren;KabumStore;718.23;1;711.05;0.93;Alta durabilidade e garantia estendida
Microfone - HyperX QuadCast;AmericanasDigital;1700.34;21;1343.27;0.92;Perfeito para setups profissionais e gamers
Microfone - Blue Yeti;MagazineInfo;1199.38;23;923.52;0.99;Construido com materiais resistentes e duraveis
Microfone - HyperX QuadCast;MagazineInfo;1330.29;30;931.2;0.91;Design moderno e otimizacao para melhor experiencia
Microfone - Razer Seiren;ExtraDigital;1174.49;30;822.14;0.96;Construido com materiais resistentes e duraveis
Microfone - Razer Seiren;AmericanasDigital;4525.29;26;3348.71;0.99;Alta durabilidade e garantia estendida
Microfone - HyperX QuadCast;SubmarinoPlus;3121.73;13;2715.91;0.97;Tecnologia avancada para maior velocidade e eficiencia
Microfone - Razer Seiren;MercadoTech;1067.86;16;897.0;0.95;Alta durabilidade e garantia estendida
Microfone - Blue Yeti;FastShopTech;4039.59;12;3554.84;0.88;Design moderno e otimizacao para melhor experiencia
Microfone - HyperX QuadCast;AmazonTech;4394.1;10;3954.69;0.87;Tecnologia avancada para maior velocidade e eficiencia
Microfone - Blue Yeti;FastShopTech;4388.18;0;4388.18;0.93;Facil instalacao e suporte garantido
Microfone - HyperX QuadCast;AmericanasDigital;2402.94;23;1850.26;0.88;Construido com materiais resistentes e duraveis
Microfone - Blue Yeti;AmericanasDigital;3125.39;8;2875.36;0.85;Alta durabilidade e garantia estendida
Microfone - Blue Yeti;MercadoTech;3942.16;18;3232.57;0.97;Alta durabilidade e garantia estendida
Microfone - HyperX QuadCast;PichauOnline;4238.63;0;4238.63;0.95;Design moderno e otimizacao para melhor experiencia
Microfone - Blue Yeti;SubmarinoPlus;731.62;1;724.3;0.99;Alta durabilidade e garantia estendida
Microfone - HyperX QuadCast;TerabyteShop;532.37;4;511.08;0.98;Oferece excelente custo-beneficio e performance
Microfone - HyperX QuadCast;MercadoTech;4766.08;16;4003.51;0.88;Tecnologia avancada para maior velocidade e eficiencia
Microfone - Razer Seiren;FastShopTech;2702.51;21;2134.98;0.89;Ideal para usuarios exigentes que buscam qualidade
Microfone - Blue Yeti;KabumStore;2146.99;16;1803.47;0.85;Design moderno e otimizacao para melhor experiencia
Microfone - Blue Yeti;SubmarinoPlus;1388.18;6;1304.89;0.92;Oferece excelente custo-beneficio e performance
Microfone - Blue Yeti;FastShopTech;4093.12;9;3724.74;0.97;Desempenho superior com baixo consumo de energia
Microfone - Razer Seiren;MercadoTech;3339.54;4;3205.96;0.97;Oferece excelente custo-beneficio e performance
Microfone - Razer Seiren;SubmarinoPlus;4192.68;8;3857.27;0.96;Oferece excelente custo-beneficio e performance
Microfone - Blue Yeti;ExtraDigital;3416.15;7;3177.02;0.96;Desempenho superior com baixo consumo de energia
Microfone - Razer Seiren;FastShopTech;1519.95;16;1276.76;0.98;Tecnologia avancada para maior velocidade e eficiencia
Microfone - Razer Seiren;ExtraDigital;3853.35;15;3275.35;0.96;Construido com materiais resistentes e duraveis
Microfone - Razer Seiren;ExtraDigital;51.7;20;41.36;0.99;Ideal para usuarios exigentes que buscam qualidade
Microfone - HyperX QuadCast;KabumStore;4461.64;20;3569.31;0.87;Produto com alta compatibilidade e desempenho confiavel
Microfone - HyperX QuadCast;FastShopTech;439.33;22;342.68;0.92;Desempenho superior com baixo consumo de energia
Microfone - Blue Yeti;AmazonTech;79.21;19;64.16;0.95;Desempenho superior com baixo consumo de energia
Microfone - Razer Seiren;FastShopTech;3600.64;22;2808.5;0.9;Alta durabilidade e garantia estendida
Microfone - Blue Yeti;PichauOnline;1572.93;0;1572.93;0.92;Design moderno e otimizacao para melhor experiencia
Microfone - Blue Yeti;TerabyteShop;4267.84;4;4097.13;0.9;Perfeito para setups profissionais e gamers
Microfone - HyperX QuadCast;FastShopTech;357.14;12;314.28;0.88;Desempenho superior com baixo consumo de energia
Microfone - HyperX QuadCast;TerabyteShop;2991.65;18;2453.15;0.9;Alta durabilidade e garantia estendida
Microfone - Blue Yeti;AmericanasDigital;3736.24;5;3549.43;0.91;Design moderno e otimizacao para melhor experiencia
Microfone - Razer Seiren;SubmarinoPlus;420.29;15;357.25;0.87;Construido com materiais resistentes e duraveis
Microfone - HyperX QuadCast;AmazonTech;4654.36;17;3863.12;0.98;Oferece excelente custo-beneficio e performance
Microfone - Blue Yeti;AmericanasDigital;4960.33;29;3521.83;0.87;Tecnologia avancada para maior velocidade e eficiencia
Microfone - HyperX QuadCast;TerabyteShop;4995.58;16;4196.29;0.96;Alta durabilidade e garantia estendida
Microfone - Razer Seiren;FastShopTech;1088.05;12;957.48;0.98;Desempenho superior com baixo consumo de energia
Microfone - Razer Seiren;ExtraDigital;4503.86;2;4413.78;0.94;Produto com alta compatibilidade e desempenho confiavel
Microfone - HyperX QuadCast;PichauOnline;2494.62;10;2245.16;0.88;Design moderno e otimizacao para melhor experiencia
Microfone - Razer Seiren;MercadoTech;2174.16;20;1739.33;0.88;Design moderno e otimizacao para melhor experiencia
Microfone - Razer Seiren;AmericanasDigital;1298.11;8;1194.26;0.96;Oferece excelente custo-beneficio e performance
Microfone - Razer Seiren;MagazineInfo;545.7;21;431.1;0.96;Perfeito para setups profissionais e gamers
Microfone - HyperX QuadCast;FastShopTech;3956.98;23;3046.87;0.91;Desempenho superior com baixo consumo de energia
Microfone - Blue Yeti;TerabyteShop;322.85;1;319.62;0.87;Design moderno e otimizacao para melhor experiencia
Microfone - Blue Yeti;SubmarinoPlus;1450.5;0;1450.5;0.98;Construido com materiais resistentes e duraveis
Microfone - HyperX QuadCast;AmericanasDigital;4274.95;3;4146.7;0.89;Oferece excelente custo-beneficio e performance
Microfone - Razer Seiren;SubmarinoPlus;905.21;24;687.96;0.95;Perfeito para setups profissionais e gamers
Microfone - HyperX QuadCast;AmazonTech;888.06;11;790.37;0.88;Ideal para usuarios exigentes que buscam qualidade
Microfone - Blue Yeti;FastShopTech;133.07;6;125.09;0.92;Oferece excelente custo-beneficio e performance
Microfone - Razer Seiren;AmericanasDigital;3054.82;7;2840.98;0.96;Ideal para usuarios exigentes que buscam qualidade
Microfone - Blue Yeti;FastShopTech;3245.24;12;2855.81;0.95;Oferece excelente custo-beneficio e performance
Microfone - Blue Yeti;ExtraDigital;958.19;9;871.95;0.92;Oferece excelente custo-beneficio e performance
Microfone - Razer Seiren;FastShopTech;3613.72;8;3324.62;0.91;Facil instalacao e suporte garantido
Microfone - HyperX QuadCast;FastShopTech;3756.16;30;2629.31;0.95;Desempenho superior com baixo consumo de energia
Microfone - Blue Yeti;ExtraDigital;4425.5;12;3894.44;0.88;Produto com alta compatibilidade e desempenho confiavel
Microfone - HyperX QuadCast;FastShopTech;4650.83;1;4604.32;0.88;Tecnologia avancada para maior velocidade e eficiencia
Microfone - HyperX QuadCast;MagazineInfo;4290.98;14;3690.24;0.94;Produto com alta compatibilidade e desempenho confiavel
Microfone - Blue Yeti;PichauOnline;2664.67;16;2238.32;0.87;Alta durabilidade e garantia estendida
Microfone - Blue Yeti;SubmarinoPlus;54.3;4;52.13;0.97;Facil instalacao e suporte garantido
Microfone - Razer Seiren;MercadoTech;2147.63;15;1825.49;0.97;Ideal para usuarios exigentes que buscam qualidade
Microfone - Blue Yeti;SubmarinoPlus;2883.22;27;2104.75;0.89;Oferece excelente custo-beneficio e performance
Microfone - Razer Seiren;PichauOnline;4028.43;8;3706.16;0.88;Perfeito para setups profissionais e gamers
Microfone - HyperX QuadCast;ExtraDigital;2374.96;2;2327.46;0.86;Oferece excelente custo-beneficio e performance
Microfone - Razer Seiren;ExtraDigital;2965.15;1;2935.5;0.89;Ideal para usuarios exigentes que buscam qualidade
Fone de Ouvido - Logitech G733;AmericanasDigital;627.56;6;589.91;0.91;Construido com materiais resistentes e duraveis
Fone de Ouvido - Corsair HS;MercadoTech;1896.72;21;1498.41;0.91;Construido com materiais resistentes e duraveis
Fone de Ouvido - Corsair HS;AmazonTech;4050.57;13;3524.0;0.94;Ideal para usuarios exigentes que buscam qualidade
Fone de Ouvido - Corsair HS;ExtraDigital;484.6;14;416.76;0.96;Tecnologia avancada para maior velocidade e eficiencia
Fone de Ouvido - HyperX Cloud;SubmarinoPlus;3417.51;16;2870.71;0.91;Tecnologia avancada para maior velocidade e eficiencia
Fone de Ouvido - Corsair HS;TerabyteShop;1102.17;9;1002.97;0.98;Design moderno e otimizacao para melhor experiencia
Fone de Ouvido - Logitech G733;ExtraDigital;4776.73;22;3725.85;0.92;Perfeito para setups profissionais e gamers
Fone de Ouvido - HyperX Cloud;AmericanasDigital;1470.25;20;1176.2;0.99;Design moderno e otimizacao para melhor experiencia
Fone de Ouvido - HyperX Cloud;AmericanasDigital;1446.61;0;1446.61;0.94;Oferece excelente custo-beneficio e performance
Fone de Ouvido - Logitech G733;MagazineInfo;1107.74;8;1019.12;0.87;Ideal para usuarios exigentes que buscam qualidade
Fone de Ouvido - Logitech G733;FastShopTech;3578.71;17;2970.33;0.93;Ideal para usuarios exigentes que buscam qualidade
Fone de Ouvido - Logitech G733;PichauOnline;3006.87;1;2976.8;0.89;Ideal para usuarios exigentes que buscam qualidade
Fone de Ouvido - Corsair HS;AmazonTech;2293.57;21;1811.92;0.93;Facil instalacao e suporte garantido
Fone de Ouvido - Logitech G733;SubmarinoPlus;4164.52;23;3206.68;0.87;Produto com alta compatibilidade e desempenho confiavel
Fone de Ouvido - HyperX Cloud;MagazineInfo;3040.01;18;2492.81;0.92;Alta durabilidade e garantia estendida
Fone de Ouvido - Corsair HS;TerabyteShop;3259.87;7;3031.68;0.96;Alta durabilidade e garantia estendida
Fone de Ouvido - Logitech G733;ExtraDigital;953.02;15;810.07;0.91;Desempenho superior com baixo consumo de energia
Fone de Ouvido - Corsair HS;AmericanasDigital;3124.76;5;2968.52;0.96;Construido com materiais resistentes e duraveis
Fone de Ouvido - Corsair HS;FastShopTech;1840.17;19;1490.54;0.97;Construido com materiais resistentes e duraveis
Fone de Ouvido - Corsair HS;ExtraDigital;2475.24;3;2400.98;0.92;Oferece excelente custo-beneficio e performance
Fone de Ouvido - Corsair HS;MercadoTech;4157.83;4;3991.52;0.93;Produto com alta compatibilidade e desempenho confiavel
Fone de Ouvido - Corsair HS;KabumStore;2781.28;30;1946.9;0.96;Desempenho superior com baixo consumo de energia
Fone de Ouvido - HyperX Cloud;FastShopTech;971.7;13;845.38;0.97;Perfeito para setups profissionais e gamers
Fone de Ouvido - HyperX Cloud;PichauOnline;992.62;21;784.17;0.98;Tecnologia avancada para maior velocidade e eficiencia
Fone de Ouvido - HyperX Cloud;PichauOnline;4777.02;9;4347.09;0.96;Oferece excelente custo-beneficio e performance
Fone de Ouvido - Corsair HS;MercadoTech;3640.32;15;3094.27;0.89;Ideal para usuarios exigentes que buscam qualidade
Fone de Ouvido - Logitech G733;MercadoTech;2071.37;12;1822.81;0.86;Produto com alta compatibilidade e desempenho confiavel
Fone de Ouvido - HyperX Cloud;FastShopTech;1235.75;20;988.6;0.85;Design moderno e otimizacao para melhor experiencia
Fone de Ouvido - Corsair HS;MercadoTech;294.59;1;291.64;0.93;Produto com alta compatibilidade e desempenho confiavel
Fone de Ouvido - Logitech G733;AmericanasDigital;2883.53;20;2306.82;0.87;Alta durabilidade e garantia estendida
Fone de Ouvido - Logitech G733;MercadoTech;2329.88;22;1817.31;0.89;Tecnologia avancada para maior velocidade e eficiencia
Fone de Ouvido - HyperX Cloud;MercadoTech;1638.75;23;1261.84;0.87;Oferece excelente custo-beneficio e performance
Fone de Ouvido - Corsair HS;ExtraDigital;2794.63;2;2738.74;0.94;Perfeito para setups profissionais e gamers
Fone de Ouvido - HyperX Cloud;SubmarinoPlus;4016.3;1;3976.14;0.9;Desempenho superior com baixo consumo de energia
Fone de Ouvido - Corsair HS;SubmarinoPlus;1258.44;0;1258.44;0.89;Perfeito para setups profissionais e gamers
Fone de Ouvido - HyperX Cloud;TerabyteShop;2201.97;1;2179.95;0.98;Perfeito para setups profissionais e gamers
Fone de Ouvido - Corsair HS;TerabyteShop;4129.47;24;3138.4;0.92;Design moderno e otimizacao para melhor experiencia
Fone de Ouvido - HyperX Cloud;MagazineInfo;2309.92;27;1686.24;0.94;Tecnologia avancada para maior velocidade e eficiencia
Fone de Ouvido - Logitech G733;SubmarinoPlus;1032.61;0;1032.61;0.91;Tecnologia avancada para maior velocidade e eficiencia
Fone de Ouvido - Logitech G733;MagazineInfo;698.38;20;558.7;0.92;Oferece excelente custo-beneficio e performance
Fone de Ouvido - Corsair HS;FastShopTech;4752.15;21;3754.2;0.93;Facil instalacao e suporte garantido
Fone de Ouvido - HyperX Cloud;PichauOnline;3566.26;1;3530.6;0.98;Design moderno e otimizacao para melhor experiencia
Fone de Ouvido - HyperX Cloud;AmericanasDigital;289.57;16;243.24;0.92;Desempenho superior com baixo consumo de energia
Fone de Ouvido - Logitech G733;SubmarinoPlus;505.04;16;424.23;0.94;Alta durabilidade e garantia estendida
Fone de Ouvido - Corsair HS;MagazineInfo;4015.08;5;3814.33;0.86;Construido com materiais resistentes e duraveis
Fone de Ouvido - Logitech G733;PichauOnline;3587.28;24;2726.33;0.91;Oferece excelente custo-beneficio e performance
Fone de Ouvido - Logitech G733;AmericanasDigital;4177.83;18;3425.82;0.89;Tecnologia avancada para maior velocidade e eficiencia
Fone de Ouvido - HyperX Cloud;AmazonTech;1757.93;1;1740.35;0.87;Desempenho superior com baixo consumo de energia
Fone de Ouvido - HyperX Cloud;SubmarinoPlus;3207.4;4;3079.1;0.94;Ideal para usuarios exigentes que buscam qualidade
Fone de Ouvido - Corsair HS;ExtraDigital;1396.65;7;1298.88;0.87;Ideal para usuarios exigentes que buscam qualidade
Fone de Ouvido - Corsair HS;TerabyteShop;4708.6;13;4096.48;0.97;Ideal para usuarios exigentes que buscam qualidade
Fone de Ouvido - Corsair HS;ExtraDigital;3595.27;2;3523.36;0.94;Oferece excelente custo-beneficio e performance
Fone de Ouvido - Corsair HS;ExtraDigital;4606.93;8;4238.38;0.9;Produto com alta compatibilidade e desempenho confiavel
Fone de Ouvido - Logitech G733;PichauOnline;999.18;0;999.18;0.89;Construido com materiais resistentes e duraveis
Fone de Ouvido - Corsair HS;KabumStore;1187.08;10;1068.37;0.86;Construido com materiais resistentes e duraveis
Fone de Ouvido - Logitech G733;AmericanasDigital;244.26;2;239.37;0.95;Tecnologia avancada para maior velocidade e eficiencia
Fone de Ouvido - Corsair HS;AmazonTech;3850.73;18;3157.6;0.98;Facil instalacao e suporte garantido
Fone de Ouvido - Logitech G733;SubmarinoPlus;1124.32;8;1034.37;0.99;Oferece excelente custo-beneficio e performance
Fone de Ouvido - Logitech G733;ExtraDigital;519.94;18;426.35;0.96;Facil instalacao e suporte garantido
Fone de Ouvido - HyperX Cloud;MercadoTech;1950.54;24;1482.41;0.89;Produto com alta compatibilidade e desempenho confiavel
Fone de Ouvido - Corsair HS;PichauOnline;2955.18;8;2718.77;0.94;Tecnologia avancada para maior velocidade e eficiencia
Fone de Ouvido - Corsair HS;SubmarinoPlus;3104.17;15;2638.54;0.87;Produto com alta compatibilidade e desempenho confiavel
Fone de Ouvido - Corsair HS;FastShopTech;136.43;29;96.87;0.89;Oferece excelente custo-beneficio e performance
Fone de Ouvido - Corsair HS;KabumStore;763.03;24;579.9;0.91;Perfeito para setups profissionais e gamers
Fone de Ouvido - Corsair HS;AmericanasDigital;2042.56;14;1756.6;0.96;Produto com alta compatibilidade e desempenho confiavel
Fone de Ouvido - HyperX Cloud;PichauOnline;580.78;3;563.36;0.92;Facil instalacao e suporte garantido
Fone de Ouvido - Logitech G733;FastShopTech;1033.72;17;857.99;0.98;Tecnologia avancada para maior velocidade e eficiencia
Fone de Ouvido - HyperX Cloud;AmazonTech;907.55;27;662.51;0.87;Tecnologia avancada para maior velocidade e eficiencia
Fone de Ouvido - Corsair HS;PichauOnline;1866.83;8;1717.48;0.98;Produto com alta compatibilidade e desempenho confiavel
Fone de Ouvido - Logitech G733;PichauOnline;4009.06;15;3407.7;0.86;Ideal para usuarios exigentes que buscam qualidade
Fone de Ouvido - HyperX Cloud;MagazineInfo;3498.85;23;2694.11;0.91;Alta durabilidade e garantia estendida
Fone de Ouvido - HyperX Cloud;KabumStore;4767.96;28;3432.93;0.94;Produto com alta compatibilidade e desempenho confiavel
Fone de Ouvido - HyperX Cloud;TerabyteShop;935.18;11;832.31;0.94;Desempenho superior com baixo consumo de energia
Fone de Ouvido - Logitech G733;FastShopTech;3217.5;6;3024.45;0.94;Ideal para usuarios exigentes que buscam qualidade
Fone de Ouvido - HyperX Cloud;MercadoTech;1946.41;0;1946.41;0.91;Desempenho superior com baixo consumo de energia
Fone de Ouvido - Corsair HS;MercadoTech;4813.75;5;4573.06;0.92;Alta durabilidade e garantia estendida
Fone de Ouvido - Logitech G733;MercadoTech;2287.43;6;2150.18;0.91;Construido com materiais resistentes e duraveis
Fone de Ouvido - HyperX Cloud;KabumStore;1917.48;0;1917.48;0.97;Design moderno e otimizacao para melhor experiencia
Fone de Ouvido - Logitech G733;TerabyteShop;4178.7;26;3092.24;0.91;Design moderno e otimizacao para melhor experiencia
Fone de Ouvido - Logitech G733;AmazonTech;2459.69;13;2139.93;0.91;Produto com alta compatibilidade e desempenho confiavel
Fone de Ouvido - HyperX Cloud;MagazineInfo;3339.38;23;2571.32;0.87;Tecnologia avancada para maior velocidade e eficiencia
Fone de Ouvido - Logitech G733;SubmarinoPlus;940.48;7;874.65;0.87;Alta durabilidade e garantia estendida
Fone de Ouvido - Corsair HS;AmericanasDigital;1179.65;22;920.13;0.86;Perfeito para setups profissionais e gamers
Fone de Ouvido - Corsair HS;KabumStore;1346.85;23;1037.07;0.89;Construido com materiais resistentes e duraveis
Fone de Ouvido - Corsair HS;PichauOnline;3397.43;12;2989.74;0.89;Construido com materiais resistentes e duraveis
Fone de Ouvido - Corsair HS;FastShopTech;2710.27;29;1924.29;0.98;Produto com alta compatibilidade e desempenho confiavel
Fone de Ouvido - Corsair HS;FastShopTech;3741.1;2;3666.28;0.89;Produto com alta compatibilidade e desempenho confiavel
Fone de Ouvido - Corsair HS;MagazineInfo;3682.05;21;2908.82;0.93;Tecnologia avancada para maior velocidade e eficiencia
Fone de Ouvido - Logitech G733;ExtraDigital;3362.09;26;2487.95;0.97;Ideal para usuarios exigentes que buscam qualidade
Fone de Ouvido - Corsair HS;KabumStore;3236.63;26;2395.11;0.89;Alta durabilidade e garantia estendida
Fone de Ouvido - HyperX Cloud;MercadoTech;461.38;29;327.58;0.99;Produto com alta compatibilidade e desempenho confiavel
Fone de Ouvido - Corsair HS;MercadoTech;3966.11;27;2895.26;0.87;Oferece excelente custo-beneficio e performance
Fone de Ouvido - HyperX Cloud;MagazineInfo;2363.92;30;1654.74;0.92;Produto com alta compatibilidade e desempenho confiavel
Fone de Ouvido - Logitech G733;MercadoTech;834.92;12;734.73;0.97;Perfeito para setups profissionais e gamers
Fone de Ouvido - Corsair HS;ExtraDigital;829.46;1;821.17;0.97;Design moderno e otimizacao para melhor experiencia
Fone de Ouvido - Corsair HS;AmericanasDigital;2870.83;21;2267.96;0.94;Facil instalacao e suporte garantido
Fone de Ouvido - Corsair HS;FastShopTech;4128.19;8;3797.93;0.91;Design moderno e otimizacao para melhor experiencia
Fone de Ouvido - HyperX Cloud;MagazineInfo;2034.3;21;1607.1;0.93;Alta durabilidade e garantia estendida
Fone de Ouvido - Logitech G733;AmericanasDigital;519.49;19;420.79;0.88;Produto com alta compatibilidade e desempenho confiavel
Fone de Ouvido - Logitech G733;KabumStore;1921.45;11;1710.09;0.98;Oferece excelente custo-beneficio e performance
Fone de Ouvido - Corsair HS;TerabyteShop;2389.43;14;2054.91;0.98;Design moderno e otimizacao para melhor experiencia
Fone de Ouvido - HyperX Cloud;SubmarinoPlus;2452.2;5;2329.59;0.99;Design moderno e otimizacao para melhor experiencia
Fone de Ouvido - HyperX Cloud;AmericanasDigital;4374.38;12;3849.45;0.93;Desempenho superior com baixo consumo de energia
Fone de Ouvido - HyperX Cloud;ExtraDigital;2855.4;8;2626.97;0.89;Construido com materiais resistentes e duraveis
Fone de Ouvido - Logitech G733;PichauOnline;3633.49;6;3415.48;0.96;Oferece excelente custo-beneficio e performance
Fone de Ouvido - Logitech G733;FastShopTech;4611.01;5;4380.46;0.89;Desempenho superior com baixo consumo de energia
Fone de Ouvido - HyperX Cloud;PichauOnline;3334.67;3;3234.63;0.87;Design moderno e otimizacao para melhor experiencia
Fone de Ouvido - Corsair HS;MercadoTech;2597.23;3;2519.31;0.91;Design moderno e otimizacao para melhor experiencia
Fone de Ouvido - Logitech G733;KabumStore;4121.76;28;2967.67;0.93;Ideal para usuarios exigentes que buscam qualidade
Fone de Ouvido - Logitech G733;AmericanasDigital;3927.53;28;2827.82;0.89;Oferece excelente custo-beneficio e performance
Fone de Ouvido - Corsair HS;MercadoTech;4043.13;5;3840.97;0.93;Tecnologia avancada para maior velocidade e eficiencia
Fone de Ouvido - Logitech G733;TerabyteShop;1106.18;24;840.7;0.92;Perfeito para setups profissionais e gamers
Fone de Ouvido - Logitech G733;AmazonTech;778.6;15;661.81;0.87;Ideal para usuarios exigentes que buscam qualidade
Fone de Ouvido - HyperX Cloud;SubmarinoPlus;929.11;16;780.45;0.9;Design moderno e otimizacao para melhor experiencia
Fone de Ouvido - Corsair HS;ExtraDigital;4446.01;26;3290.05;0.9;Alta durabilidade e garantia estendida
Fone de Ouvido - Logitech G733;AmazonTech;2950.7;4;2832.67;0.93;Oferece excelente custo-beneficio e performance
Fone de Ouvido - HyperX Cloud;ExtraDigital;3985.29;9;3626.61;0.86;Desempenho superior com baixo consumo de energia
Fone de Ouvido - Logitech G733;AmericanasDigital;962.7;11;856.8;0.98;Desempenho superior com baixo consumo de energia
Fone de Ouvido - HyperX Cloud;PichauOnline;1527.27;8;1405.09;0.98;Desempenho superior com baixo consumo de energia
Fone de Ouvido - Logitech G733;KabumStore;2347.76;18;1925.16;0.95;Desempenho superior com baixo consumo de energia
Fone de Ouvido - Corsair HS;MagazineInfo;2908.52;30;2035.96;0.97;Perfeito para setups profissionais e gamers
Fone de Ouvido - HyperX Cloud;PichauOnline;4999.4;0;4999.4;0.94;Design moderno e otimizacao para melhor experiencia
Fone de Ouvido - HyperX Cloud;KabumStore;4578.09;20;3662.47;0.92;Design moderno e otimizacao para melhor experiencia
Fone de Ouvido - HyperX Cloud;FastShopTech;714.06;28;514.12;0.9;Ideal para usuarios exigentes que buscam qualidade
Fone de Ouvido - Logitech G733;ExtraDigital;3491.16;20;2792.93;0.92;Ideal para usuarios exigentes que buscam qualidade
Fone de Ouvido - Logitech G733;PichauOnline;2562.6;19;2075.71;0.92;Oferece excelente custo-beneficio e performance
Fone de Ouvido - HyperX Cloud;FastShopTech;3399.63;29;2413.74;0.89;Design moderno e otimizacao para melhor experiencia
Fone de Ouvido - HyperX Cloud;PichauOnline;4755.71;3;4613.04;0.96;Construido com materiais resistentes e duraveis
Fone de Ouvido - HyperX Cloud;TerabyteShop;2745.11;24;2086.28;0.92;Alta durabilidade e garantia estendida
Fone de Ouvido - Logitech G733;TerabyteShop;4472.8;26;3309.87;0.97;Facil instalacao e suporte garantido
Fone de Ouvido - HyperX Cloud;MagazineInfo;4748.21;26;3513.68;0.99;Produto com alta compatibilidade e desempenho confiavel
Fone de Ouvido - Logitech G733;SubmarinoPlus;4785.49;12;4211.23;0.88;Alta durabilidade e garantia estendida
Fone de Ouvido - Logitech G733;SubmarinoPlus;4441.96;23;3420.31;0.93;Oferece excelente custo-beneficio e performance
Fone de Ouvido - HyperX Cloud;TerabyteShop;3082.38;2;3020.73;0.85;Produto com alta compatibilidade e desempenho confiavel
Fone de Ouvido - HyperX Cloud;TerabyteShop;4420.84;28;3183.0;0.9;Perfeito para setups profissionais e gamers
Fone de Ouvido - Logitech G733;PichauOnline;2709.84;19;2194.97;0.89;Oferece excelente custo-beneficio e performance
Fone de Ouvido - HyperX Cloud;KabumStore;1520.69;30;1064.48;0.92;Facil instalacao e suporte garantido
Fone de Ouvido - Corsair HS;AmazonTech;4447.9;7;4136.55;0.95;Alta durabilidade e garantia estendida
Fone de Ouvido - Corsair HS;SubmarinoPlus;3706.05;15;3150.14;0.93;Ideal para usuarios exigentes que buscam qualidade
Fone de Ouvido - HyperX Cloud;MagazineInfo;1817.73;2;1781.38;0.85;Produto com alta compatibilidade e desempenho confiavel
Fone de Ouvido - Corsair HS;SubmarinoPlus;2587.71;17;2147.8;0.91;Design moderno e otimizacao para melhor experiencia
Fone de Ouvido - HyperX Cloud;PichauOnline;1185.14;20;948.11;0.86;Tecnologia avancada para maior velocidade e eficiencia
Fone de Ouvido - Corsair HS;FastShopTech;4410.34;28;3175.44;0.92;Construido com materiais resistentes e duraveis
Fone de Ouvido - Corsair HS;MagazineInfo;847.78;24;644.31;0.86;Design moderno e otimizacao para melhor experiencia
Fone de Ouvido - Logitech G733;MagazineInfo;3148.79;12;2770.94;0.98;Tecnologia avancada para maior velocidade e eficiencia
Fone de Ouvido - HyperX Cloud;ExtraDigital;3405.42;3;3303.26;0.98;Design moderno e otimizacao para melhor experiencia
Fone de Ouvido - Corsair HS;AmericanasDigital;4791.15;7;4455.77;0.98;Tecnologia avancada para maior velocidade e eficiencia
Fone de Ouvido - Logitech G733;SubmarinoPlus;498.91;29;354.23;0.96;Perfeito para setups profissionais e gamers
Fone de Ouvido - Corsair HS;AmericanasDigital;4363.77;26;3229.19;0.9;Tecnologia avancada para maior velocidade e eficiencia
Fone de Ouvido - Logitech G733;SubmarinoPlus;710.67;15;604.07;0.86;Ideal para usuarios exigentes que buscam qualidade
Fone de Ouvido - Logitech G733;TerabyteShop;3388.12;29;2405.57;0.9;Design moderno e otimizacao para melhor experiencia
Fone de Ouvido - HyperX Cloud;SubmarinoPlus;4457.81;16;3744.56;0.86;Desempenho superior com baixo consumo de energia
Fone de Ouvido - Corsair HS;AmazonTech;803.54;8;739.26;0.89;Design moderno e otimizacao para melhor experiencia
Fone de Ouvido - HyperX Cloud;ExtraDigital;3786.58;28;2726.34;0.98;Perfeito para setups profissionais e gamers
Fone de Ouvido - Logitech G733;ExtraDigital;4739.2;29;3364.83;0.97;Produto com alta compatibilidade e desempenho confiavel
Fone de Ouvido - Corsair HS;AmazonTech;1033.05;2;1012.39;0.91;Produto com alta compatibilidade e desempenho confiavel
Fone de Ouvido - Logitech G733;TerabyteShop;1570.91;13;1366.69;0.9;Oferece excelente custo-beneficio e performance
Fone de Ouvido - HyperX Cloud;MagazineInfo;4512.49;11;4016.12;0.87;Oferece excelente custo-beneficio e performance
Fone de Ouvido - Corsair HS;TerabyteShop;4278.21;12;3764.82;0.95;Construido com materiais resistentes e duraveis
Fone de Ouvido - Corsair HS;ExtraDigital;573.31;3;556.11;0.94;Perfeito para setups profissionais e gamers
Fone de Ouvido - HyperX Cloud;SubmarinoPlus;4593.84;23;3537.26;0.89;Perfeito para setups profissionais e gamers
Fone de Ouvido - Logitech G733;SubmarinoPlus;3232.0;20;2585.6;0.9;Desempenho superior com baixo consumo de energia
Fone de Ouvido - Corsair HS;ExtraDigital;4276.5;11;3806.09;0.87;Ideal para usuarios exigentes que buscam qualidade
Fone de Ouvido - Logitech G733;AmazonTech;1472.4;2;1442.95;0.94;Desempenho superior com baixo consumo de energia
Fone de Ouvido - Corsair HS;KabumStore;3652.83;13;3177.96;0.91;Facil instalacao e suporte garantido
Fone de Ouvido - Corsair HS;AmazonTech;2020.44;15;1717.37;0.98;Facil instalacao e suporte garantido
Fone de Ouvido - Logitech G733;KabumStore;1935.97;18;1587.5;0.96;Facil instalacao e suporte garantido
Fone de Ouvido - Corsair HS;KabumStore;366.58;16;307.93;0.88;Produto com alta compatibilidade e desempenho confiavel
Fone de Ouvido - Corsair HS;MagazineInfo;2703.77;4;2595.62;0.85;Alta durabilidade e garantia estendida
Fone de Ouvido - Corsair HS;ExtraDigital;3049.23;11;2713.81;0.97;Oferece excelente custo-beneficio e performance
Fone de Ouvido - Logitech G733;MagazineInfo;558.71;9;508.43;0.9;Design moderno e otimizacao para melhor experiencia
Fone de Ouvido - HyperX Cloud;MercadoTech;3709.96;1;3672.86;0.87;Produto com alta compatibilidade e desempenho confiavel
Fone de Ouvido - Corsair HS;MercadoTech;542.58;22;423.21;0.95;Perfeito para setups profissionais e gamers
Fone de Ouvido - HyperX Cloud;PichauOnline;2078.76;11;1850.1;0.95;Produto com alta compatibilidade e desempenho confiavel
Fone de Ouvido - HyperX Cloud;FastShopTech;2706.79;30;1894.75;0.86;Construido com materiais resistentes e duraveis
Fone de Ouvido - Corsair HS;FastShopTech;660.9;30;462.63;0.88;Oferece excelente custo-beneficio e performance
Fone de Ouvido - HyperX Cloud;TerabyteShop;186.11;30;130.28;0.87;Construido com materiais resistentes e duraveis
Fone de Ouvido - HyperX Cloud;ExtraDigital;782.54;29;555.6;0.86;Facil instalacao e suporte garantido
Fone de Ouvido - Logitech G733;FastShopTech;4872.11;10;4384.9;0.98;Design moderno e otimizacao para melhor experiencia
Fone de Ouvido - HyperX Cloud;TerabyteShop;4786.57;23;3685.66;0.99;Desempenho superior com baixo consumo de energia
Fone de Ouvido - HyperX Cloud;MercadoTech;4755.61;20;3804.49;0.95;Produto com alta compatibilidade e desempenho confiavel
Fone de Ouvido - Corsair HS;TerabyteShop;1628.64;16;1368.06;0.97;Design moderno e otimizacao para melhor experiencia
Fone de Ouvido - Logitech G733;SubmarinoPlus;198.66;27;145.02;0.86;Construido com materiais resistentes e duraveis
Fone de Ouvido - Corsair HS;AmericanasDigital;3795.16;13;3301.79;0.85;Design moderno e otimizacao para melhor experiencia
Fone de Ouvido - Corsair HS;PichauOnline;2602.95;29;1848.09;0.88;Oferece excelente custo-beneficio e performance
Fone de Ouvido - Logitech G733;ExtraDigital;2527.24;24;1920.7;0.99;Oferece excelente custo-beneficio e performance
Fone de Ouvido - Corsair HS;SubmarinoPlus;597.67;0;597.67;0.88;Design moderno e otimizacao para melhor experiencia
Fone de Ouvido - HyperX Cloud;ExtraDigital;3345.75;26;2475.86;0.95;Alta durabilidade e garantia estendida
Fone de Ouvido - Corsair HS;MercadoTech;3204.45;20;2563.56;0.92;Alta durabilidade e garantia estendida
Fone de Ouvido - Logitech G733;ExtraDigital;1156.52;26;855.82;0.87;Perfeito para setups profissionais e gamers
Fone de Ouvido - Corsair HS;MagazineInfo;1008.65;24;766.57;0.94;Produto com alta compatibilidade e desempenho confiavel
Fone de Ouvido - HyperX Cloud;TerabyteShop;3708.86;0;3708.86;0.9;Perfeito para setups profissionais e gamers
Fone de Ouvido - Corsair HS;AmericanasDigital;2899.24;27;2116.45;0.9;Tecnologia avancada para maior velocidade e eficiencia
Fone de Ouvido - Logitech G733;AmazonTech;2381.47;15;2024.25;0.87;Oferece excelente custo-beneficio e performance
Fone de Ouvido - Corsair HS;TerabyteShop;2062.34;7;1917.98;0.86;Tecnologia avancada para maior velocidade e eficiencia
Fone de Ouvido - HyperX Cloud;ExtraDigital;4629.84;4;4444.65;0.91;Facil instalacao e suporte garantido
Fone de Ouvido - Corsair HS;AmericanasDigital;3882.6;7;3610.82;0.93;Construido com materiais resistentes e duraveis
Fone de Ouvido - Logitech G733;KabumStore;4857.3;3;4711.58;0.91;Facil instalacao e suporte garantido
Fone de Ouvido - Corsair HS;MagazineInfo;2783.83;16;2338.42;0.86;Produto com alta compatibilidade e desempenho confiavel
Fone de Ouvido - Corsair HS;AmazonTech;500.9;26;370.67;0.96;Desempenho superior com baixo consumo de energia
Webcam - Microsoft LifeCam;AmericanasDigital;878.63;0;878.63;0.97;Ideal para usuarios exigentes que buscam qualidade
Webcam - Microsoft LifeCam;MagazineInfo;1991.54;26;1473.74;0.88;Construido com materiais resistentes e duraveis
Webcam - Razer Kiyo;SubmarinoPlus;3996.02;18;3276.74;0.96;Oferece excelente custo-beneficio e performance
Webcam - Razer Kiyo;PichauOnline;1603.74;17;1331.1;0.86;Produto com alta compatibilidade e desempenho confiavel
Webcam - Razer Kiyo;SubmarinoPlus;2686.35;17;2229.67;0.91;Facil instalacao e suporte garantido
Webcam - Microsoft LifeCam;ExtraDigital;3631.74;1;3595.42;0.93;Tecnologia avancada para maior velocidade e eficiencia
Webcam - Logitech StreamCam;MercadoTech;952.47;21;752.45;0.91;Tecnologia avancada para maior velocidade e eficiencia
Webcam - Logitech StreamCam;PichauOnline;4664.42;6;4384.55;0.85;Design moderno e otimizacao para melhor experiencia
Webcam - Logitech StreamCam;ExtraDigital;4698.42;16;3946.67;0.97;Ideal para usuarios exigentes que buscam qualidade
Webcam - Logitech StreamCam;KabumStore;4174.09;3;4048.87;0.93;Tecnologia avancada para maior velocidade e eficiencia
Webcam - Logitech StreamCam;ExtraDigital;2689.04;27;1963.0;0.97;Tecnologia avancada para maior velocidade e eficiencia
Webcam - Logitech StreamCam;MercadoTech;141.75;26;104.89;0.9;Produto com alta compatibilidade e desempenho confiavel
Webcam - Microsoft LifeCam;ExtraDigital;247.87;18;203.25;0.89;Perfeito para setups profissionais e gamers
Webcam - Microsoft LifeCam;AmericanasDigital;4852.99;8;4464.75;0.87;Perfeito para setups profissionais e gamers
Webcam - Logitech StreamCam;PichauOnline;2744.77;15;2333.05;0.91;Construido com materiais resistentes e duraveis
Webcam - Razer Kiyo;FastShopTech;4717.66;14;4057.19;0.95;Desempenho superior com baixo consumo de energia
Webcam - Logitech StreamCam;AmericanasDigital;4198.45;6;3946.54;0.88;Desempenho superior com baixo consumo de energia
Webcam - Razer Kiyo;KabumStore;4489.58;7;4175.31;0.87;Facil instalacao e suporte garantido
Webcam - Logitech StreamCam;ExtraDigital;1886.65;15;1603.65;0.95;Ideal para usuarios exigentes que buscam qualidade
Webcam - Microsoft LifeCam;MagazineInfo;3747.98;17;3110.82;0.99;Alta durabilidade e garantia estendida
Webcam - Razer Kiyo;ExtraDigital;1391.5;20;1113.2;0.96;Design moderno e otimizacao para melhor experiencia
Webcam - Microsoft LifeCam;MagazineInfo;4770.94;14;4103.01;0.89;Construido com materiais resistentes e duraveis
Webcam - Microsoft LifeCam;KabumStore;448.61;16;376.83;0.95;Perfeito para setups profissionais e gamers
Webcam - Logitech StreamCam;TerabyteShop;109.89;20;87.91;0.98;Produto com alta compatibilidade e desempenho confiavel
Webcam - Microsoft LifeCam;MercadoTech;4212.07;9;3832.98;0.96;Ideal para usuarios exigentes que buscam qualidade
Webcam - Logitech StreamCam;AmericanasDigital;1463.55;29;1039.12;0.91;Produto com alta compatibilidade e desempenho confiavel
Webcam - Microsoft LifeCam;AmazonTech;1879.67;21;1484.94;0.88;Produto com alta compatibilidade e desempenho confiavel
Webcam - Logitech StreamCam;MagazineInfo;4700.03;14;4042.03;0.89;Facil instalacao e suporte garantido
Webcam - Microsoft LifeCam;ExtraDigital;2729.58;9;2483.92;0.96;Desempenho superior com baixo consumo de energia
Webcam - Razer Kiyo;TerabyteShop;2040.13;25;1530.1;0.86;Facil instalacao e suporte garantido
Webcam - Logitech StreamCam;MercadoTech;2195.56;11;1954.05;0.89;Oferece excelente custo-beneficio e performance
Webcam - Razer Kiyo;AmericanasDigital;4425.82;8;4071.75;0.93;Ideal para usuarios exigentes que buscam qualidade
Webcam - Microsoft LifeCam;TerabyteShop;96.99;22;75.65;0.86;Construido com materiais resistentes e duraveis
Webcam - Razer Kiyo;ExtraDigital;399.62;22;311.7;0.87;Facil instalacao e suporte garantido
Webcam - Razer Kiyo;AmericanasDigital;4368.67;28;3145.44;0.95;Ideal para usuarios exigentes que buscam qualidade
Webcam - Logitech StreamCam;ExtraDigital;892.28;5;847.67;0.95;Design moderno e otimizacao para melhor experiencia
Webcam - Microsoft LifeCam;KabumStore;4594.37;4;4410.6;0.92;Produto com alta compatibilidade e desempenho confiavel
Webcam - Razer Kiyo;AmazonTech;1081.61;27;789.58;0.86;Desempenho superior com baixo consumo de energia
Webcam - Razer Kiyo;PichauOnline;4409.21;9;4012.38;0.96;Ideal para usuarios exigentes que buscam qualidade
Webcam - Logitech StreamCam;SubmarinoPlus;763.7;8;702.6;0.87;Construido com materiais resistentes e duraveis
Webcam - Microsoft LifeCam;KabumStore;870.66;15;740.06;0.97;Construido com materiais resistentes e duraveis
Webcam - Razer Kiyo;TerabyteShop;825.42;3;800.66;0.87;Design moderno e otimizacao para melhor experiencia
Webcam - Razer Kiyo;KabumStore;561.03;6;527.37;0.92;Perfeito para setups profissionais e gamers
Webcam - Microsoft LifeCam;AmericanasDigital;2391.66;0;2391.66;0.86;Tecnologia avancada para maior velocidade e eficiencia
Webcam - Logitech StreamCam;AmazonTech;1667.54;11;1484.11;0.87;Oferece excelente custo-beneficio e performance
Webcam - Logitech StreamCam;FastShopTech;3621.01;13;3150.28;0.96;Desempenho superior com baixo consumo de energia
Webcam - Microsoft LifeCam;AmericanasDigital;852.83;5;810.19;0.92;Tecnologia avancada para maior velocidade e eficiencia
Webcam - Logitech StreamCam;SubmarinoPlus;3427.76;8;3153.54;0.88;Design moderno e otimizacao para melhor experiencia
Webcam - Razer Kiyo;SubmarinoPlus;248.17;29;176.2;0.98;Tecnologia avancada para maior velocidade e eficiencia
Webcam - Microsoft LifeCam;AmericanasDigital;2900.96;6;2726.9;0.97;Alta durabilidade e garantia estendida
Webcam - Razer Kiyo;ExtraDigital;4135.71;17;3432.64;0.92;Facil instalacao e suporte garantido
Webcam - Microsoft LifeCam;KabumStore;1497.87;18;1228.25;0.88;Desempenho superior com baixo consumo de energia
Webcam - Logitech StreamCam;AmazonTech;2837.96;6;2667.68;0.98;Facil instalacao e suporte garantido
Webcam - Razer Kiyo;PichauOnline;3528.83;10;3175.95;0.88;Oferece excelente custo-beneficio e performance
Webcam - Logitech StreamCam;MagazineInfo;270.28;2;264.87;0.92;Alta durabilidade e garantia estendida
Webcam - Razer Kiyo;MagazineInfo;1407.03;14;1210.05;0.86;Ideal para usuarios exigentes que buscam qualidade
Webcam - Logitech StreamCam;PichauOnline;3292.3;5;3127.68;0.97;Oferece excelente custo-beneficio e performance
Webcam - Razer Kiyo;KabumStore;1722.17;11;1532.73;0.94;Tecnologia avancada para maior velocidade e eficiencia
Webcam - Microsoft LifeCam;SubmarinoPlus;2543.44;12;2238.23;0.87;Desempenho superior com baixo consumo de energia
Webcam - Razer Kiyo;KabumStore;4181.96;14;3596.49;0.86;Alta durabilidade e garantia estendida
Webcam - Microsoft LifeCam;FastShopTech;2452.42;24;1863.84;0.87;Ideal para usuarios exigentes que buscam qualidade
Webcam - Razer Kiyo;ExtraDigital;4862.89;21;3841.68;0.97;Desempenho superior com baixo consumo de energia
Webcam - Razer Kiyo;PichauOnline;3014.86;7;2803.82;0.93;Oferece excelente custo-beneficio e performance
Webcam - Logitech StreamCam;KabumStore;814.55;6;765.68;0.87;Design moderno e otimizacao para melhor experiencia
Webcam - Razer Kiyo;MagazineInfo;4403.91;15;3743.32;0.94;Facil instalacao e suporte garantido
Webcam - Logitech StreamCam;PichauOnline;3469.41;30;2428.59;0.92;Desempenho superior com baixo consumo de energia
Webcam - Microsoft LifeCam;ExtraDigital;2108.62;28;1518.21;0.91;Desempenho superior com baixo consumo de energia
Webcam - Microsoft LifeCam;MercadoTech;4025.45;13;3502.14;0.89;Ideal para usuarios exigentes que buscam qualidade
Webcam - Razer Kiyo;TerabyteShop;577.5;20;462.0;0.88;Produto com alta compatibilidade e desempenho confiavel
Webcam - Razer Kiyo;MagazineInfo;3050.71;10;2745.64;0.97;Produto com alta compatibilidade e desempenho confiavel
Webcam - Razer Kiyo;AmazonTech;2926.46;14;2516.76;0.95;Construido com materiais resistentes e duraveis
Webcam - Razer Kiyo;SubmarinoPlus;4765.61;16;4003.11;0.95;Produto com alta compatibilidade e desempenho confiavel
Webcam - Logitech StreamCam;PichauOnline;3123.69;4;2998.74;0.95;Facil instalacao e suporte garantido
Webcam - Razer Kiyo;MagazineInfo;1656.26;27;1209.07;0.87;Design moderno e otimizacao para melhor experiencia
Webcam - Logitech StreamCam;AmericanasDigital;3927.93;7;3652.97;0.88;Ideal para usuarios exigentes que buscam qualidade
Webcam - Razer Kiyo;ExtraDigital;2627.29;13;2285.74;0.96;Oferece excelente custo-beneficio e performance
Webcam - Microsoft LifeCam;TerabyteShop;3545.46;8;3261.82;0.95;Facil instalacao e suporte garantido
Webcam - Logitech StreamCam;SubmarinoPlus;3599.98;19;2915.98;0.91;Oferece excelente custo-beneficio e performance
Webcam - Razer Kiyo;PichauOnline;1868.46;1;1849.78;0.95;Construido com materiais resistentes e duraveis
Webcam - Microsoft LifeCam;AmazonTech;3492.65;23;2689.34;0.87;Alta durabilidade e garantia estendida
Webcam - Logitech StreamCam;SubmarinoPlus;619.88;0;619.88;0.98;Oferece excelente custo-beneficio e performance
Webcam - Razer Kiyo;KabumStore;3193.47;29;2267.36;0.97;Desempenho superior com baixo consumo de energia
Webcam - Microsoft LifeCam;PichauOnline;4101.52;24;3117.16;0.98;Design moderno e otimizacao para melhor experiencia
Webcam - Logitech StreamCam;SubmarinoPlus;1202.94;17;998.44;0.85;Produto com alta compatibilidade e desempenho confiavel
Webcam - Razer Kiyo;KabumStore;2417.81;5;2296.92;0.88;Oferece excelente custo-beneficio e performance
Webcam - Razer Kiyo;PichauOnline;4026.75;28;2899.26;0.94;Alta durabilidade e garantia estendida
Webcam - Microsoft LifeCam;KabumStore;4307.99;12;3791.03;0.87;Alta durabilidade e garantia estendida
Webcam - Microsoft LifeCam;ExtraDigital;293.06;29;208.07;0.96;Design moderno e otimizacao para melhor experiencia
Webcam - Microsoft LifeCam;TerabyteShop;2635.95;10;2372.36;0.88;Tecnologia avancada para maior velocidade e eficiencia
Webcam - Microsoft LifeCam;MercadoTech;969.3;26;717.28;0.88;Tecnologia avancada para maior velocidade e eficiencia
Webcam - Microsoft LifeCam;SubmarinoPlus;3457.52;13;3008.04;0.94;Oferece excelente custo-beneficio e performance
Webcam - Logitech StreamCam;MercadoTech;4586.13;1;4540.27;0.93;Alta durabilidade e garantia estendida
Webcam - Logitech StreamCam;MagazineInfo;605.14;25;453.86;0.87;Tecnologia avancada para maior velocidade e eficiencia
Webcam - Microsoft LifeCam;TerabyteShop;3637.56;4;3492.06;0.98;Facil instalacao e suporte garantido
Webcam - Logitech StreamCam;MagazineInfo;816.5;27;596.04;0.97;Alta durabilidade e garantia estendida
Webcam - Microsoft LifeCam;SubmarinoPlus;474.42;4;455.44;0.92;Perfeito para setups profissionais e gamers
Webcam - Razer Kiyo;ExtraDigital;1138.1;12;1001.53;0.98;Oferece excelente custo-beneficio e performance
Webcam - Razer Kiyo;ExtraDigital;3060.15;25;2295.11;0.93;Design moderno e otimizacao para melhor experiencia
Webcam - Razer Kiyo;FastShopTech;1292.13;9;1175.84;0.91;Oferece excelente custo-beneficio e performance
Webcam - Razer Kiyo;AmericanasDigital;4076.41;2;3994.88;0.92;Facil instalacao e suporte garantido
Webcam - Microsoft LifeCam;AmazonTech;544.61;22;424.8;0.93;Perfeito para setups profissionais e gamers
Webcam - Logitech StreamCam;FastShopTech;4124.35;16;3464.45;0.89;Alta durabilidade e garantia estendida
Webcam - Microsoft LifeCam;SubmarinoPlus;2651.71;4;2545.64;0.99;Perfeito para setups profissionais e gamers
Webcam - Razer Kiyo;KabumStore;2214.95;1;2192.8;0.94;Tecnologia avancada para maior velocidade e eficiencia
Webcam - Razer Kiyo;PichauOnline;3375.18;21;2666.39;0.93;Desempenho superior com baixo consumo de energia
Webcam - Razer Kiyo;SubmarinoPlus;3839.88;30;2687.92;0.96;Ideal para usuarios exigentes que buscam qualidade
Webcam - Logitech StreamCam;MercadoTech;1652.05;9;1503.37;0.85;Desempenho superior com baixo consumo de energia
Webcam - Razer Kiyo;KabumStore;4880.13;1;4831.33;0.99;Design moderno e otimizacao para melhor experiencia
Webcam - Logitech StreamCam;ExtraDigital;551.12;7;512.54;0.95;Oferece excelente custo-beneficio e performance
Webcam - Razer Kiyo;ExtraDigital;2385.3;4;2289.89;0.88;Alta durabilidade e garantia estendida
Webcam - Logitech StreamCam;PichauOnline;1605.6;19;1300.54;0.87;Facil instalacao e suporte garantido
Webcam - Microsoft LifeCam;MagazineInfo;2554.47;20;2043.58;0.97;Facil instalacao e suporte garantido
Webcam - Microsoft LifeCam;ExtraDigital;345.42;3;335.06;0.98;Produto com alta compatibilidade e desempenho confiavel
Webcam - Logitech StreamCam;SubmarinoPlus;3702.92;10;3332.63;0.88;Design moderno e otimizacao para melhor experiencia
Webcam - Logitech StreamCam;AmericanasDigital;4832.29;15;4107.45;0.98;Perfeito para setups profissionais e gamers
Webcam - Microsoft LifeCam;KabumStore;900.97;8;828.89;0.9;Ideal para usuarios exigentes que buscam qualidade
Webcam - Razer Kiyo;KabumStore;1492.43;24;1134.25;0.92;Ideal para usuarios exigentes que buscam qualidade
Webcam - Logitech StreamCam;AmericanasDigital;2130.14;7;1981.03;0.89;Construido com materiais resistentes e duraveis
Webcam - Razer Kiyo;KabumStore;394.75;26;292.12;0.99;Construido com materiais resistentes e duraveis
Webcam - Razer Kiyo;SubmarinoPlus;3180.21;16;2671.38;0.97;Design moderno e otimizacao para melhor experiencia
Webcam - Logitech StreamCam;ExtraDigital;3003.26;0;3003.26;0.87;Facil instalacao e suporte garantido
Webcam - Logitech StreamCam;SubmarinoPlus;766.97;19;621.25;0.92;Desempenho superior com baixo consumo de energia
Webcam - Razer Kiyo;SubmarinoPlus;2173.87;18;1782.57;0.97;Construido com materiais resistentes e duraveis
Webcam - Microsoft LifeCam;MagazineInfo;2984.89;18;2447.61;0.88;Perfeito para setups profissionais e gamers
Webcam - Microsoft LifeCam;MercadoTech;1130.01;0;1130.01;0.97;Desempenho superior com baixo consumo de energia
Webcam - Logitech StreamCam;AmazonTech;1478.97;30;1035.28;0.85;Alta durabilidade e garantia estendida
Webcam - Microsoft LifeCam;SubmarinoPlus;3806.8;20;3045.44;0.89;Design moderno e otimizacao para melhor experiencia
Webcam - Logitech StreamCam;MagazineInfo;654.19;6;614.94;0.86;Perfeito para setups profissionais e gamers
Webcam - Microsoft LifeCam;MercadoTech;3937.82;10;3544.04;0.97;Ideal para usuarios exigentes que buscam qualidade
Webcam - Microsoft LifeCam;SubmarinoPlus;2951.39;21;2331.6;0.95;Ideal para usuarios exigentes que buscam qualidade
Webcam - Razer Kiyo;KabumStore;4171.11;16;3503.73;0.91;Oferece excelente custo-beneficio e performance
Webcam - Logitech StreamCam;MercadoTech;3695.39;19;2993.27;0.91;Perfeito para setups profissionais e gamers
Webcam - Microsoft LifeCam;SubmarinoPlus;4778.22;28;3440.32;0.95;Alta durabilidade e garantia estendida
Webcam - Logitech StreamCam;TerabyteShop;4553.14;5;4325.48;0.85;Produto com alta compatibilidade e desempenho confiavel
Webcam - Microsoft LifeCam;PichauOnline;4569.63;14;3929.88;0.98;Ideal para usuarios exigentes que buscam qualidade
Webcam - Razer Kiyo;ExtraDigital;786.2;21;621.1;0.9;Facil instalacao e suporte garantido
Webcam - Logitech StreamCam;AmazonTech;4422.7;19;3582.39;0.89;Perfeito para setups profissionais e gamers
Webcam - Razer Kiyo;FastShopTech;387.95;20;310.36;0.97;Perfeito para setups profissionais e gamers
Webcam - Microsoft LifeCam;TerabyteShop;131.18;21;103.63;0.99;Alta durabilidade e garantia estendida
Webcam - Razer Kiyo;AmazonTech;4618.1;14;3971.57;0.93;Perfeito para setups profissionais e gamers
Webcam - Razer Kiyo;AmazonTech;465.68;18;381.86;0.96;Design moderno e otimizacao para melhor experiencia
Webcam - Microsoft LifeCam;FastShopTech;4760.78;0;4760.78;0.91;Produto com alta compatibilidade e desempenho confiavel
Webcam - Razer Kiyo;ExtraDigital;3310.56;19;2681.55;0.88;Construido com materiais resistentes e duraveis
Webcam - Logitech StreamCam;MagazineInfo;4940.23;5;4693.22;0.93;Design moderno e otimizacao para melhor experiencia
Webcam - Razer Kiyo;MagazineInfo;4235.1;19;3430.43;0.91;Tecnologia avancada para maior velocidade e eficiencia
Webcam - Razer Kiyo;SubmarinoPlus;4853.66;21;3834.39;0.92;Perfeito para setups profissionais e gamers
Webcam - Logitech StreamCam;SubmarinoPlus;2708.42;19;2193.82;0.96;Produto com alta compatibilidade e desempenho confiavel
Webcam - Razer Kiyo;ExtraDigital;4285.69;30;2999.98;0.9;Perfeito para setups profissionais e gamers
Webcam - Logitech StreamCam;SubmarinoPlus;4871.99;15;4141.19;0.95;Tecnologia avancada para maior velocidade e eficiencia
Webcam - Razer Kiyo;TerabyteShop;496.5;13;431.95;0.9;Tecnologia avancada para maior velocidade e eficiencia
Webcam - Razer Kiyo;MagazineInfo;3144.25;24;2389.63;0.85;Design moderno e otimizacao para melhor experiencia
Webcam - Razer Kiyo;PichauOnline;3684.29;21;2910.59;0.87;Construido com materiais resistentes e duraveis
Webcam - Microsoft LifeCam;AmazonTech;2677.47;0;2677.47;0.87;Produto com alta compatibilidade e desempenho confiavel
Webcam - Logitech StreamCam;MagazineInfo;2545.09;6;2392.38;0.92;Facil instalacao e suporte garantido
Webcam - Microsoft LifeCam;PichauOnline;877.2;21;692.99;0.87;Alta durabilidade e garantia estendida
Webcam - Logitech StreamCam;AmazonTech;136.8;5;129.96;0.93;Desempenho superior com baixo consumo de energia
Webcam - Microsoft LifeCam;MagazineInfo;912.83;28;657.24;0.96;Oferece excelente custo-beneficio e performance
Webcam - Microsoft LifeCam;AmazonTech;1648.68;22;1285.97;0.95;Construido com materiais resistentes e duraveis
Webcam - Logitech StreamCam;KabumStore;2548.96;10;2294.06;0.86;Alta durabilidade e garantia estendida
Webcam - Razer Kiyo;FastShopTech;4996.53;23;3847.33;0.94;Desempenho superior com baixo consumo de energia
Webcam - Microsoft LifeCam;SubmarinoPlus;2855.84;6;2684.49;0.93;Oferece excelente custo-beneficio e performance
Webcam - Microsoft LifeCam;TerabyteShop;4951.29;12;4357.14;0.93;Desempenho superior com baixo consumo de energia
Webcam - Logitech StreamCam;PichauOnline;1819.89;26;1346.72;0.97;Construido com materiais resistentes e duraveis
Webcam - Logitech StreamCam;SubmarinoPlus;231.63;23;178.36;0.91;Desempenho superior com baixo consumo de energia
Webcam - Razer Kiyo;TerabyteShop;3591.85;23;2765.72;0.89;Design moderno e otimizacao para melhor experiencia
Webcam - Razer Kiyo;SubmarinoPlus;2670.66;25;2002.99;0.95;Alta durabilidade e garantia estendida
Webcam - Microsoft LifeCam;ExtraDigital;2725.99;7;2535.17;0.95;Oferece excelente custo-beneficio e performance
Webcam - Logitech StreamCam;AmericanasDigital;2288.39;0;2288.39;0.89;Desempenho superior com baixo consumo de energia
Webcam - Logitech StreamCam;TerabyteShop;1483.24;16;1245.92;0.87;Oferece excelente custo-beneficio e performance
Webcam - Logitech StreamCam;AmericanasDigital;3798.21;20;3038.57;0.96;Tecnologia avancada para maior velocidade e eficiencia
Webcam - Microsoft LifeCam;TerabyteShop;2724.19;26;2015.9;0.92;Tecnologia avancada para maior velocidade e eficiencia
Webcam - Logitech StreamCam;FastShopTech;436.5;14;375.39;0.96;Perfeito para setups profissionais e gamers
Webcam - Microsoft LifeCam;KabumStore;1320.9;24;1003.88;0.92;Tecnologia avancada para maior velocidade e eficiencia
Webcam - Razer Kiyo;ExtraDigital;849.21;28;611.43;0.92;Desempenho superior com baixo consumo de energia
Webcam - Logitech StreamCam;TerabyteShop;3210.23;4;3081.82;0.93;Alta durabilidade e garantia estendida
Webcam - Razer Kiyo;ExtraDigital;310.44;24;235.93;0.92;Oferece excelente custo-beneficio e performance
Webcam - Microsoft LifeCam;AmericanasDigital;173.14;14;148.9;0.87;Ideal para usuarios exigentes que buscam qualidade
Webcam - Razer Kiyo;MagazineInfo;2448.91;23;1885.66;0.89;Facil instalacao e suporte garantido
Webcam - Razer Kiyo;AmazonTech;2428.38;15;2064.12;0.93;Produto com alta compatibilidade e desempenho confiavel
Webcam - Razer Kiyo;AmericanasDigital;1935.65;20;1548.52;0.86;Perfeito para setups profissionais e gamers
Webcam - Microsoft LifeCam;KabumStore;1987.98;18;1630.14;0.95;Design moderno e otimizacao para melhor experiencia
Webcam - Microsoft LifeCam;PichauOnline;3323.48;3;3223.78;0.97;Perfeito para setups profissionais e gamers
Webcam - Razer Kiyo;SubmarinoPlus;3006.74;0;3006.74;0.87;Perfeito para setups profissionais e gamers
Webcam - Logitech StreamCam;KabumStore;651.91;21;515.01;0.9;Oferece excelente custo-beneficio e performance
Webcam - Microsoft LifeCam;AmazonTech;1760.06;7;1636.86;0.86;Ideal para usuarios exigentes que buscam qualidade
Webcam - Microsoft LifeCam;PichauOnline;969.65;6;911.47;0.92;Design moderno e otimizacao para melhor experiencia
Webcam - Microsoft LifeCam;MagazineInfo;3400.9;16;2856.76;0.86;Alta durabilidade e garantia estendida
Webcam - Logitech StreamCam;SubmarinoPlus;2994.85;20;2395.88;0.99;Oferece excelente custo-beneficio e performance
Webcam - Razer Kiyo;AmericanasDigital;2720.99;22;2122.37;0.98;Construido com materiais resistentes e duraveis
Webcam - Logitech StreamCam;AmericanasDigital;1190.52;2;1166.71;0.87;Design moderno e otimizacao para melhor experiencia
Webcam - Razer Kiyo;PichauOnline;1313.14;29;932.33;0.89;Desempenho superior com baixo consumo de energia
Webcam - Microsoft LifeCam;AmericanasDigital;4603.83;13;4005.33;0.89;Facil instalacao e suporte garantido
Webcam - Logitech StreamCam;TerabyteShop;476.71;28;343.23;0.92;Facil instalacao e suporte garantido
Webcam - Microsoft LifeCam;FastShopTech;660.91;9;601.43;0.89;Tecnologia avancada para maior velocidade e eficiencia
Webcam - Microsoft LifeCam;KabumStore;2550.29;15;2167.75;0.98;Oferece excelente custo-beneficio e performance
Webcam - Razer Kiyo;TerabyteShop;1249.76;9;1137.28;0.93;Desempenho superior com baixo consumo de energia
Webcam - Logitech StreamCam;ExtraDigital;3582.98;16;3009.7;0.9;Facil instalacao e suporte garantido
Webcam - Microsoft LifeCam;AmazonTech;1691.5;30;1184.05;0.99;Design moderno e otimizacao para melhor experiencia
Webcam - Microsoft LifeCam;AmericanasDigital;659.97;30;461.98;0.9;Construido com materiais resistentes e duraveis
Webcam - Razer Kiyo;MagazineInfo;4137.47;12;3640.97;0.91;Facil instalacao e suporte garantido
Memoria RAM - G.Skill Ripjaws;ExtraDigital;1712.64;20;1370.11;0.96;Facil instalacao e suporte garantido
Memoria RAM - Corsair Vengeance;FastShopTech;3883.32;15;3300.82;0.86;Produto com alta compatibilidade e desempenho confiavel
Memoria RAM - G.Skill Ripjaws;PichauOnline;3177.5;2;3113.95;0.97;Design moderno e otimizacao para melhor experiencia
Memoria RAM - G.Skill Ripjaws;MercadoTech;3635.71;7;3381.21;0.93;Construido com materiais resistentes e duraveis
Memoria RAM - Kingston HyperX;MagazineInfo;3021.08;15;2567.92;0.94;Perfeito para setups profissionais e gamers
Memoria RAM - Corsair Vengeance;ExtraDigital;3846.35;4;3692.5;0.87;Ideal para usuarios exigentes que buscam qualidade
Memoria RAM - Corsair Vengeance;SubmarinoPlus;237.31;11;211.21;0.91;Facil instalacao e suporte garantido
Memoria RAM - Corsair Vengeance;MercadoTech;838.76;19;679.4;0.94;Produto com alta compatibilidade e desempenho confiavel
Memoria RAM - Corsair Vengeance;FastShopTech;581.47;10;523.32;0.93;Facil instalacao e suporte garantido
Memoria RAM - Kingston HyperX;SubmarinoPlus;1961.32;10;1765.19;0.87;Desempenho superior com baixo consumo de energia
Memoria RAM - Kingston HyperX;PichauOnline;4032.5;25;3024.38;0.88;Design moderno e otimizacao para melhor experiencia
Memoria RAM - Kingston HyperX;FastShopTech;4268.58;12;3756.35;0.96;Produto com alta compatibilidade e desempenho confiavel
Memoria RAM - Corsair Vengeance;AmazonTech;742.51;1;735.08;0.94;Facil instalacao e suporte garantido
Memoria RAM - Corsair Vengeance;FastShopTech;3064.44;22;2390.26;0.97;Produto com alta compatibilidade e desempenho confiavel
Memoria RAM - Corsair Vengeance;KabumStore;4877.72;13;4243.62;0.94;Facil instalacao e suporte garantido
Memoria RAM - G.Skill Ripjaws;KabumStore;1121.88;10;1009.69;0.98;Construido com materiais resistentes e duraveis
Memoria RAM - Corsair Vengeance;FastShopTech;3218.27;20;2574.62;0.85;Desempenho superior com baixo consumo de energia
Memoria RAM - G.Skill Ripjaws;SubmarinoPlus;4647.13;2;4554.19;0.88;Desempenho superior com baixo consumo de energia
Memoria RAM - Corsair Vengeance;TerabyteShop;4883.65;30;3418.55;0.98;Oferece excelente custo-beneficio e performance
Memoria RAM - Kingston HyperX;KabumStore;157.15;22;122.58;0.85;Oferece excelente custo-beneficio e performance
Memoria RAM - G.Skill Ripjaws;PichauOnline;4521.82;14;3888.77;0.9;Construido com materiais resistentes e duraveis
Memoria RAM - Corsair Vengeance;AmericanasDigital;4719.57;18;3870.05;0.9;Alta durabilidade e garantia estendida
Memoria RAM - Corsair Vengeance;FastShopTech;4897.53;5;4652.65;0.91;Ideal para usuarios exigentes que buscam qualidade
Memoria RAM - Kingston HyperX;TerabyteShop;4222.67;1;4180.44;0.96;Ideal para usuarios exigentes que buscam qualidade
Memoria RAM - Corsair Vengeance;MercadoTech;1687.12;11;1501.54;0.94;Ideal para usuarios exigentes que buscam qualidade
Memoria RAM - Kingston HyperX;AmericanasDigital;3701.38;0;3701.38;0.93;Alta durabilidade e garantia estendida
Memoria RAM - Kingston HyperX;KabumStore;1340.73;2;1313.92;0.87;Alta durabilidade e garantia estendida
Memoria RAM - Corsair Vengeance;PichauOnline;4353.0;28;3134.16;0.96;Produto com alta compatibilidade e desempenho confiavel
Memoria RAM - Corsair Vengeance;PichauOnline;3159.33;30;2211.53;0.94;Construido com materiais resistentes e duraveis
Memoria RAM - G.Skill Ripjaws;KabumStore;2446.01;21;1932.35;0.93;Facil instalacao e suporte garantido
Memoria RAM - Kingston HyperX;MagazineInfo;1401.49;27;1023.09;0.92;Tecnologia avancada para maior velocidade e eficiencia
Memoria RAM - Kingston HyperX;MagazineInfo;1958.14;29;1390.28;0.98;Tecnologia avancada para maior velocidade e eficiencia
Memoria RAM - G.Skill Ripjaws;TerabyteShop;3414.05;16;2867.8;0.98;Facil instalacao e suporte garantido
Memoria RAM - G.Skill Ripjaws;TerabyteShop;591.52;6;556.03;0.92;Perfeito para setups profissionais e gamers
Memoria RAM - Corsair Vengeance;ExtraDigital;3217.17;21;2541.56;0.93;Tecnologia avancada para maior velocidade e eficiencia
Memoria RAM - Corsair Vengeance;AmericanasDigital;1709.08;15;1452.72;0.91;Construido com materiais resistentes e duraveis
Memoria RAM - Corsair Vengeance;MercadoTech;1027.4;15;873.29;0.99;Desempenho superior com baixo consumo de energia
Memoria RAM - Kingston HyperX;KabumStore;2866.33;2;2809.0;0.88;Oferece excelente custo-beneficio e performance
Memoria RAM - Corsair Vengeance;AmazonTech;1427.52;1;1413.24;0.98;Desempenho superior com baixo consumo de energia
Memoria RAM - Kingston HyperX;AmericanasDigital;4708.66;10;4237.79;0.91;Desempenho superior com baixo consumo de energia
Memoria RAM - G.Skill Ripjaws;KabumStore;4692.95;18;3848.22;0.92;Perfeito para setups profissionais e gamers
Memoria RAM - Kingston HyperX;AmericanasDigital;4298.34;24;3266.74;0.86;Desempenho superior com baixo consumo de energia
Memoria RAM - Corsair Vengeance;AmazonTech;1538.86;8;1415.75;0.94;Perfeito para setups profissionais e gamers
Memoria RAM - G.Skill Ripjaws;KabumStore;773.23;10;695.91;0.91;Oferece excelente custo-beneficio e performance
Memoria RAM - Corsair Vengeance;TerabyteShop;3693.89;18;3028.99;0.94;Construido com materiais resistentes e duraveis
Memoria RAM - Corsair Vengeance;AmericanasDigital;2722.39;29;1932.9;0.88;Perfeito para setups profissionais e gamers
Memoria RAM - G.Skill Ripjaws;MagazineInfo;4027.57;15;3423.43;0.97;Construido com materiais resistentes e duraveis
Memoria RAM - Corsair Vengeance;PichauOnline;3041.26;4;2919.61;0.93;Design moderno e otimizacao para melhor experiencia
Memoria RAM - Corsair Vengeance;AmazonTech;1122.63;19;909.33;0.87;Perfeito para setups profissionais e gamers
Memoria RAM - Kingston HyperX;PichauOnline;2831.07;28;2038.37;0.85;Oferece excelente custo-beneficio e performance
Memoria RAM - G.Skill Ripjaws;ExtraDigital;4402.29;28;3169.65;0.91;Construido com materiais resistentes e duraveis
Memoria RAM - G.Skill Ripjaws;SubmarinoPlus;2146.57;10;1931.91;0.86;Oferece excelente custo-beneficio e performance
Memoria RAM - Kingston HyperX;SubmarinoPlus;1359.5;3;1318.71;0.96;Design moderno e otimizacao para melhor experiencia
Memoria RAM - G.Skill Ripjaws;MercadoTech;4449.04;23;3425.76;0.93;Oferece excelente custo-beneficio e performance
Memoria RAM - Corsair Vengeance;MagazineInfo;1022.08;22;797.22;0.95;Ideal para usuarios exigentes que buscam qualidade
Memoria RAM - Kingston HyperX;MercadoTech;4270.51;28;3074.77;0.91;Facil instalacao e suporte garantido
Memoria RAM - G.Skill Ripjaws;KabumStore;2839.13;22;2214.52;0.95;Perfeito para setups profissionais e gamers
Memoria RAM - Corsair Vengeance;AmazonTech;487.33;18;399.61;0.96;Design moderno e otimizacao para melhor experiencia
Memoria RAM - G.Skill Ripjaws;MagazineInfo;1429.91;24;1086.73;0.87;Design moderno e otimizacao para melhor experiencia
Memoria RAM - Kingston HyperX;PichauOnline;4385.89;10;3947.3;0.92;Tecnologia avancada para maior velocidade e eficiencia
Memoria RAM - Corsair Vengeance;ExtraDigital;3836.21;14;3299.14;0.91;Tecnologia avancada para maior velocidade e eficiencia
Memoria RAM - Kingston HyperX;SubmarinoPlus;3510.94;4;3370.5;0.88;Alta durabilidade e garantia estendida
Memoria RAM - Kingston HyperX;SubmarinoPlus;406.99;30;284.89;0.98;Produto com alta compatibilidade e desempenho confiavel
Memoria RAM - Kingston HyperX;PichauOnline;3235.91;11;2879.96;0.96;Oferece excelente custo-beneficio e performance
Memoria RAM - Corsair Vengeance;TerabyteShop;869.42;18;712.92;0.92;Tecnologia avancada para maior velocidade e eficiencia
Memoria RAM - Kingston HyperX;SubmarinoPlus;4824.16;7;4486.47;0.95;Ideal para usuarios exigentes que buscam qualidade
Memoria RAM - G.Skill Ripjaws;SubmarinoPlus;1319.8;25;989.85;0.98;Produto com alta compatibilidade e desempenho confiavel
Memoria RAM - Kingston HyperX;SubmarinoPlus;2410.43;4;2314.01;0.92;Alta durabilidade e garantia estendida
Memoria RAM - G.Skill Ripjaws;SubmarinoPlus;3110.42;19;2519.44;0.9;Design moderno e otimizacao para melhor experiencia
Memoria RAM - Kingston HyperX;MercadoTech;4512.45;30;3158.71;0.96;Construido com materiais resistentes e duraveis
Memoria RAM - Kingston HyperX;FastShopTech;1322.71;3;1283.03;0.87;Oferece excelente custo-beneficio e performance
Memoria RAM - Kingston HyperX;AmericanasDigital;698.58;21;551.88;0.92;Oferece excelente custo-beneficio e performance
Memoria RAM - Kingston HyperX;TerabyteShop;4261.0;3;4133.17;0.96;Desempenho superior com baixo consumo de energia
Memoria RAM - Corsair Vengeance;AmericanasDigital;2933.33;18;2405.33;0.89;Construido com materiais resistentes e duraveis
Memoria RAM - Corsair Vengeance;AmericanasDigital;310.51;14;267.04;0.95;Design moderno e otimizacao para melhor experiencia
Memoria RAM - Kingston HyperX;TerabyteShop;4593.01;27;3352.9;0.89;Ideal para usuarios exigentes que buscam qualidade
Memoria RAM - G.Skill Ripjaws;AmazonTech;4596.16;3;4458.28;0.95;Facil instalacao e suporte garantido
Memoria RAM - G.Skill Ripjaws;PichauOnline;692.76;27;505.71;0.89;Alta durabilidade e garantia estendida
Memoria RAM - Kingston HyperX;SubmarinoPlus;952.81;19;771.78;0.9;Produto com alta compatibilidade e desempenho confiavel
Memoria RAM - Corsair Vengeance;PichauOnline;3454.11;5;3281.4;0.94;Tecnologia avancada para maior velocidade e eficiencia
Memoria RAM - Kingston HyperX;TerabyteShop;422.9;6;397.53;0.99;Perfeito para setups profissionais e gamers
Memoria RAM - G.Skill Ripjaws;SubmarinoPlus;4129.86;23;3179.99;0.9;Ideal para usuarios exigentes que buscam qualidade
Memoria RAM - G.Skill Ripjaws;AmericanasDigital;2817.19;24;2141.06;0.91;Facil instalacao e suporte garantido
Memoria RAM - G.Skill Ripjaws;FastShopTech;4213.14;16;3539.04;0.98;Oferece excelente custo-beneficio e performance
Memoria RAM - Corsair Vengeance;AmazonTech;4344.99;23;3345.64;0.94;Facil instalacao e suporte garantido
Memoria RAM - Corsair Vengeance;AmazonTech;265.46;21;209.71;0.86;Desempenho superior com baixo consumo de energia
Memoria RAM - Kingston HyperX;SubmarinoPlus;330.3;2;323.69;0.93;Produto com alta compatibilidade e desempenho confiavel
Memoria RAM - Kingston HyperX;PichauOnline;964.59;29;684.86;0.91;Tecnologia avancada para maior velocidade e eficiencia
Memoria RAM - G.Skill Ripjaws;MagazineInfo;4086.58;15;3473.59;0.89;Design moderno e otimizacao para melhor experiencia
Memoria RAM - Kingston HyperX;PichauOnline;2559.11;8;2354.38;0.86;Construido com materiais resistentes e duraveis
Memoria RAM - Kingston HyperX;PichauOnline;4878.33;10;4390.5;0.86;Design moderno e otimizacao para melhor experiencia
Memoria RAM - Kingston HyperX;AmazonTech;1168.39;9;1063.23;0.97;Perfeito para setups profissionais e gamers
Memoria RAM - Kingston HyperX;KabumStore;1674.06;29;1188.58;0.97;Perfeito para setups profissionais e gamers
Memoria RAM - Kingston HyperX;FastShopTech;3020.37;26;2235.07;0.94;Facil instalacao e suporte garantido
Memoria RAM - Corsair Vengeance;AmericanasDigital;1062.76;14;913.97;0.85;Perfeito para setups profissionais e gamers
Memoria RAM - Kingston HyperX;TerabyteShop;121.95;29;86.58;0.86;Alta durabilidade e garantia estendida
Memoria RAM - G.Skill Ripjaws;KabumStore;439.98;8;404.78;0.95;Design moderno e otimizacao para melhor experiencia
Memoria RAM - Kingston HyperX;PichauOnline;3976.21;26;2942.4;0.86;Ideal para usuarios exigentes que buscam qualidade
Memoria RAM - Corsair Vengeance;SubmarinoPlus;2529.18;16;2124.51;0.86;Ideal para usuarios exigentes que buscam qualidade
Memoria RAM - Corsair Vengeance;ExtraDigital;3608.62;9;3283.84;0.94;Construido com materiais resistentes e duraveis
Memoria RAM - Corsair Vengeance;ExtraDigital;573.5;28;412.92;0.93;Tecnologia avancada para maior velocidade e eficiencia
Memoria RAM - G.Skill Ripjaws;PichauOnline;2659.09;26;1967.73;0.85;Alta durabilidade e garantia estendida
Memoria RAM - Corsair Vengeance;AmericanasDigital;2105.58;16;1768.69;0.88;Perfeito para setups profissionais e gamers
Memoria RAM - Corsair Vengeance;MercadoTech;1161.33;26;859.38;0.94;Produto com alta compatibilidade e desempenho confiavel
Memoria RAM - G.Skill Ripjaws;MagazineInfo;2811.06;2;2754.84;0.91;Desempenho superior com baixo consumo de energia
Memoria RAM - Kingston HyperX;FastShopTech;3669.65;15;3119.2;0.85;Ideal para usuarios exigentes que buscam qualidade
Memoria RAM - Kingston HyperX;AmericanasDigital;1571.01;22;1225.39;0.97;Facil instalacao e suporte garantido
Memoria RAM - G.Skill Ripjaws;ExtraDigital;2415.61;30;1690.93;0.94;Design moderno e otimizacao para melhor experiencia
Memoria RAM - Kingston HyperX;PichauOnline;850.84;6;799.79;0.91;Construido com materiais resistentes e duraveis
Memoria RAM - Corsair Vengeance;KabumStore;1609.4;3;1561.12;0.93;Alta durabilidade e garantia estendida
Memoria RAM - Kingston HyperX;KabumStore;2878.52;14;2475.53;0.96;Produto com alta compatibilidade e desempenho confiavel
Memoria RAM - G.Skill Ripjaws;PichauOnline;1216.08;16;1021.51;0.85;Construido com materiais resistentes e duraveis
Memoria RAM - G.Skill Ripjaws;FastShopTech;3186.19;19;2580.81;0.91;Tecnologia avancada para maior velocidade e eficiencia
Memoria RAM - Corsair Vengeance;AmazonTech;3730.75;15;3171.14;0.97;Alta durabilidade e garantia estendida
Memoria RAM - Corsair Vengeance;TerabyteShop;267.68;27;195.41;0.96;Produto com alta compatibilidade e desempenho confiavel
Memoria RAM - Corsair Vengeance;KabumStore;2074.29;7;1929.09;0.95;Alta durabilidade e garantia estendida
Memoria RAM - Kingston HyperX;AmazonTech;3358.76;17;2787.77;0.91;Desempenho superior com baixo consumo de energia
Memoria RAM - Kingston HyperX;AmericanasDigital;4882.68;30;3417.88;0.89;Design moderno e otimizacao para melhor experiencia
Memoria RAM - Corsair Vengeance;PichauOnline;3426.14;26;2535.34;0.97;Oferece excelente custo-beneficio e performance
Memoria RAM - Corsair Vengeance;TerabyteShop;2055.76;13;1788.51;0.93;Oferece excelente custo-beneficio e performance
Memoria RAM - Kingston HyperX;KabumStore;1801.1;25;1350.82;0.9;Alta durabilidade e garantia estendida
Memoria RAM - Kingston HyperX;FastShopTech;3992.26;23;3074.04;0.92;Oferece excelente custo-beneficio e performance
Memoria RAM - Corsair Vengeance;AmericanasDigital;988.77;23;761.35;0.85;Design moderno e otimizacao para melhor experiencia
Memoria RAM - Corsair Vengeance;MagazineInfo;4525.4;19;3665.57;0.85;Desempenho superior com baixo consumo de energia
Memoria RAM - G.Skill Ripjaws;TerabyteShop;4080.92;19;3305.55;0.96;Oferece excelente custo-beneficio e performance
Memoria RAM - Kingston HyperX;KabumStore;1954.85;5;1857.11;0.86;Ideal para usuarios exigentes que buscam qualidade
Memoria RAM - Corsair Vengeance;PichauOnline;4282.62;12;3768.71;0.89;Tecnologia avancada para maior velocidade e eficiencia
Memoria RAM - Corsair Vengeance;ExtraDigital;4365.74;19;3536.25;0.92;Ideal para usuarios exigentes que buscam qualidade
Memoria RAM - Kingston HyperX;ExtraDigital;1488.96;24;1131.61;0.87;Alta durabilidade e garantia estendida
Memoria RAM - Kingston HyperX;AmericanasDigital;3132.3;16;2631.13;0.87;Perfeito para setups profissionais e gamers
Memoria RAM - Kingston HyperX;FastShopTech;4481.77;17;3719.87;0.93;Desempenho superior com baixo consumo de energia
Memoria RAM - Kingston HyperX;SubmarinoPlus;458.05;13;398.5;0.97;Perfeito para setups profissionais e gamers
Memoria RAM - Kingston HyperX;AmazonTech;3306.25;30;2314.38;0.89;Tecnologia avancada para maior velocidade e eficiencia
Memoria RAM - Corsair Vengeance;MagazineInfo;4251.33;1;4208.82;0.93;Perfeito para setups profissionais e gamers
Memoria RAM - Kingston HyperX;AmazonTech;245.17;0;245.17;0.86;Facil instalacao e suporte garantido
Memoria RAM - Corsair Vengeance;SubmarinoPlus;3539.32;17;2937.64;0.87;Oferece excelente custo-beneficio e performance
Memoria RAM - G.Skill Ripjaws;MercadoTech;2652.84;12;2334.5;0.9;Alta durabilidade e garantia estendida
Memoria RAM - G.Skill Ripjaws;MercadoTech;2036.2;27;1486.43;0.89;Alta durabilidade e garantia estendida
Memoria RAM - Kingston HyperX;AmericanasDigital;2447.42;8;2251.63;0.87;Design moderno e otimizacao para melhor experiencia
Memoria RAM - Kingston HyperX;FastShopTech;4670.23;6;4390.02;0.94;Design moderno e otimizacao para melhor experiencia
Memoria RAM - G.Skill Ripjaws;AmazonTech;4498.64;17;3733.87;0.96;Design moderno e otimizacao para melhor experiencia
Memoria RAM - G.Skill Ripjaws;ExtraDigital;3175.65;28;2286.47;0.92;Facil instalacao e suporte garantido
Memoria RAM - G.Skill Ripjaws;ExtraDigital;3211.81;27;2344.62;0.96;Oferece excelente custo-beneficio e performance
Memoria RAM - G.Skill Ripjaws;AmericanasDigital;2373.94;11;2112.81;0.87;Oferece excelente custo-beneficio e performance
Memoria RAM - Kingston HyperX;FastShopTech;4310.84;20;3448.67;0.85;Ideal para usuarios exigentes que buscam qualidade
Memoria RAM - Kingston HyperX;KabumStore;4551.9;12;4005.67;0.94;Facil instalacao e suporte garantido
Memoria RAM - G.Skill Ripjaws;SubmarinoPlus;1991.58;13;1732.67;0.89;Design moderno e otimizacao para melhor experiencia
Memoria RAM - G.Skill Ripjaws;AmazonTech;4953.96;24;3765.01;0.92;Tecnologia avancada para maior velocidade e eficiencia
Memoria RAM - Corsair Vengeance;TerabyteShop;160.53;4;154.11;0.95;Tecnologia avancada para maior velocidade e eficiencia
Memoria RAM - G.Skill Ripjaws;MagazineInfo;227.75;3;220.92;0.96;Desempenho superior com baixo consumo de energia
Memoria RAM - G.Skill Ripjaws;FastShopTech;204.13;9;185.76;0.89;Construido com materiais resistentes e duraveis
Memoria RAM - Corsair Vengeance;MercadoTech;1552.92;20;1242.34;0.86;Construido com materiais resistentes e duraveis
Memoria RAM - Kingston HyperX;MercadoTech;4570.03;5;4341.53;0.9;Produto com alta compatibilidade e desempenho confiavel
Memoria RAM - G.Skill Ripjaws;MercadoTech;4438.24;26;3284.3;0.94;Desempenho superior com baixo consumo de energia
Memoria RAM - Kingston HyperX;MagazineInfo;3042.52;26;2251.46;0.88;Design moderno e otimizacao para melhor experiencia
Memoria RAM - Kingston HyperX;TerabyteShop;3323.13;23;2558.81;0.9;Produto com alta compatibilidade e desempenho confiavel
Memoria RAM - Kingston HyperX;KabumStore;4784.4;6;4497.34;0.94;Tecnologia avancada para maior velocidade e eficiencia
Memoria RAM - Corsair Vengeance;TerabyteShop;609.3;21;481.35;0.89;Perfeito para setups profissionais e gamers
Memoria RAM - Corsair Vengeance;MercadoTech;2266.75;0;2266.75;0.92;Design moderno e otimizacao para melhor experiencia
Memoria RAM - Kingston HyperX;MercadoTech;4699.3;2;4605.31;0.97;Ideal para usuarios exigentes que buscam qualidade
Memoria RAM - Kingston HyperX;KabumStore;2118.61;3;2055.05;0.93;Desempenho superior com baixo consumo de energia
Memoria RAM - Kingston HyperX;AmazonTech;3239.64;4;3110.05;0.9;Perfeito para setups profissionais e gamers
Memoria RAM - G.Skill Ripjaws;FastShopTech;1150.0;8;1058.0;0.93;Produto com alta compatibilidade e desempenho confiavel
Memoria RAM - G.Skill Ripjaws;PichauOnline;1941.2;6;1824.73;0.91;Oferece excelente custo-beneficio e performance
Memoria RAM - Kingston HyperX;SubmarinoPlus;973.58;10;876.22;0.95;Ideal para usuarios exigentes que buscam qualidade
Memoria RAM - Corsair Vengeance;ExtraDigital;181.3;19;146.85;0.85;Design moderno e otimizacao para melhor experiencia
Memoria RAM - Corsair Vengeance;PichauOnline;187.92;29;133.42;0.95;Desempenho superior com baixo consumo de energia
Memoria RAM - Corsair Vengeance;MagazineInfo;101.91;19;82.55;0.97;Design moderno e otimizacao para melhor experiencia
Memoria RAM - Corsair Vengeance;KabumStore;3875.15;28;2790.11;0.95;Tecnologia avancada para maior velocidade e eficiencia
Memoria RAM - Kingston HyperX;TerabyteShop;3330.19;18;2730.76;0.88;Design moderno e otimizacao para melhor experiencia
Memoria RAM - Corsair Vengeance;AmericanasDigital;2684.55;9;2442.94;0.9;Construido com materiais resistentes e duraveis
Memoria RAM - Corsair Vengeance;FastShopTech;1538.9;16;1292.68;0.91;Ideal para usuarios exigentes que buscam qualidade
Memoria RAM - Kingston HyperX;PichauOnline;3872.85;7;3601.75;0.97;Facil instalacao e suporte garantido
Memoria RAM - G.Skill Ripjaws;SubmarinoPlus;1446.66;1;1432.19;0.89;Perfeito para setups profissionais e gamers
Memoria RAM - G.Skill Ripjaws;SubmarinoPlus;1536.36;15;1305.91;0.87;Construido com materiais resistentes e duraveis
Memoria RAM - Kingston HyperX;MercadoTech;283.28;0;283.28;0.94;Tecnologia avancada para maior velocidade e eficiencia
Memoria RAM - Kingston HyperX;FastShopTech;3666.39;25;2749.79;0.96;Oferece excelente custo-beneficio e performance
Memoria RAM - G.Skill Ripjaws;MagazineInfo;4492.21;3;4357.44;0.97;Perfeito para setups profissionais e gamers
Memoria RAM - G.Skill Ripjaws;AmericanasDigital;2413.24;9;2196.05;0.91;Produto com alta compatibilidade e desempenho confiavel
Memoria RAM - G.Skill Ripjaws;MagazineInfo;3485.71;18;2858.28;0.96;Oferece excelente custo-beneficio e performance
Memoria RAM - G.Skill Ripjaws;FastShopTech;3868.06;27;2823.68;0.91;Perfeito para setups profissionais e gamers
Memoria RAM - G.Skill Ripjaws;AmazonTech;1379.63;14;1186.48;0.92;Desempenho superior com baixo consumo de energia
Memoria RAM - G.Skill Ripjaws;TerabyteShop;4132.22;26;3057.84;0.93;Construido com materiais resistentes e duraveis
Memoria RAM - Kingston HyperX;ExtraDigital;3904.72;18;3201.87;0.96;Construido com materiais resistentes e duraveis
Memoria RAM - Corsair Vengeance;AmericanasDigital;1232.01;26;911.69;0.97;Produto com alta compatibilidade e desempenho confiavel
Memoria RAM - Kingston HyperX;ExtraDigital;3920.85;9;3567.97;0.94;Construido com materiais resistentes e duraveis
Memoria RAM - Kingston HyperX;TerabyteShop;2574.61;9;2342.9;0.86;Alta durabilidade e garantia estendida
Memoria RAM - G.Skill Ripjaws;FastShopTech;4892.12;3;4745.36;0.98;Design moderno e otimizacao para melhor experiencia
Memoria RAM - G.Skill Ripjaws;ExtraDigital;2902.56;2;2844.51;0.87;Facil instalacao e suporte garantido
Memoria RAM - Corsair Vengeance;MagazineInfo;1407.39;0;1407.39;0.9;Design moderno e otimizacao para melhor experiencia
Memoria RAM - G.Skill Ripjaws;ExtraDigital;4030.43;6;3788.6;0.98;Produto com alta compatibilidade e desempenho confiavel
Memoria RAM - G.Skill Ripjaws;AmericanasDigital;856.22;28;616.48;0.88;Facil instalacao e suporte garantido
Memoria RAM - Kingston HyperX;KabumStore;3867.54;5;3674.16;0.89;Construido com materiais resistentes e duraveis
Memoria RAM - G.Skill Ripjaws;FastShopTech;3828.98;28;2756.87;0.89;Desempenho superior com baixo consumo de energia
Memoria RAM - Kingston HyperX;FastShopTech;4210.86;17;3495.01;0.85;Alta durabilidade e garantia estendida
Memoria RAM - G.Skill Ripjaws;AmazonTech;1361.82;26;1007.75;0.96;Design moderno e otimizacao para melhor experiencia
Memoria RAM - Kingston HyperX;ExtraDigital;3052.65;6;2869.49;0.9;Perfeito para setups profissionais e gamers
Memoria RAM - Corsair Vengeance;FastShopTech;800.47;25;600.35;0.96;Ideal para usuarios exigentes que buscam qualidade
Memoria RAM - G.Skill Ripjaws;PichauOnline;4067.46;11;3620.04;0.94;Alta durabilidade e garantia estendida
Memoria RAM - Corsair Vengeance;SubmarinoPlus;4076.77;3;3954.47;0.88;Ideal para usuarios exigentes que buscam qualidade
Fonte - Corsair RM;AmazonTech;505.07;12;444.46;0.98;Facil instalacao e suporte garantido
Fonte - CoolerMaster Elite;AmericanasDigital;2056.68;17;1707.04;0.92;Produto com alta compatibilidade e desempenho confiavel
Fonte - Corsair RM;TerabyteShop;738.0;4;708.48;0.95;Construido com materiais resistentes e duraveis
Fonte - CoolerMaster Elite;KabumStore;2480.27;12;2182.64;0.95;Oferece excelente custo-beneficio e performance
Fonte - EVGA SuperNova;KabumStore;3061.21;11;2724.48;0.86;Facil instalacao e suporte garantido
Fonte - EVGA SuperNova;FastShopTech;3098.85;1;3067.86;0.91;Design moderno e otimizacao para melhor experiencia
Fonte - CoolerMaster Elite;TerabyteShop;923.29;27;674.0;0.89;Oferece excelente custo-beneficio e performance
Fonte - CoolerMaster Elite;AmazonTech;4641.65;19;3759.74;0.89;Facil instalacao e suporte garantido
Fonte - EVGA SuperNova;MagazineInfo;2293.76;10;2064.38;0.88;Alta durabilidade e garantia estendida
Fonte - Corsair RM;TerabyteShop;707.87;5;672.48;0.96;Ideal para usuarios exigentes que buscam qualidade
Fonte - EVGA SuperNova;FastShopTech;4293.92;16;3606.89;0.91;Construido com materiais resistentes e duraveis
Fonte - CoolerMaster Elite;MercadoTech;2754.56;1;2727.01;0.9;Desempenho superior com baixo consumo de energia
Fonte - CoolerMaster Elite;TerabyteShop;2715.39;19;2199.47;0.94;Oferece excelente custo-beneficio e performance
Fonte - CoolerMaster Elite;AmericanasDigital;178.53;12;157.11;0.89;Design moderno e otimizacao para melhor experiencia
Fonte - CoolerMaster Elite;MagazineInfo;2536.03;2;2485.31;0.94;Ideal para usuarios exigentes que buscam qualidade
Fonte - Corsair RM;MagazineInfo;836.85;30;585.79;0.98;Construido com materiais resistentes e duraveis
Fonte - Corsair RM;FastShopTech;736.23;17;611.07;0.97;Produto com alta compatibilidade e desempenho confiavel
Fonte - EVGA SuperNova;AmazonTech;505.6;5;480.32;0.86;Desempenho superior com baixo consumo de energia
Fonte - EVGA SuperNova;MercadoTech;1370.62;4;1315.8;0.95;Alta durabilidade e garantia estendida
Fonte - CoolerMaster Elite;MercadoTech;764.67;6;718.79;0.91;Facil instalacao e suporte garantido
Fonte - CoolerMaster Elite;KabumStore;1574.28;27;1149.22;0.97;Desempenho superior com baixo consumo de energia
Fonte - Corsair RM;TerabyteShop;1718.19;12;1512.01;0.95;Ideal para usuarios exigentes que buscam qualidade
Fonte - EVGA SuperNova;SubmarinoPlus;3144.04;0;3144.04;0.88;Design moderno e otimizacao para melhor experiencia
Fonte - EVGA SuperNova;FastShopTech;1699.56;22;1325.66;0.91;Facil instalacao e suporte garantido
Fonte - CoolerMaster Elite;KabumStore;4062.2;25;3046.65;0.96;Desempenho superior com baixo consumo de energia
Fonte - CoolerMaster Elite;TerabyteShop;795.83;1;787.87;0.91;Design moderno e otimizacao para melhor experiencia
Fonte - EVGA SuperNova;SubmarinoPlus;4238.76;5;4026.82;0.94;Alta durabilidade e garantia estendida
Fonte - Corsair RM;AmazonTech;934.36;20;747.49;0.88;Oferece excelente custo-beneficio e performance
Fonte - Corsair RM;MagazineInfo;320.85;15;272.72;0.94;Desempenho superior com baixo consumo de energia
Fonte - Corsair RM;KabumStore;4181.56;27;3052.54;0.96;Perfeito para setups profissionais e gamers
Fonte - Corsair RM;FastShopTech;372.85;0;372.85;0.98;Tecnologia avancada para maior velocidade e eficiencia
Fonte - CoolerMaster Elite;MercadoTech;480.99;23;370.36;0.98;Construido com materiais resistentes e duraveis
Fonte - Corsair RM;SubmarinoPlus;604.28;30;423.0;0.89;Desempenho superior com baixo consumo de energia
Fonte - CoolerMaster Elite;MagazineInfo;2986.54;23;2299.64;0.97;Facil instalacao e suporte garantido
Fonte - EVGA SuperNova;AmericanasDigital;3987.34;23;3070.25;0.96;Oferece excelente custo-beneficio e performance
Fonte - EVGA SuperNova;FastShopTech;3489.32;11;3105.49;0.87;Produto com alta compatibilidade e desempenho confiavel
Fonte - CoolerMaster Elite;SubmarinoPlus;2346.01;1;2322.55;0.87;Produto com alta compatibilidade e desempenho confiavel
Fonte - CoolerMaster Elite;ExtraDigital;1539.97;7;1432.17;0.87;Perfeito para setups profissionais e gamers
Fonte - EVGA SuperNova;MagazineInfo;4502.81;6;4232.64;0.92;Tecnologia avancada para maior velocidade e eficiencia
Fonte - EVGA SuperNova;FastShopTech;1566.18;1;1550.52;0.91;Construido com materiais resistentes e duraveis
Fonte - Corsair RM;TerabyteShop;2241.86;0;2241.86;0.9;Alta durabilidade e garantia estendida
Fonte - CoolerMaster Elite;KabumStore;1984.16;21;1567.49;0.9;Construido com materiais resistentes e duraveis
Fonte - Corsair RM;KabumStore;1363.73;7;1268.27;0.85;Oferece excelente custo-beneficio e performance
Fonte - CoolerMaster Elite;PichauOnline;1996.39;26;1477.33;0.94;Ideal para usuarios exigentes que buscam qualidade
Fonte - EVGA SuperNova;KabumStore;3855.27;4;3701.06;0.94;Construido com materiais resistentes e duraveis
Fonte - EVGA SuperNova;MagazineInfo;3984.88;27;2908.96;0.91;Alta durabilidade e garantia estendida
Fonte - EVGA SuperNova;TerabyteShop;2379.47;1;2355.68;0.96;Ideal para usuarios exigentes que buscam qualidade
Fonte - EVGA SuperNova;PichauOnline;1138.99;9;1036.48;0.96;Construido com materiais resistentes e duraveis
Fonte - CoolerMaster Elite;FastShopTech;1242.52;20;994.02;0.96;Alta durabilidade e garantia estendida
Fonte - EVGA SuperNova;FastShopTech;4486.7;18;3679.09;0.89;Oferece excelente custo-beneficio e performance
Fonte - CoolerMaster Elite;KabumStore;1318.77;29;936.33;0.99;Construido com materiais resistentes e duraveis
Fonte - Corsair RM;SubmarinoPlus;3538.75;9;3220.26;0.91;Produto com alta compatibilidade e desempenho confiavel
Fonte - EVGA SuperNova;AmericanasDigital;1485.8;16;1248.07;0.86;Produto com alta compatibilidade e desempenho confiavel
Fonte - EVGA SuperNova;MercadoTech;3308.6;30;2316.02;0.9;Tecnologia avancada para maior velocidade e eficiencia
Fonte - EVGA SuperNova;ExtraDigital;1310.02;29;930.11;0.87;Oferece excelente custo-beneficio e performance
Fonte - CoolerMaster Elite;KabumStore;1834.77;4;1761.38;0.99;Produto com alta compatibilidade e desempenho confiavel
Fonte - EVGA SuperNova;SubmarinoPlus;4911.89;9;4469.82;0.98;Facil instalacao e suporte garantido
Fonte - CoolerMaster Elite;MagazineInfo;92.05;20;73.64;0.89;Produto com alta compatibilidade e desempenho confiavel
Fonte - CoolerMaster Elite;MagazineInfo;4496.63;6;4226.83;0.94;Facil instalacao e suporte garantido
Fonte - CoolerMaster Elite;MercadoTech;3581.33;18;2936.69;0.91;Alta durabilidade e garantia estendida
Fonte - EVGA SuperNova;AmazonTech;1740.63;25;1305.47;0.86;Design moderno e otimizacao para melhor experiencia
Fonte - Corsair RM;AmericanasDigital;2409.63;23;1855.42;0.9;Facil instalacao e suporte garantido
Fonte - Corsair RM;KabumStore;1451.96;23;1118.01;0.99;Ideal para usuarios exigentes que buscam qualidade
Fonte - Corsair RM;KabumStore;1729.54;16;1452.81;0.88;Design moderno e otimizacao para melhor experiencia
Fonte - EVGA SuperNova;MagazineInfo;1685.39;20;1348.31;0.88;Oferece excelente custo-beneficio e performance
Fonte - CoolerMaster Elite;AmericanasDigital;2560.11;16;2150.49;0.94;Construido com materiais resistentes e duraveis
Fonte - CoolerMaster Elite;AmericanasDigital;2716.23;7;2526.09;0.99;Construido com materiais resistentes e duraveis
Fonte - EVGA SuperNova;FastShopTech;661.28;10;595.15;0.89;Construido com materiais resistentes e duraveis
Fonte - Corsair RM;MercadoTech;661.42;1;654.81;0.87;Oferece excelente custo-beneficio e performance
Fonte - CoolerMaster Elite;MercadoTech;4311.18;27;3147.16;0.92;Alta durabilidade e garantia estendida
Fonte - EVGA SuperNova;ExtraDigital;4212.64;20;3370.11;0.97;Construido com materiais resistentes e duraveis
Fonte - Corsair RM;PichauOnline;1316.24;11;1171.45;0.93;Construido com materiais resistentes e duraveis
Fonte - CoolerMaster Elite;FastShopTech;504.29;15;428.65;0.89;Desempenho superior com baixo consumo de energia
Fonte - CoolerMaster Elite;FastShopTech;4906.78;6;4612.37;0.88;Tecnologia avancada para maior velocidade e eficiencia
Fonte - CoolerMaster Elite;KabumStore;3578.78;13;3113.54;0.94;Ideal para usuarios exigentes que buscam qualidade
Fonte - Corsair RM;FastShopTech;1315.32;13;1144.33;0.92;Alta durabilidade e garantia estendida
Fonte - EVGA SuperNova;AmazonTech;1928.1;28;1388.23;0.86;Tecnologia avancada para maior velocidade e eficiencia
Fonte - CoolerMaster Elite;PichauOnline;3590.39;4;3446.77;0.95;Design moderno e otimizacao para melhor experiencia
Fonte - EVGA SuperNova;AmericanasDigital;2251.7;24;1711.29;0.89;Desempenho superior com baixo consumo de energia
Fonte - Corsair RM;MagazineInfo;3370.23;2;3302.83;0.93;Alta durabilidade e garantia estendida
Fonte - Corsair RM;TerabyteShop;3619.35;13;3148.83;0.85;Tecnologia avancada para maior velocidade e eficiencia
Fonte - Corsair RM;AmazonTech;323.39;15;274.88;0.96;Oferece excelente custo-beneficio e performance
Fonte - Corsair RM;ExtraDigital;4240.26;22;3307.4;0.93;Oferece excelente custo-beneficio e performance
Fonte - Corsair RM;MagazineInfo;3149.01;18;2582.19;0.89;Tecnologia avancada para maior velocidade e eficiencia
Fonte - CoolerMaster Elite;AmericanasDigital;3395.58;16;2852.29;0.9;Desempenho superior com baixo consumo de energia
Fonte - EVGA SuperNova;MercadoTech;4062.79;0;4062.79;0.93;Produto com alta compatibilidade e desempenho confiavel
Fonte - Corsair RM;MagazineInfo;3013.13;17;2500.9;0.96;Facil instalacao e suporte garantido
Fonte - Corsair RM;KabumStore;1765.86;2;1730.54;0.96;Desempenho superior com baixo consumo de energia
Fonte - CoolerMaster Elite;FastShopTech;1161.99;5;1103.89;0.85;Perfeito para setups profissionais e gamers
Fonte - CoolerMaster Elite;AmericanasDigital;4720.39;2;4625.98;0.98;Construido com materiais resistentes e duraveis
Fonte - EVGA SuperNova;MercadoTech;3709.16;6;3486.61;0.87;Tecnologia avancada para maior velocidade e eficiencia
Fonte - Corsair RM;FastShopTech;1320.12;25;990.09;0.93;Desempenho superior com baixo consumo de energia
Fonte - Corsair RM;TerabyteShop;2676.23;11;2381.84;0.92;Construido com materiais resistentes e duraveis
Fonte - CoolerMaster Elite;FastShopTech;4494.14;19;3640.25;0.92;Construido com materiais resistentes e duraveis
Fonte - Corsair RM;KabumStore;1690.88;17;1403.43;0.87;Facil instalacao e suporte garantido
Fonte - Corsair RM;PichauOnline;2038.17;28;1467.48;0.98;Facil instalacao e suporte garantido
Fonte - CoolerMaster Elite;KabumStore;589.11;20;471.29;0.96;Produto com alta compatibilidade e desempenho confiavel
Fonte - EVGA SuperNova;KabumStore;4911.8;9;4469.74;0.86;Tecnologia avancada para maior velocidade e eficiencia
Fonte - EVGA SuperNova;MercadoTech;3018.22;5;2867.31;0.88;Produto com alta compatibilidade e desempenho confiavel
Fonte - Corsair RM;KabumStore;1757.07;5;1669.22;0.92;Alta durabilidade e garantia estendida
Fonte - CoolerMaster Elite;AmericanasDigital;4196.76;20;3357.41;0.92;Oferece excelente custo-beneficio e performance
Fonte - EVGA SuperNova;FastShopTech;588.02;28;423.37;0.92;Desempenho superior com baixo consumo de energia
Fonte - EVGA SuperNova;SubmarinoPlus;4433.08;22;3457.8;0.93;Oferece excelente custo-beneficio e performance
Fonte - Corsair RM;PichauOnline;1340.6;30;938.42;0.87;Alta durabilidade e garantia estendida
Fonte - CoolerMaster Elite;MagazineInfo;407.3;7;378.79;0.88;Desempenho superior com baixo consumo de energia
Fonte - EVGA SuperNova;MercadoTech;583.61;24;443.54;0.95;Perfeito para setups profissionais e gamers
Fonte - CoolerMaster Elite;AmericanasDigital;4024.52;3;3903.78;0.88;Ideal para usuarios exigentes que buscam qualidade
Fonte - Corsair RM;PichauOnline;2599.9;21;2053.92;0.92;Construido com materiais resistentes e duraveis
Fonte - Corsair RM;SubmarinoPlus;1337.85;15;1137.17;0.95;Alta durabilidade e garantia estendida
Fonte - EVGA SuperNova;MagazineInfo;3685.94;26;2727.6;0.86;Perfeito para setups profissionais e gamers
Fonte - Corsair RM;KabumStore;1404.13;30;982.89;0.87;Produto com alta compatibilidade e desempenho confiavel
Fonte - EVGA SuperNova;TerabyteShop;1639.06;13;1425.98;0.91;Alta durabilidade e garantia estendida
Fonte - CoolerMaster Elite;MercadoTech;2167.37;6;2037.33;0.92;Construido com materiais resistentes e duraveis
Fonte - Corsair RM;FastShopTech;1664.24;8;1531.1;0.9;Tecnologia avancada para maior velocidade e eficiencia
Fonte - CoolerMaster Elite;AmazonTech;2096.18;22;1635.02;0.97;Ideal para usuarios exigentes que buscam qualidade
Fonte - Corsair RM;ExtraDigital;2089.84;17;1734.57;0.86;Tecnologia avancada para maior velocidade e eficiencia
Fonte - Corsair RM;PichauOnline;4793.85;24;3643.33;0.87;Alta durabilidade e garantia estendida
Fonte - Corsair RM;AmazonTech;2580.44;25;1935.33;0.98;Alta durabilidade e garantia estendida
Fonte - CoolerMaster Elite;ExtraDigital;4917.94;16;4131.07;0.87;Facil instalacao e suporte garantido
Fonte - CoolerMaster Elite;AmazonTech;398.74;27;291.08;0.92;Alta durabilidade e garantia estendida
Fonte - CoolerMaster Elite;ExtraDigital;1345.07;9;1224.01;0.97;Design moderno e otimizacao para melhor experiencia
Fonte - Corsair RM;FastShopTech;2028.95;15;1724.61;0.92;Produto com alta compatibilidade e desempenho confiavel
Fonte - CoolerMaster Elite;AmericanasDigital;2555.53;26;1891.09;0.91;Design moderno e otimizacao para melhor experiencia
Fonte - CoolerMaster Elite;FastShopTech;3628.05;12;3192.68;0.88;Ideal para usuarios exigentes que buscam qualidade
Fonte - EVGA SuperNova;KabumStore;1421.61;26;1051.99;0.94;Design moderno e otimizacao para melhor experiencia
Fonte - EVGA SuperNova;ExtraDigital;467.56;8;430.16;0.85;Facil instalacao e suporte garantido
Fonte - Corsair RM;AmazonTech;1076.39;12;947.22;0.9;Design moderno e otimizacao para melhor experiencia
Fonte - Corsair RM;SubmarinoPlus;4415.72;5;4194.93;0.97;Desempenho superior com baixo consumo de energia
Fonte - EVGA SuperNova;AmericanasDigital;2233.53;13;1943.17;0.94;Produto com alta compatibilidade e desempenho confiavel
Fonte - Corsair RM;KabumStore;3359.99;4;3225.59;0.9;Facil instalacao e suporte garantido
Fonte - EVGA SuperNova;SubmarinoPlus;1013.96;13;882.15;0.87;Design moderno e otimizacao para melhor experiencia
Fonte - CoolerMaster Elite;FastShopTech;1914.97;0;1914.97;0.96;Perfeito para setups profissionais e gamers
Fonte - CoolerMaster Elite;MagazineInfo;3475.34;11;3093.05;0.92;Tecnologia avancada para maior velocidade e eficiencia
Fonte - Corsair RM;AmazonTech;3654.95;30;2558.46;0.87;Construido com materiais resistentes e duraveis
Fonte - Corsair RM;ExtraDigital;2848.94;22;2222.17;0.95;Produto com alta compatibilidade e desempenho confiavel
Fonte - Corsair RM;TerabyteShop;1533.38;5;1456.71;0.85;Produto com alta compatibilidade e desempenho confiavel
Fonte - CoolerMaster Elite;ExtraDigital;3093.42;23;2381.93;0.97;Desempenho superior com baixo consumo de energia
Fonte - Corsair RM;MagazineInfo;3279.62;28;2361.33;0.87;Oferece excelente custo-beneficio e performance
Fonte - Corsair RM;SubmarinoPlus;1853.41;12;1631.0;0.96;Produto com alta compatibilidade e desempenho confiavel
Fonte - CoolerMaster Elite;AmericanasDigital;3163.34;2;3100.07;0.93;Perfeito para setups profissionais e gamers
Fonte - CoolerMaster Elite;KabumStore;471.24;5;447.68;0.92;Produto com alta compatibilidade e desempenho confiavel
Fonte - Corsair RM;AmazonTech;1466.71;4;1408.04;0.85;Construido com materiais resistentes e duraveis
Fonte - Corsair RM;FastShopTech;2338.6;12;2057.97;0.98;Design moderno e otimizacao para melhor experiencia
Fonte - CoolerMaster Elite;ExtraDigital;4383.49;3;4251.99;0.98;Alta durabilidade e garantia estendida
Fonte - CoolerMaster Elite;MercadoTech;4467.5;3;4333.47;0.94;Desempenho superior com baixo consumo de energia
Fonte - Corsair RM;AmericanasDigital;3808.65;27;2780.31;0.89;Desempenho superior com baixo consumo de energia
Fonte - EVGA SuperNova;TerabyteShop;822.89;0;822.89;0.86;Construido com materiais resistentes e duraveis
Fonte - Corsair RM;AmazonTech;4397.58;30;3078.31;0.87;Facil instalacao e suporte garantido
Fonte - EVGA SuperNova;ExtraDigital;3181.25;9;2894.94;0.97;Perfeito para setups profissionais e gamers
Fonte - EVGA SuperNova;FastShopTech;1123.41;13;977.37;0.88;Desempenho superior com baixo consumo de energia
Fonte - CoolerMaster Elite;TerabyteShop;4183.01;26;3095.43;0.97;Ideal para usuarios exigentes que buscam qualidade
Fonte - CoolerMaster Elite;FastShopTech;2017.12;27;1472.5;0.97;Ideal para usuarios exigentes que buscam qualidade
Fonte - CoolerMaster Elite;FastShopTech;4918.41;15;4180.65;0.96;Produto com alta compatibilidade e desempenho confiavel
Fonte - EVGA SuperNova;MagazineInfo;1327.16;9;1207.72;0.95;Oferece excelente custo-beneficio e performance
Fonte - EVGA SuperNova;MagazineInfo;91.38;14;78.59;0.94;Perfeito para setups profissionais e gamers
Fonte - Corsair RM;MagazineInfo;1054.36;9;959.47;0.92;Oferece excelente custo-beneficio e performance
Fonte - CoolerMaster Elite;ExtraDigital;4684.7;15;3981.99;0.9;Design moderno e otimizacao para melhor experiencia
Fonte - CoolerMaster Elite;MercadoTech;3789.97;11;3373.07;0.93;Perfeito para setups profissionais e gamers
Fonte - Corsair RM;AmericanasDigital;1084.63;15;921.94;0.98;Facil instalacao e suporte garantido
Fonte - EVGA SuperNova;KabumStore;3376.31;26;2498.47;0.9;Produto com alta compatibilidade e desempenho confiavel
Fonte - EVGA SuperNova;SubmarinoPlus;1319.26;14;1134.56;0.86;Ideal para usuarios exigentes que buscam qualidade
Fonte - EVGA SuperNova;TerabyteShop;2881.86;19;2334.31;0.98;Tecnologia avancada para maior velocidade e eficiencia
Fonte - EVGA SuperNova;AmazonTech;2962.83;25;2222.12;0.97;Ideal para usuarios exigentes que buscam qualidade
Fonte - CoolerMaster Elite;ExtraDigital;1000.34;18;820.28;0.86;Design moderno e otimizacao para melhor experiencia
Fonte - Corsair RM;ExtraDigital;1830.81;18;1501.26;0.93;Produto com alta compatibilidade e desempenho confiavel
Fonte - CoolerMaster Elite;TerabyteShop;615.65;15;523.3;0.9;Tecnologia avancada para maior velocidade e eficiencia
Fonte - CoolerMaster Elite;ExtraDigital;2965.91;6;2787.96;0.94;Ideal para usuarios exigentes que buscam qualidade
Fonte - Corsair RM;TerabyteShop;3137.49;11;2792.37;0.87;Alta durabilidade e garantia estendida
Fonte - CoolerMaster Elite;TerabyteShop;2980.61;7;2771.97;0.99;Desempenho superior com baixo consumo de energia
Fonte - CoolerMaster Elite;MercadoTech;3100.81;29;2201.58;0.92;Tecnologia avancada para maior velocidade e eficiencia
Fonte - EVGA SuperNova;SubmarinoPlus;4564.77;5;4336.53;0.9;Produto com alta compatibilidade e desempenho confiavel
Fonte - EVGA SuperNova;MercadoTech;852.43;20;681.94;0.88;Desempenho superior com baixo consumo de energia
Fonte - EVGA SuperNova;ExtraDigital;1106.4;0;1106.4;0.94;Oferece excelente custo-beneficio e performance
Fonte - CoolerMaster Elite;MercadoTech;3976.95;2;3897.41;0.86;Perfeito para setups profissionais e gamers
Fonte - CoolerMaster Elite;ExtraDigital;4605.15;5;4374.89;0.95;Desempenho superior com baixo consumo de energia
Fonte - EVGA SuperNova;SubmarinoPlus;3028.87;5;2877.43;0.97;Ideal para usuarios exigentes que buscam qualidade
Fonte - CoolerMaster Elite;MagazineInfo;2758.31;4;2647.98;0.94;Facil instalacao e suporte garantido
Fonte - EVGA SuperNova;KabumStore;953.03;9;867.26;0.87;Construido com materiais resistentes e duraveis
Fonte - Corsair RM;MagazineInfo;2404.13;13;2091.59;0.88;Desempenho superior com baixo consumo de energia
Fonte - EVGA SuperNova;MagazineInfo;4054.68;11;3608.67;0.92;Facil instalacao e suporte garantido
Fonte - CoolerMaster Elite;MagazineInfo;3430.4;20;2744.32;0.9;Ideal para usuarios exigentes que buscam qualidade
Fonte - EVGA SuperNova;TerabyteShop;1660.48;10;1494.43;0.89;Alta durabilidade e garantia estendida
Fonte - EVGA SuperNova;AmericanasDigital;4127.25;24;3136.71;0.98;Design moderno e otimizacao para melhor experiencia
Fonte - Corsair RM;AmericanasDigital;2067.91;29;1468.22;0.94;Facil instalacao e suporte garantido
Fonte - CoolerMaster Elite;AmericanasDigital;185.55;14;159.57;0.86;Tecnologia avancada para maior velocidade e eficiencia
Fonte - CoolerMaster Elite;TerabyteShop;2266.05;19;1835.5;0.98;Tecnologia avancada para maior velocidade e eficiencia
Fonte - Corsair RM;AmericanasDigital;4635.5;8;4264.66;0.87;Perfeito para setups profissionais e gamers
Fonte - CoolerMaster Elite;ExtraDigital;4081.41;19;3305.94;0.89;Desempenho superior com baixo consumo de energia
Fonte - EVGA SuperNova;FastShopTech;3961.44;30;2773.01;0.93;Ideal para usuarios exigentes que buscam qualidade
Fonte - Corsair RM;MercadoTech;1434.96;26;1061.87;0.99;Desempenho superior com baixo consumo de energia
Fonte - EVGA SuperNova;ExtraDigital;550.09;16;462.08;0.97;Oferece excelente custo-beneficio e performance
Fonte - EVGA SuperNova;AmazonTech;572.23;21;452.06;0.92;Tecnologia avancada para maior velocidade e eficiencia
Fonte - EVGA SuperNova;AmazonTech;2915.31;28;2099.02;0.98;Perfeito para setups profissionais e gamers
Fonte - EVGA SuperNova;PichauOnline;1593.55;8;1466.07;0.85;Desempenho superior com baixo consumo de energia
Fonte - CoolerMaster Elite;MagazineInfo;2244.42;10;2019.98;0.93;Tecnologia avancada para maior velocidade e eficiencia
Fonte - EVGA SuperNova;ExtraDigital;2157.13;21;1704.13;0.88;Tecnologia avancada para maior velocidade e eficiencia
Fonte - CoolerMaster Elite;FastShopTech;4441.44;24;3375.49;0.89;Perfeito para setups profissionais e gamers
Fonte - CoolerMaster Elite;AmazonTech;853.95;6;802.71;0.97;Ideal para usuarios exigentes que buscam qualidade
Fonte - Corsair RM;SubmarinoPlus;3489.68;8;3210.51;0.94;Desempenho superior com baixo consumo de energia
Fonte - EVGA SuperNova;FastShopTech;809.09;27;590.64;0.89;Oferece excelente custo-beneficio e performance
